method,constructor_id,namespace,rpc_route,audit_status,evidence_or_gap,production_acceptance_status,production_acceptance_evidence
invokeAfterMsg,cb9f372d,invokeAfterMsg,,SESSION_TRANSPORT_WRAPPER_NOT_BUSINESS_METHOD,Unwrapped in session before BFF dispatch,TRANSPORT_ONLY,Unwrapped in session before BFF dispatch; not a business-flow acceptance.
invokeAfterMsgs,3dc4b4f0,invokeAfterMsgs,,SESSION_TRANSPORT_WRAPPER_NOT_BUSINESS_METHOD,Unwrapped in session before BFF dispatch,TRANSPORT_ONLY,Unwrapped in session before BFF dispatch; not a business-flow acceptance.
initConnection,c1cd5ea9,initConnection,,SESSION_TRANSPORT_WRAPPER_NOT_BUSINESS_METHOD,Unwrapped in session before BFF dispatch,TRANSPORT_ONLY,Unwrapped in session before BFF dispatch; not a business-flow acceptance.
invokeWithLayer,da9b0d0d,invokeWithLayer,,SESSION_TRANSPORT_WRAPPER_NOT_BUSINESS_METHOD,Unwrapped in session before BFF dispatch,TRANSPORT_ONLY,Unwrapped in session before BFF dispatch; not a business-flow acceptance.
invokeWithoutUpdates,bf9459b7,invokeWithoutUpdates,,SESSION_TRANSPORT_WRAPPER_NOT_BUSINESS_METHOD,Unwrapped in session before BFF dispatch,TRANSPORT_ONLY,Unwrapped in session before BFF dispatch; not a business-flow acceptance.
invokeWithMessagesRange,365275f2,invokeWithMessagesRange,,SESSION_TRANSPORT_WRAPPER_NOT_BUSINESS_METHOD,Unwrapped in session before BFF dispatch,TRANSPORT_ONLY,Unwrapped in session before BFF dispatch; not a business-flow acceptance.
invokeWithTakeout,aca9fd2e,invokeWithTakeout,,SESSION_TRANSPORT_WRAPPER_NOT_BUSINESS_METHOD,Unwrapped in session before BFF dispatch,TRANSPORT_ONLY,Unwrapped in session before BFF dispatch; not a business-flow acceptance.
invokeWithBusinessConnection,dd289f8e,invokeWithBusinessConnection,,SESSION_TRANSPORT_WRAPPER_NOT_BUSINESS_METHOD,Unwrapped in session before BFF dispatch,TRANSPORT_ONLY,Unwrapped in session before BFF dispatch; not a business-flow acceptance.
invokeWithGooglePlayIntegrity,1df92984,invokeWithGooglePlayIntegrity,,SESSION_TRANSPORT_WRAPPER_NOT_BUSINESS_METHOD,Unwrapped in session before BFF dispatch,TRANSPORT_ONLY,Unwrapped in session before BFF dispatch; not a business-flow acceptance.
invokeWithApnsSecret,0dae54f8,invokeWithApnsSecret,,SESSION_TRANSPORT_WRAPPER_NOT_BUSINESS_METHOD,Unwrapped in session before BFF dispatch,TRANSPORT_ONLY,Unwrapped in session before BFF dispatch; not a business-flow acceptance.
invokeWithReCaptcha,adbb0f94,invokeWithReCaptcha,,SESSION_TRANSPORT_WRAPPER_NOT_BUSINESS_METHOD,Unwrapped in session before BFF dispatch,TRANSPORT_ONLY,Unwrapped in session before BFF dispatch; not a business-flow acceptance.
auth.sendCode,a677244f,auth,/mtproto.RPCAuthorization/auth_sendCode,PARTIAL_COMPONENT_VERIFIED,"Login SMS and app challenges use the shared challenge service. Redis stores only a salted digest with TTL and bounded attempts; digests use HMAC-SHA256 with the separate Code.ChallengeSecret (minimum 32 bytes). HTTP delivery includes a random per-delivery ID and idempotency header, retries only transient network/5xx failures, and accepts HTTPS or loopback HTTP only. BFF supports TEAMGRAM_CODE_* deployment overrides, while missing provider or challenge secret still fails closed.",PARTIAL_COMPONENT_ONLY,"Prior component test evidence remains historical. No real SMS/email endpoint or credentials, rebuilt live session flow, trusted API credential registry, MFA acceptance, DC migration, staging validation, or production validation. This phase did not run tests or build."
auth.signUp,aac7b717,auth,/mtproto.RPCAuthorization/auth_signUp,KNOWN_INCOMPLETE_STATIC,app/bff/authorization/internal/core/auth.signUp_handler.go now normalizes both names and rejects invalid UTF-8/control characters and names over the backing VARCHAR(64) character limit before code consumption or account creation. Phone-number flood protection remains TODO; no full signup/session workflow acceptance. Auth-key binding now also rejects nil/zero hashes from authsession; user creation followed by binding failure can still leave an unbound account because user creation and authsession are separate services.,PARTIAL_COMPONENT_ONLY,"TestNormalizeSignupName passes: trims names, requires nonblank first name, allows empty optional last name, rejects invalid UTF-8/control characters and names over 64 Unicode runes. This is local validation only; no SMS, account-creation or session workflow was executed. Phone-number flood protection remains unimplemented."
auth.signIn,8d52a951,auth,/mtproto.RPCAuthorization/auth_signIn,PARTIAL_COMPONENT_VERIFIED,"Sign-in consumes the shared SMS challenge atomically and now also accepts only the verified emailVerificationCode form, consuming the purpose-bound login email challenge once; Google/Apple tokens remain rejected. Authsession bind errors and nil/zero bind hashes are propagated. Configured HTTP delivery applies timeout, status validation and bounded retries for network errors/5xx only.",PARTIAL_COMPONENT_ONLY,"Focused shared-service/provider and authorization package tests cover wrong codes, expiry, replay, concurrent single consumption, email challenge consumption and retry/fail-closed behavior. No real SMS/email delivery, rebuilt live sign-in flow, MFA acceptance, staging validation or production persistence validation."
auth.logOut,3e72ba19,auth,/mtproto.RPCAuthorization/auth_logOut,ROUTED_NOT_FUNCTIONALLY_ACCEPTED,auth.logOut now requires successful authsession unbind and propagates future-auth-token storage errors before returning the token. No complete client/session logout flow has been accepted; the plugin logout hook error is outside the current persistence fix.,NOT_ACCEPTED,Route evidence only; no full business-flow acceptance.
auth.resetAuthorizations,9fab0d1a,auth,/mtproto.RPCAuthorization/auth_resetAuthorizations,PARTIAL_ISOLATED_DB_VERIFIED,"TestAuthsessionResetAuthorizationAuditMySQL passed against the isolated teamgram_authsession_audit schema over bufconn gRPC: revoke-all preserves the current key and foreign user, tombstones only target sessions, invalidates permanent-key cache entries, and hash reset revokes only the matching authorization. BFF/session invocation, event delivery, and restart persistence were not tested.",PARTIAL_ISOLATED_DB_ONLY,"Service gRPC + MySQL acceptance only: TestAuthsessionResetAuthorizationAuditMySQL passed on layer229-audit-mysql/teamgram_authsession_audit with scoped fixture cleanup. No public Layer 229 BFF/session path, update delivery, or process restart acceptance."
auth.exportAuthorization,e5bfffcd,auth,/mtproto.RPCAuthorization/auth_exportAuthorization,PARTIAL_SESSION_VERIFIED,"The handler verifies an authorized source permanent auth key and requires an explicit local DC configuration. Its five-minute Redis credential binds source DC, target DC and source auth key; import later atomically binds the credential to one target auth key. No request can export to the configured source DC.",PARTIAL_ISOLATED_SESSION_E2E,"The earlier isolated WebSocket/session transfer remains valid. New DAO tests verify target-DC rejection, one-target claiming and Ready/Binding/Complete transitions; independent multi-DC service deployment, expiry and restart persistence remain unverified."
auth.importAuthorization,a57a7dad,auth,/mtproto.RPCAuthorization/auth_importAuthorization,PARTIAL_SESSION_VERIFIED,"Import requires the credential target DC to equal the explicitly configured local DC, atomically claims it for one target auth key, verifies the source binding and immutable user, then completes only after authsession returns a non-zero bind hash and a readback confirms the target key owns the same user. Nil/zero or unconfirmed binding leaves the Redis credential in recoverable Binding state; if Complete committed but its response was lost, the same target key can safely retry idempotently.",PARTIAL_ISOLATED_SESSION_E2E,"Focused DAO/core tests cover wrong DC, competing target keys, bind-failure retry, nil/zero bind responses that cannot complete the credential, and completion-response-loss retry. The earlier isolated session transfer predates independently configured source/target DC services; restart/expiry fault injection and cross-service transaction recovery remain unverified."
auth.bindTempAuthKey,cdd42a05,auth,/mtproto.RPCAuthorization/auth_bindTempAuthKey,ROUTED_NOT_FUNCTIONALLY_ACCEPTED,"BFF now rejects nil, short, and non-block-aligned encrypted frames before forwarding; authsession performs the authoritative decrypt and transactional temporary/permanent key binding. Full Layer 229 session handshake remains unaccepted.",NOT_ACCEPTED,"Input/provider gate tests and authsession component code only; no complete temporary-key handshake through session, authsession persistence, and restart."
auth.importBotAuthorization,67a3ff2c,auth,/mtproto.RPCAuthorization/auth_importBotAuthorization,KNOWN_INCOMPLETE_STATIC,"app/bff/authorization/internal/core/auth.importBotAuthorization_handler.go validates request shape and API syntax, then fails closed with METHOD_NOT_IMPL because no trusted API credential registry is configured; it does not bind a bot auth key from an unverified api_id/api_hash pair. Focused provider-gap tests cover this refusal.",BLOCKED_BY_IMPLEMENTATION_GAP,No trusted app credential registry or full bot-import/session acceptance exists; the refusal path is component-tested only.
auth.checkPassword,d18b4d16,auth,/mtproto.RPCAuthorization/auth_checkPassword,PARTIAL_COMPONENT_VERIFIED,"Validates the submitted SRP M1 against a short-lived, one-time challenge from the shared password record. Correct proof, wrong proof, expiry, and replay are covered by pkg/twofa tests; no live auth-session flow was available.",PARTIAL_COMPONENT_ONLY,"Validates the submitted SRP M1 against a short-lived, one-time challenge from the shared password record. Correct proof, wrong proof, expiry, and replay are covered by pkg/twofa tests; no live auth-session flow was available."
auth.requestPasswordRecovery,d897bc66,auth,/mtproto.RPCAuthorization/auth_requestPasswordRecovery,PARTIAL_COMPONENT_VERIFIED,"Recovery requests clear legacy local plaintext codes, issue a six-digit email challenge through the shared service and return SEND_CODE_UNAVAILABLE when no provider is configured. Configured HTTP email delivery validates endpoint/status and applies timeout plus ProviderRetryCount retries only for network errors/5xx; 4xx/3xx/empty endpoint fail closed. Focused tests cover unavailable-provider cleanup, stub delivery, digest-only challenge persistence and provider retry policy.",PARTIAL_COMPONENT_ONLY,"Local provider-stub/provider-policy tests only. No real email endpoint or credentials, successful live recovery session, staging validation or production validation."
auth.recoverPassword,37096c70,auth,/mtproto.RPCAuthorization/auth_recoverPassword,PARTIAL_COMPONENT_VERIFIED,"Recovery consumes the shared email challenge atomically before updating the password verifier; legacy locally stored codes are not accepted. Shared tests cover single consumption and replay denial, while focused password-state tests cover verifier replacement and reset-state cleanup.",PARTIAL_COMPONENT_ONLY,"Focused component tests only. No real email delivery, full user-service recovery flow, live session acceptance, staging validation or production validation."
auth.resendCode,cae47523,auth,/mtproto.RPCAuthorization/auth_resendCode,PARTIAL_COMPONENT_VERIFIED,"Resend issues a fresh SMS challenge through the shared provider and Redis store, with target rate limiting, digest-only persistence, TTL and single consumption. Configured HTTP delivery validates endpoint/status and retries only network errors/5xx using ProviderRetryCount; 4xx/3xx/empty endpoint fail closed. These properties are covered by shared/provider tests.",PARTIAL_COMPONENT_ONLY,"Shared-service/provider-policy tests and authorization package compilation only. No real SMS endpoint or credentials, alternate delivery acceptance, DC migration, staging validation or production validation."
auth.cancelCode,1f040578,auth,/mtproto.RPCAuthorization/auth_cancelCode,PARTIAL_COMPONENT_VERIFIED,Cancel removes the phone-code transaction and revokes both SMS and app challenge keys through the shared challenge service; shared store tests cover challenge deletion and replay denial.,PARTIAL_COMPONENT_ONLY,"Component behavior only. No rebuilt live cancel/sign-in workflow, real provider, staging validation or production validation."
auth.dropTempAuthKeys,8e48a188,auth,/mtproto.RPCAuthorization/auth_dropTempAuthKeys,KNOWN_INCOMPLETE_STATIC,app/bff/authorization/internal/core/auth.dropTempAuthKeys_handler.go validates the permanent auth key and now returns METHOD_NOT_IMPL because no temporary-key store/drop RPC exists; malformed requests return INPUT_REQUEST_INVALID. Focused provider-gap tests cover the refusal path.,BLOCKED_BY_IMPLEMENTATION_GAP,No temporary-key store/drop RPC or full business-flow acceptance exists.
auth.exportLoginToken,b7e085fe,auth,/mtproto.RPCQrCode/auth_exportLoginToken,PARTIAL_SESSION_VERIFIED,Redis QR creation and rotation use generation CAS and persist except_ids. Accepted is a recoverable binding claim; polling returns success only after authsession ownership is confirmed and Redis atomically commits Success. API credentials are format-checked only and LoginTokenMigrateTo is not implemented.,PARTIAL_ISOLATED_SESSION_E2E,"docker/web-isolated/probe-qrcode-flow.ts completed an unauthorised pending session export, a real logged-in fixture accept, and a success poll through WebSocket/session/BFF/Redis/authsession. Trusted app registration, multi-DC migration, expiry fault injection and production persistence remain unverified."
auth.importLoginToken,95ac5ce4,auth,/mtproto.RPCQrCode/auth_importLoginToken,PARTIAL_SESSION_VERIFIED,Import validates the token generation and exposes authorization only from Success after authsession user binding and password-state checks. New and Accepted remain polling states; multi-DC LoginTokenMigrateTo remains unavailable.,PARTIAL_ISOLATED_SESSION_E2E,"QR state-machine tests and the live isolated export/accept/success flow passed; the exact import-poll branch, trusted app registry, multi-DC migration and restart persistence remain unverified."
auth.acceptLoginToken,e894ad4d,auth,/mtproto.RPCQrCode/auth_acceptLoginToken,PARTIAL_SESSION_VERIFIED,"Acceptance enforces except_ids, atomically claims New as Accepted for one user, permits only that user to resume an ambiguous bind, confirms authsession ownership after RPC errors, then atomically commits Success. Authsession binding is transactionally single-owner and backed by a generated-column unique constraint migration.",PARTIAL_ISOLATED_SESSION_E2E,"QR DAO/core tests plus docker/web-isolated/probe-qrcode-flow.ts cover competing claims, same-user recovery, owner-only commit, ambiguous bind confirmation and a live fixture accept. Multi-DC migration and process-restart recovery remain unverified."
auth.checkRecoveryPassword,d36bf79,auth,/mtproto.RPCAuthorization/auth_checkRecoveryPassword,PARTIAL_COMPONENT_VERIFIED,"Recovery checks use the shared email challenge without consuming it, return expiry for an unissued legacy local code and preserve consumption for auth.recoverPassword. Focused tests cover legacy-code rejection; shared tests cover invalid codes, attempts and expiry.",PARTIAL_COMPONENT_ONLY,"Focused component tests only. No real email delivery, complete check-then-recover session, staging validation or production validation."
auth.importWebTokenAuthorization,2db873a9,auth,/mtproto.RPCAuthorization/auth_importWebTokenAuthorization,KNOWN_INCOMPLETE_STATIC,"app/bff/authorization/internal/core/auth.importWebTokenAuthorization_handler.go validates request shape/API syntax and rejects empty tokens, then returns METHOD_NOT_IMPL because no trusted web-token verifier is configured. Focused provider-gap tests cover the refusal path.",BLOCKED_BY_IMPLEMENTATION_GAP,No web-token verifier or full authorization flow exists; API credential validation is syntax-only.
auth.requestFirebaseSms,8e39261e,auth,/mtproto.RPCAuthorization/auth_requestFirebaseSms,PARTIAL_COMPONENT_VERIFIED,"The handler validates the phone-code transaction and Firebase attestation, requires the token phone to match the requested number, then issues a purpose-bound shared SMS challenge through the configured delivery provider and updates the transaction state only after delivery succeeds. Challenge creation is revoked on the subsequent phone-code write failure.",PARTIAL_COMPONENT_ONLY,"Focused authorization/provider tests and package compilation cover input rejection and provider-unavailable failure; no real Firebase/SMS credentials, live login flow, staging validation, or production acceptance exists."
auth.resetLoginEmail,7e960193,auth,/mtproto.RPCAuthorization/auth_resetLoginEmail,PARTIAL_COMPONENT_VERIFIED,"app/bff/authorization/internal/core/auth.resetLoginEmail_handler.go validates the existing phone challenge state and expiry, then reissues through the shared SMS challenge/provider before changing the sent-code state; missing provider returns SMS_CODE_CREATE_FAILED without success. Focused tests cover provider-unavailable refusal; shared challenge tests cover delivery cleanup and digest persistence.",PARTIAL_COMPONENT_ONLY,No real SMS endpoint or complete login-email reset/session acceptance exists.
auth.reportMissingCode,cb9deff6,auth,/mtproto.RPCAuthorization/auth_reportMissingCode,PARTIAL_COMPONENT_VERIFIED,"app/bff/authorization/internal/core/auth.reportMissingCode_handler.go validates phone and hash, then sends a purpose-bound report through the separately configured Code.ReportMissingCodeUrl provider; no endpoint remains fail-closed and provider failures are propagated.",PARTIAL_COMPONENT_ONLY,"pkg/code HTTP provider tests cover explicit endpoint selection, payload shape, status handling and refusal without configuration; authorization core tests cover BoolTrue delivery and provider failure. No real incident sink or live session/production acceptance."
auth.checkPaidAuth,56e59f9c,auth,/mtproto.RPCAuthorization/auth_checkPaidAuth,KNOWN_INCOMPLETE_STATIC,app/bff/authorization/internal/core/auth.checkPaidAuth_handler.go validates phone/hash/form shape and returns METHOD_NOT_IMPL because no payment form/provider exists; it no longer fabricates auth.sentCodePaymentRequired. Focused provider-gap tests cover refusal.,BLOCKED_BY_IMPLEMENTATION_GAP,No payment provider/form state or full business-flow acceptance exists.
auth.initPasskeyLogin,518ad0b7,auth,/mtproto.RPCPasskey/auth_initPasskeyLogin,PARTIAL_SESSION_VERIFIED,"app/bff/passkey creates a persisted WebAuthn discoverable-login challenge, enforces HTTPS RP/origin plus trusted-app allowlists, and wraps the returned options as a typed DataJSON TL object. The isolated configuration supplies an explicit HTTPS RP and fixture app allowlist; deployment must replace those values with its own RP and trusted app registry.",PARTIAL_ISOLATED_SESSION_E2E,docker/web-isolated/probe-passkey-options.ts logged in through WebSocket/session/BFF and parsed auth.initPasskeyLogin options with the configured RP and non-empty challenge; MySQL contained persisted login ceremony rows. No real authenticator or production authsession login was exercised.
auth.finishPasskeyLogin,9857ad07,auth,/mtproto.RPCPasskey/auth_finishPasskeyLogin,PARTIAL_COMPONENT_VERIFIED,"app/bff/passkey verifies the WebAuthn assertion, parses the client-required dc_id:user_id handle, rejects a handle from another DC or an unpaired/non-positive from_auth_key_id, updates the credential counter atomically, consumes the one-time challenge and binds the verified user to authsession. It remains fail-closed when the trusted RP/provider is not configured.",BLOCKED_BY_IMPLEMENTATION_GAP,"Passkey core/provider tests cover assertion validation, replay/counter handling, client user-handle format, unpaired/non-positive migration rejection and authsession binding branches; no configured real authenticator or production authorization success path was exercised."
auth.initFirebasePnvLogin,777df37a,auth,,ISOLATED_COMPONENT_VERIFIED,TestFirebaseAndWelcome (teamgram_audit; checks nonce generation),ISOLATED_COMPONENT_ONLY,TestFirebaseAndWelcome (teamgram_audit; checks nonce generation)
auth.finishFirebasePnvLogin,2c85094c,auth,,ISOLATED_COMPONENT_VERIFIED,TestFirebaseAndWelcome (teamgram_audit; signed test token and fake UserDirectory),ISOLATED_COMPONENT_ONLY,TestFirebaseAndWelcome (teamgram_audit; signed test token and fake UserDirectory)
auth.firebasePnvSignUp,783f6b56,auth,,ISOLATED_COMPONENT_VERIFIED,TestFirebaseAndWelcome (teamgram_audit; fake UserDirectory name update),ISOLATED_COMPONENT_ONLY,TestFirebaseAndWelcome (teamgram_audit; fake UserDirectory name update)
account.registerDevice,ec86017a,account,/mtproto.RPCNotification/account_registerDevice,PARTIAL_SESSION_VERIFIED,probe-notification-settings.ts registered a unique fixture token through the live WebSocket/session/BFF path and received BoolTrue; focused tests reject unauthenticated and cross-user other_uids without writes. Device records have no notification-provider consumer or public read method.,PARTIAL_ISOLATED_SESSION_E2E,"The isolated notification-settings probe completed register then unregister for a unique token through WebSocket/session/BFF and restored cleanup. This establishes request and isolated persistence behavior only; no notification-provider delivery, restart persistence, or production traffic was exercised."
account.unregisterDevice,6a0d3206,account,/mtproto.RPCNotification/account_unregisterDevice,PARTIAL_SESSION_VERIFIED,"probe-notification-settings.ts unregistered the unique token immediately after registration through the live WebSocket/session/BFF path and received BoolTrue; focused tests cover current-user ownership, unauthenticated rejection, and cross-user other_uids rejection before storage. Device records have no notification-provider consumer or public read method.",PARTIAL_ISOLATED_SESSION_E2E,"The isolated notification-settings probe completed register then unregister for a unique token through WebSocket/session/BFF. This establishes request and isolated persistence behavior only; no notification-provider delivery, restart persistence, or production traffic was exercised."
account.updateNotifySettings,84be5b93,account,/mtproto.RPCNotification/account_updateNotifySettings,PARTIAL_SESSION_VERIFIED,"The handler validates user peers, persists the complete PeerNotifySettings value, and synchronizes other sessions. The isolated notification-settings probe logged in Alice and Bob, wrote Alice's Bob exception, read back mute_until/show_previews/silent, confirmed Bob could not see Alice's setting, and restored state after reset.",PARTIAL_ISOLATED_SESSION_E2E,"2026-10-04 production backend-backend-1 reversible probe: users 136907713/136907714 over DC2 WebSocket exercised session -> BFF -> service -> production MySQL and readback, then restored the prior state. account.updateNotifySettings returned Boolean for a direct user, the fields read back, and the original settings were restored."
account.getNotifySettings,12b3ad31,account,/mtproto.RPCNotification/account_getNotifySettings,PARTIAL_SESSION_VERIFIED,"The handler validates user and basic-group peers, supports aggregate user defaults, and propagates user-service errors. The isolated notification-settings probe read aggregate defaults and the saved direct-user exception, then verified reset returned the default value.",PARTIAL_ISOLATED_SESSION_E2E,"2026-10-04 production backend-backend-1 reversible probe: users 136907713/136907714 over DC2 WebSocket exercised session -> BFF -> service -> production MySQL and readback, then restored the prior state. account.getNotifySettings read direct-user PeerNotifySettings before and after a reversible mute/preview/silent write, including restoration."
account.resetNotifySettings,db7e1747,account,/mtproto.RPCNotification/account_resetNotifySettings,PARTIAL_SESSION_VERIFIED,"Reset now deletes the user's notify rows through the cached DAO path, invalidating every active peer cache key before returning BoolTrue. The isolated notification-settings probe verified that a saved direct-user exception and its exception-list entry disappeared and the subsequent read returned defaults.",PARTIAL_ISOLATED_SESSION_E2E,"Real isolated WebSocket/session/BFF/biz-user/Redis/MySQL flow passed write, reset, readback and exception cleanup. No production traffic or restart persistence check."
account.updateProfile,78515775,account,/mtproto.RPCUserChannelProfiles/account_updateProfile,PARTIAL_SESSION_VERIFIED,"The isolated profile-dialog probe logged in Alice and Bob over the current WebSocket/session/BFF path. Alice changed first_name with account.updateProfile; the returned User contained the generated name, and Bob then found the same changed name through contacts.search. About updates and cross-session update delivery remain unverified.",PARTIAL_ISOLATED_SESSION_E2E,"Real isolated WebSocket/session/BFF flow verified account.updateProfile response and persisted first-name visibility to a second fixture user. No production traffic, restart persistence, about-field coverage, or cross-session update-delivery acceptance."
account.updateStatus,6628562c,account,/mtproto.RPCUserChannelProfiles/account_updateStatus,PARTIAL_COMPONENT_VERIFIED,"Persists last-seen then sends updateUserStatus through SyncUpdatesNotMe to the caller’s other sessions; contact fan-out remains unavailable because no privacy-aware status recipient resolver exists. TestAccountUpdateStatusPushesToOtherSessions verifies ordering, fields and exclusion of the current permanent auth key with stub clients.",PARTIAL_COMPONENT_ONLY,"BFF core test with stub UserClient/SyncClient only; contact delivery, privacy rules and full session flow remain unverified."
account.getWallPapers,7967d36,account,/mtproto.RPCWallpapers/account_getWallPapers,PARTIAL_COMPONENT_VERIFIED,app/bff/apifull/internal/core/wallpapers.go: returns only caller-local saved wallpapers whose persisted DFS Document and access hash validate; it does not fabricate a global wallpaper catalogue and returns account.wallPapersNotModified for the local hash.,PARTIAL_ISOLATED_SESSION_E2E,"2026-10-06 backend-backend-1 production read-only probe for users 136907713 and 136907714 over DC2 WebSocket -> gateway -> session -> BFF -> APIFull/MySQL returned account.WallPapers with zero wallpapers and zero documents; repeating each returned hash yielded account.WallPapersNotModified. MySQL confirmed no uploaded wallpaper rows and only an empty saved-list row for 136907714. This proves the live empty-state/hash path, not a non-empty DFS document or global wallpaper catalogue/provider."
account.reportPeer,c5ba3d86,account,/mtproto.RPCReports/account_reportPeer,PARTIAL_ISOLATED_DB_VERIFIED,"APIFull validates the authenticated peer and report reason, then writes an idempotent apifull_report intake row with actor/target/payload fields. TestReportHandlersPersistAllSupportedMethods and TestReportIntakeIsDurableAndIdempotent cover typed BoolTrue, dedupe and reopen readback.",BLOCKED_BY_IMPLEMENTATION_GAP,"The isolated queue accepts durable reports, but no authoritative moderation worker/provider consumes them or applies review/enforcement; production end-to-end acceptance is pending."
account.checkUsername,2714d86c,account,/mtproto.RPCUsernames/account_checkUsername,PARTIAL_COMPONENT_VERIFIED,"Focused handler coverage: auth/request validation, username format rejection, UserCheckAccountUsername error/empty/unknown response fail-closed, and Bool semantics for available/owned/occupied usernames.",PARTIAL_ISOLATED_SESSION_E2E,"2026-10-07 backend-backend-1 production read-only probe docker/production/probe-account-check-username-readonly.ts used a registered permanent auth key for user 136907714 from production MySQL and traversed DC2 WebSocket -> gateway -> session -> usernames BFF -> User service/MySQL. A generated legal username returned Boolean true; writes=0 and no production state changed. Occupied/owned username branches and restart persistence remain unaccepted."
account.updateUsername,3e0bdd7c,account,/mtproto.RPCUsernames/account_updateUsername,PARTIAL_ISOLATED_DB_VERIFIED,"app/bff/usernames/internal/core/account.updateUsername_handler.go authenticates before access, rejects nil requests and empty User/Sync provider replies, propagates User DAO errors, and propagates SyncUpdatesNotMe failures after the transactional username/index write. The User DAO transaction is covered by isolated MySQL readback, duplicate rejection and rollback tests; focused BFF tests cover invalid format, authentication, empty provider replies and sync failure. No live session or multi-session acceptance.",PARTIAL_ISOLATED_DB_ONLY,"TestUpdateUserUsernameAuditDatabase passed on isolated teamgram_username_audit: atomic profile/index update and readback, duplicate-name rejection without mutation, and rollback on profile-write failure. BFF unit tests pass for request/authentication, backend and sync error propagation. No live BFF/session workflow, multi-session delivery or production validation."
account.getPrivacy,dadbc950,account,/mtproto.RPCPrivacySettings/account_getPrivacy,PARTIAL_SESSION_VERIFIED,"The isolated profile-dialog probe logged in Alice and Bob over the current WebSocket/session/BFF path. After Alice saved a status-timestamp allow-user rule for Bob, account.getPrivacy returned PrivacyValueAllowUsers containing Bob's user ID. Channel rules still fail closed because privacysettings has no authoritative channel resolver; basic-group and error-path session coverage remain unverified.",PARTIAL_ISOLATED_SESSION_E2E,"Real isolated WebSocket/session/BFF/user-service flow verified readback of a persisted user allow-list with referenced-user hydration. Rules referencing channels remain unsupported; no production traffic, restart persistence, basic-group, or error-path session acceptance."
account.setPrivacy,c9f81ce8,account,/mtproto.RPCPrivacySettings/account_setPrivacy,PARTIAL_SESSION_VERIFIED,"The isolated profile-dialog probe logged in Alice and Bob over the current WebSocket/session/BFF path. Alice saved a status-timestamp allow-user rule for Bob; account.setPrivacy returned PrivacyValueAllowUsers, and a subsequent account.getPrivacy preserved the rule and Bob's user ID. Channel rules are rejected without a canonical resolver; a sync failure can still occur after persistence and cannot be rolled back.",PARTIAL_ISOLATED_SESSION_E2E,"Real isolated WebSocket/session/BFF/user-service flow verified user allow-list write response and persisted readback, then restored the fixture rule to allow-all. Rules referencing channels remain unsupported; no production traffic, restart persistence, basic-group, error-path, or real multi-session update-delivery acceptance."
account.deleteAccount,a2c0cf74,account,/mtproto.RPCAccount/account_deleteAccount,PARTIAL_COMPONENT_VERIFIED,"The account BFF validates dependencies and propagates user deletion, authsession reset/unbind and Sync notification errors. The user service transactionally removes user-owned profile/contact/privacy/settings rows before tombstoning the account; message, dialog, media and other service-owned data still require their authoritative cleanup providers.",PARTIAL_COMPONENT_ONLY,Account/user/authsession code compiles and failure paths are guarded; no live cross-service deletion flow or production session acceptance was executed.
account.getAccountTTL,8fc711d,account,/mtproto.RPCAccount/account_getAccountTTL,PARTIAL_SESSION_VERIFIED,The user service now propagates account_days_ttl read errors instead of masking them as USER_ID_INVALID. The r2 production reversible probe read a real fixture value after a write and verified the persisted value through the WebSocket/session/BFF path.,PARTIAL_ISOLATED_SESSION_E2E,"2026-10-04 teamgram-server-latest:20261004-r2 production backend-backend-1 reversible probe: users 136907713/136907714 over DC2 WebSocket exercised session -> BFF -> service -> production MySQL and readback, then restored the prior state. account.getAccountTTL read the original 180-day value and the value after a write."
account.setAccountTTL,2442485e,account,/mtproto.RPCAccount/account_setAccountTTL,PARTIAL_SESSION_VERIFIED,"The BFF and user service now propagate account_days_ttl write errors rather than reporting success after a failed UPDATE. user.account_ttl_handler_test.go covers storage-error propagation; the r2 production reversible probe wrote a valid TTL, read it back, and restored the fixture value through WebSocket/session/BFF.",PARTIAL_ISOLATED_SESSION_E2E,"2026-10-04 teamgram-server-latest:20261004-r2 production backend-backend-1 reversible probe: users 136907713/136907714 over DC2 WebSocket exercised session -> BFF -> service -> production MySQL and readback, then restored the prior state. account.setAccountTTL changed 180 to 30, read it back, then restored 180."
account.sendChangePhoneCode,82574ae5,account,/mtproto.RPCAccount/account_sendChangePhoneCode,PARTIAL_COMPONENT_VERIFIED,Change-phone issuance uses the shared SMS challenge service and persists only transaction metadata plus code length. Challenge digests use the separate Code.ChallengeSecret; remote delivery requires HTTPS and failed-challenge cleanup uses an independent short-timeout context.,PARTIAL_COMPONENT_ONLY,"No real SMS endpoint or credentials, live change-phone flow, staging validation or production validation. This phase did not run tests or build."
account.changePhone,70c32edb,account,/mtproto.RPCAccount/account_changePhone,PARTIAL_COMPONENT_VERIFIED,"Change-phone consumes the shared SMS challenge atomically before calling the user service, with explicit invalid and expired code mapping. Shared Redis tests cover attempts, replay denial and concurrent single consumption.",PARTIAL_COMPONENT_ONLY,"Component tests and account package compilation only. No live user-service mutation workflow, real SMS delivery, staging validation or production validation."
account.updateDeviceLocked,38df3532,account,/mtproto.RPCNotification/account_updateDeviceLocked,PARTIAL_SESSION_VERIFIED,Validates authentication and the request before writing the caller-scoped device-lock period to the shared APIFull store and returning BoolTrue. The production probe used the exact Layer 229 raw request because the checked-in GramJS runtime declares but does not export the generated constructor; device-lock enforcement and restart persistence remain open.,PARTIAL_ISOLATED_SESSION_E2E,"2026-10-06 backend-backend-1 production probe over DC2 WebSocket -> session -> notification BFF returned Boolean for period=3600. Redis key device_locked:136907713 contained 3600 during the probe and was restored to its pre-probe absent state. The client runtime lacks the generated UpdateDeviceLocked constructor, and enforcement/restart persistence remain unverified."
account.getAuthorizations,e320c158,account,/mtproto.RPCPassport/account_getAuthorizations,PARTIAL_SESSION_VERIFIED,"probe-account-session-settings.ts logged in two independent Alice sessions through WebSocket/session/BFF/authsession, observed one current authorization plus the newly-created secondary authorization, and verified the list after cleanup.",PARTIAL_ISOLATED_SESSION_E2E,2026-10-06 backend-backend-1 production probe over DC2 WebSocket -> gateway -> session -> Passport BFF -> authsession/MySQL returned one authorization for user 136907713 and three for user 136907714; each list marked one current session. TTL values were 180 and 0 respectively and matched the users-table state. Authorization hashes were not recorded or displayed. Restart persistence and update delivery remain unverified.
account.resetAuthorization,df77f3bc,account,/mtproto.RPCAccount/account_resetAuthorization,PARTIAL_SESSION_VERIFIED,"probe-account-session-settings.ts identified the newly-created secondary Alice authorization by before/after hash diff, reset only that hash, and verified account.getAuthorizations no longer listed it. The existing authsession DB audit remains complementary.",PARTIAL_ISOLATED_SESSION_E2E,"Real isolated WebSocket -> session -> Account BFF -> authsession/MySQL flow returned BoolTrue and removed the targeted secondary authorization. Restart persistence, update delivery, and production traffic remain unverified."
account.getPassword,548a30f5,account,/mtproto.RPCTwoFa/account_getPassword,PARTIAL_SESSION_VERIFIED,probe-account-session-settings.ts read the real no-password fixture through RPCTwoFa and used the returned hasPassword/newAlgo shape to select the empty-password settings path. SRP-authenticated existing-password flows remain unverified.,PARTIAL_ISOLATED_SESSION_E2E,"Real isolated WebSocket -> session -> APIFull RPCTwoFa flow returned Account.Password for fixture user 136907721. Existing-password, recovery-email delivery, restart persistence, and production traffic remain unverified."
account.getPasswordSettings,9cd4eaf9,account,/mtproto.RPCTwoFa/account_getPasswordSettings,PARTIAL_SESSION_VERIFIED,"probe-account-session-settings.ts read empty-password settings, read back a unique email after update, rejected an invalid SRP proof with PASSWORD_HASH_INVALID, and confirmed the rejected request did not change the stored email.",PARTIAL_ISOLATED_SESSION_E2E,"Real isolated WebSocket -> session -> APIFull RPCTwoFa flow verified password-settings readback, invalid-proof rejection, and no-write-on-error for a no-password fixture; state was cleared in finally. Existing-password SRP, email confirmation delivery, restart persistence, and production traffic remain unverified."
account.updatePasswordSettings,a59b102f,account,/mtproto.RPCTwoFa/account_updatePasswordSettings,PARTIAL_SESSION_VERIFIED,"probe-account-session-settings.ts wrote a unique email with InputCheckPasswordEmpty, verified it through account.getPasswordSettings, rejected an invalid SRP proof without mutation, and restored an empty email.",PARTIAL_ISOLATED_SESSION_E2E,"Real isolated WebSocket -> session -> APIFull RPCTwoFa flow verified BoolTrue write, persisted readback, invalid-proof authorization, and cleanup for fixture user 136907721. Existing-password changes, email transport/confirmation, restart persistence, and production traffic remain unverified."
account.sendConfirmPhoneCode,1b3faa88,account,/mtproto.RPCAccount/account_sendConfirmPhoneCode,PARTIAL_COMPONENT_VERIFIED,Confirm-phone issuance resolves the authenticated user's current phone and uses the shared SMS challenge service; the input hash is retained only as purpose metadata. Challenge digests use the separate Code.ChallengeSecret; remote delivery requires HTTPS.,PARTIAL_COMPONENT_ONLY,"No real SMS endpoint or credentials, live confirm-phone workflow, staging validation or production validation. This phase did not run tests or build."
account.confirmPhone,5f2178c3,account,/mtproto.RPCAccount/account_confirmPhone,PARTIAL_COMPONENT_VERIFIED,"Confirm-phone reads the issued transaction metadata and atomically consumes the shared SMS challenge; it no longer interprets the input hash as a phone number. Shared tests cover invalid codes, attempts and replay denial.",PARTIAL_COMPONENT_ONLY,"Component tests and account package compilation only. No live session flow, real SMS delivery, staging validation or production validation."
account.getTmpPassword,449e0b51,account,/mtproto.RPCPayments/account_getTmpPassword,KNOWN_INCOMPLETE_STATIC,"The repository has 2FA SRP/KDF and one-time challenge verification but no temporary payment-password issuer, persistence, or consumer. AccountGetTmpPassword now authenticates and returns METHOD_NOT_IMPL instead of an all-zero TmpPassword; payment submission is also unsupported.",BLOCKED_BY_IMPLEMENTATION_GAP,"TestAccountGetTmpPasswordFailsClosed passed in the APIFull core test package using only isolated teamgram_audit. This verifies refusal, not temporary-password functionality or full session/payment flow."
account.getWebAuthorizations,182e6d6f,account,/mtproto.RPCSeamless/account_getWebAuthorizations,PARTIAL_SESSION_VERIFIED,"probe-account-session-settings.ts created Web authorizations through messages.requestUrlAuth/messages.acceptUrlAuth, read domain/hash/timestamps back, verified Bob could not see Alice's records, and verified single/all reset readback. The currently-running BFF predates the URL response-field fix described below.",PARTIAL_ISOLATED_SESSION_E2E,"Real isolated WebSocket -> session -> APIFull Seamless flow persisted and read back Alice's Web authorizations, with cross-user isolation and cleanup. The deployed acceptUrlAuth response omitted its URL field (source fix is not deployed); restart persistence and production traffic remain unverified."
account.resetWebAuthorization,2d01b9ef,account,/mtproto.RPCSeamless/account_resetWebAuthorization,PARTIAL_SESSION_VERIFIED,"probe-account-session-settings.ts reset an Alice Web authorization by its hash, confirmed it disappeared, and confirmed an equivalent Bob reset could not remove Alice's record.",PARTIAL_ISOLATED_SESSION_E2E,Real isolated WebSocket -> session -> APIFull Seamless flow returned BoolTrue and removed only the caller's matching Web authorization. The deployed acceptUrlAuth response omitted its URL field (source fix is not deployed); restart persistence and production traffic remain unverified.
account.resetWebAuthorizations,682d2594,account,/mtproto.RPCSeamless/account_resetWebAuthorizations,PARTIAL_SESSION_VERIFIED,"probe-account-session-settings.ts created two Alice Web authorizations, reset all, and verified account.getWebAuthorizations returned an empty list; Bob's separate state remained isolated.",PARTIAL_ISOLATED_SESSION_E2E,Real isolated WebSocket -> session -> APIFull Seamless flow returned BoolTrue and cleared all caller-scoped Web authorizations. The deployed acceptUrlAuth response omitted its URL field (source fix is not deployed); restart persistence and production traffic remain unverified.
account.getAllSecureValues,b288bc7d,account,/mtproto.RPCPassport/account_getAllSecureValues,PARTIAL_COMPONENT_VERIFIED,passport_impl_test.go verifies authenticated empty/all reads and stable SecureValue encoding through the local per-user store.,PARTIAL_COMPONENT_ONLY,Focused Passport tests only; no live Passport service or restart persistence acceptance.
account.getSecureValue,73665bc2,account,/mtproto.RPCPassport/account_getSecureValue,PARTIAL_COMPONENT_VERIFIED,passport_impl_test.go verifies type-filtered secure-value reads and authenticated failure behavior.,PARTIAL_COMPONENT_ONLY,Focused Passport tests only; no live Passport service or restart persistence acceptance.
account.saveSecureValue,899fe31d,account,/mtproto.RPCPassport/account_saveSecureValue,PARTIAL_COMPONENT_VERIFIED,"passport_impl_test.go verifies secure-value normalization, hash generation, per-user persistence, and empty-type rejection.",PARTIAL_COMPONENT_ONLY,Focused Passport tests only; no live Passport service or restart persistence acceptance.
account.deleteSecureValue,b880bc4b,account,/mtproto.RPCPassport/account_deleteSecureValue,PARTIAL_COMPONENT_VERIFIED,passport_impl_test.go verifies type deletion and remaining-value readback from the per-user store.,PARTIAL_COMPONENT_ONLY,Focused Passport tests only; no live Passport service or restart persistence acceptance.
account.getAuthorizationForm,a929597a,account,/mtproto.RPCPassport/account_getAuthorizationForm,PARTIAL_COMPONENT_VERIFIED,"passport_impl_test.go verifies real bot existence/type, nonce/public-key validation, scope filtering, required types, and encoded authorization-form fields.",PARTIAL_COMPONENT_ONLY,Focused Passport tests only; no live bot/session or external Passport provider acceptance.
account.acceptAuthorization,f3ed4c73,account,/mtproto.RPCPassport/account_acceptAuthorization,KNOWN_INCOMPLETE_STATIC,The method now fails closed with METHOD_NOT_IMPL after authentication and does not write local authorization state because no trusted Passport credential verifier exists.,BLOCKED_BY_IMPLEMENTATION_GAP,"Focused test verifies nil result, METHOD_NOT_IMPL, and unchanged per-user state; acceptance remains unavailable without a trusted credential backend."
account.sendVerifyPhoneCode,a5a356f9,account,/mtproto.RPCPassport/account_sendVerifyPhoneCode,PARTIAL_COMPONENT_VERIFIED,"Passport phone verification validates the authenticated user and E.164 phone, then issues a purpose- and user-scoped one-time SMS challenge through the shared Redis challenge store/provider. Missing provider, rate limit, and delivery errors fail closed; no local plaintext code is persisted.",PARTIAL_COMPONENT_ONLY,"passport_impl_test.go covers provider delivery, challenge persistence, rate limiting and unavailable-provider refusal. No real SMS endpoint, live Passport session, staging or production acceptance."
account.verifyPhone,4dd3a7f6,account,/mtproto.RPCPassport/account_verifyPhone,PARTIAL_COMPONENT_VERIFIED,"Passport phone verification checks the purpose/user/phone-bound shared challenge, atomically consumes it, and persists the verified phone hash in the caller-scoped Passport document; invalid, expired, and replayed codes fail closed.",PARTIAL_COMPONENT_ONLY,"passport_impl_test.go covers challenge consumption, subject binding, replay/invalid-code errors and phone persistence. No real SMS delivery, live Passport session, staging or production acceptance."
account.sendVerifyEmailCode,98e037bb,account,/mtproto.RPCAuthorization/account_sendVerifyEmailCode,PARTIAL_COMPONENT_VERIFIED,"Valid email purposes issue a six-digit challenge through the shared email provider and Redis store; provider absence maps to SEND_CODE_UNAVAILABLE. Configured HTTP delivery validates endpoint/status and retries only network errors/5xx using ProviderRetryCount; 4xx/3xx/empty endpoint fail closed. Shared and recovery-focused tests cover provider refusal, stub delivery, digest-only persistence and provider policy.",PARTIAL_COMPONENT_ONLY,"Provider-stub/provider-policy and shared-service tests only. No real email endpoint or credentials, live account flow, staging validation or production validation."
account.verifyEmail,32da4cf,account,/mtproto.RPCAuthorization/account_verifyEmail32DA4CF,PARTIAL_COMPONENT_VERIFIED,"Code-based email verification atomically consumes the shared email challenge; Google and Apple tokens fail closed without a token verifier. Shared tests cover invalid codes, expiry, replay denial and concurrent single consumption.",PARTIAL_COMPONENT_ONLY,"Shared-service tests and authorization package compilation only. No real email delivery, external token verifier, live account flow, staging validation or production validation."
account.initTakeoutSession,8ef3eab0,account,/mtproto.RPCTakeout/account_initTakeoutSession,KNOWN_INCOMPLETE_STATIC,"app/bff/apifull/internal/core/takeout.go: stores requested takeout flags and returns a local session ID, but export handlers do not enforce/use the session scope or file-size limits.",BLOCKED_BY_IMPLEMENTATION_GAP,No full business-flow acceptance.
account.finishTakeoutSession,1d2652ee,account,/mtproto.RPCTakeout/account_finishTakeoutSession,KNOWN_INCOMPLETE_STATIC,app/bff/apifull/internal/core/takeout.go: clears the local session record only; no takeout export/cleanup lifecycle is connected.,BLOCKED_BY_IMPLEMENTATION_GAP,No full business-flow acceptance.
account.confirmPasswordEmail,8fdf1920,account,/mtproto.RPCTwoFa/account_confirmPasswordEmail,PARTIAL_COMPONENT_VERIFIED,"app/bff/apifull/internal/core/two_fa.go atomically consumes the caller-scoped one-time Redis email challenge issued by the configured provider, clears pending confirmation only after successful consumption, and rejects client-invented, expired, or replayed codes.",PARTIAL_COMPONENT_ONLY,"two_fa_email_test.go and shared challenge tests cover no-issued-code refusal, provider-backed challenge consumption, replay denial and email-state cleanup. No real email endpoint, Redis deployment or production password-email flow has been exercised."
account.resendPasswordEmail,7a7f2a15,account,/mtproto.RPCTwoFa/account_resendPasswordEmail,PARTIAL_COMPONENT_VERIFIED,"app/bff/apifull/internal/core/two_fa.go revokes the previous challenge, issues a new caller-scoped one-time Redis email challenge through the configured provider, and rolls it back if password state persistence fails.",PARTIAL_COMPONENT_ONLY,"two_fa_email_test.go and shared provider tests cover provider-unavailable refusal and challenge-state safety. No real email endpoint, Redis deployment or production password-email flow has been exercised."
account.cancelPasswordEmail,c1cbd5b6,account,/mtproto.RPCTwoFa/account_cancelPasswordEmail,PARTIAL_COMPONENT_VERIFIED,"app/bff/apifull/internal/core/two_fa.go revokes the caller-scoped pending email challenge when present, clears the email, pending flag, and challenge ID, then persists the updated password state.",PARTIAL_COMPONENT_ONLY,"two_fa_email_test.go verifies pending email state is cleared and BoolTrue is returned. No real Redis/provider, live session, restart persistence, or production acceptance."
account.getContactSignUpNotification,9f07c728,account,/mtproto.RPCContacts/account_getContactSignUpNotification,PARTIAL_SESSION_VERIFIED,"probe-notification-settings.ts read the fixture preference, then read back false after silent=true and true after silent=false, and restored the original value through the live WebSocket/session/BFF/User/MySQL path.",PARTIAL_ISOLATED_SESSION_E2E,"Isolated WebSocket/session/BFF/User/MySQL flow verified contact-signup preference readback and restoration. This does not validate contact-signup fanout delivery, restart persistence, or production traffic."
account.setContactSignUpNotification,cff43f61,account,/mtproto.RPCContacts/account_setContactSignUpNotification,PARTIAL_SESSION_VERIFIED,"probe-notification-settings.ts set silent=true and silent=false, received BoolTrue for both writes, read each effective preference back, and restored the prior value through the live WebSocket/session/BFF/User/MySQL path.",PARTIAL_ISOLATED_SESSION_E2E,"Isolated WebSocket/session/BFF/User/MySQL flow verified contact-signup preference writes and readback. This does not validate contact-signup fanout delivery, restart persistence, or production traffic."
account.getNotifyExceptions,53577479,account,/mtproto.RPCNotification/account_getNotifyExceptions,PARTIAL_SESSION_VERIFIED,"The isolated notification-settings probe read back a saved direct-user exception in account.getNotifyExceptions and confirmed it disappeared after account.resetNotifySettings. Focused core tests cover user/basic-group hydration errors, incomplete or unexpected entity sets, and successful plugin hydration; channel exceptions still require NotificationPlugin, while production notification BFF registers Plugin=nil.",PARTIAL_ISOLATED_SESSION_E2E,Real isolated WebSocket/session/BFF/biz-user/MySQL flow verified direct-user exception inclusion and cleanup. Channel exception support remains unavailable without the production channel resolver; no production traffic or restart persistence was exercised.
account.getWallPaper,fc8ddbea,account,/mtproto.RPCWallpapers/account_getWallPaper,PARTIAL_COMPONENT_VERIFIED,"app/bff/apifull/internal/core/wallpapers.go: reads saved wallpapers and caller-owned uploads, returning the persisted DFS Document for uploaded wallpapers; no global wallpaper catalogue/provider is wired.",PARTIAL_COMPONENT_ONLY,Compiled APIFull core; no full business-flow acceptance.
account.uploadWallPaper,e39a8f03,account,/mtproto.RPCWallpapers/account_uploadWallPaper,PARTIAL_COMPONENT_VERIFIED,"APIFull validates the request and calls the existing DFS uploadWallPaperFile provider with the authenticated creator, file, MIME type and settings; the DFS-produced document is wrapped as a typed WallPaper. The catalogue, chat application and full session flow remain unverified.",PARTIAL_COMPONENT_ONLY,Core compile and input validation are covered; no live DFS/session flow or production wallpaper catalogue acceptance.
account.saveWallPaper,6c5a5b37,account,/mtproto.RPCWallpapers/account_saveWallPaper,PARTIAL_COMPONENT_VERIFIED,app/bff/apifull/internal/core/wallpapers.go: persists the saved reference and preserves the real DFS Document when the reference belongs to a caller-owned upload; remote catalogue validation is unavailable.,PARTIAL_COMPONENT_ONLY,Compiled APIFull core; no full business-flow acceptance.
account.installWallPaper,feed5769,account,/mtproto.RPCWallpapers/account_installWallPaper,PARTIAL_COMPONENT_VERIFIED,app/bff/apifull/internal/core/wallpapers.go: upserts the saved reference and preserves a caller-owned uploaded Document when available; global asset resolution/install is unavailable.,PARTIAL_COMPONENT_ONLY,Compiled APIFull core; no full business-flow acceptance.
account.resetWallPapers,bb3b9804,account,/mtproto.RPCWallpapers/account_resetWallPapers,KNOWN_INCOMPLETE_STATIC,app/bff/apifull/internal/core/wallpapers.go: clears only the local wallpaper-reference list; global defaults/assets are not restored or managed.,BLOCKED_BY_IMPLEMENTATION_GAP,No full business-flow acceptance.
account.getAutoDownloadSettings,56da0b3f,account,/mtproto.RPCAutoDownload/account_getAutoDownloadSettings,ISOLATED_COMPONENT_VERIFIED,"TestAutoDownloadSettingsRoundTripAndUserIsolation with an isolated memory store; verifies defaults, 64-bit sizes and user isolation.",PARTIAL_ISOLATED_SESSION_E2E,"2026-10-07 backend-backend-1 read-only probe docker/production/probe-auto-download-readonly.ts used user 136907714 over DC2 WebSocket -> gateway -> session -> AutoDownload BFF. account.getAutoDownloadSettings returned account.AutoDownloadSettings with typed low/medium/high slots; the caller-scoped medium Redis value was present and its SHA-256 was unchanged before/after, while low/high correctly used defaults. writes=0. Save/readback, non-default slot values and restart persistence remain unverified."
account.saveAutoDownloadSettings,76f36233,account,/mtproto.RPCAutoDownload/account_saveAutoDownloadSettings,ISOLATED_COMPONENT_VERIFIED,TestAutoDownloadSettingsRoundTripAndUserIsolation with an isolated memory store; saves and reads back low-tier settings.,ISOLATED_COMPONENT_ONLY,TestAutoDownloadSettingsRoundTripAndUserIsolation with an isolated memory store; saves and reads back low-tier settings.
account.uploadTheme,1c3db333,account,/mtproto.RPCThemes/account_uploadTheme,PARTIAL_COMPONENT_VERIFIED,"APIFull validates the request and calls the existing DFS uploadThemeFile provider with the authenticated creator, file, thumbnail, MIME type and filename, returning the provider document. Theme metadata/catalogue creation and full session flow remain unverified.",PARTIAL_COMPONENT_ONLY,Core compile and input validation are covered; no live DFS/session flow or production theme catalogue acceptance.
account.createTheme,652e4400,account,/mtproto.RPCThemes/account_createTheme,PARTIAL_COMPONENT_VERIFIED,"APIFull accepts only a caller-owned Document previously returned by account.uploadTheme, preserves its real ID/access hash, stores the supplied slug/title and locally representable settings in the caller's persistent theme list, and rejects unowned documents.",PARTIAL_COMPONENT_ONLY,"Focused core test covers owned-document create, persistence and unowned-document rejection; no live DFS/session flow or global theme catalogue acceptance."
account.updateTheme,2bf40ccc,account,/mtproto.RPCThemes/account_updateTheme,PARTIAL_COMPONENT_VERIFIED,"APIFull resolves the requested saved theme, checks its access hash, applies supplied title/slug/document/settings updates, and persists the updated real Document and metadata. External or unknown documents are rejected.",PARTIAL_COMPONENT_ONLY,Focused core test covers title update and preservation of the persisted Document; no live DFS/session flow or global theme catalogue acceptance.
account.saveTheme,f257106c,account,/mtproto.RPCThemes/account_saveTheme,PARTIAL_COMPONENT_VERIFIED,app/bff/apifull/internal/core/themes.go: accepts only a caller-local saved Theme with a persisted DFS Document and matching access hash; unknown ID/slug inputs return THEME_INVALID rather than synthesizing a Theme.,PARTIAL_COMPONENT_ONLY,Focused core tests cover owned-document save/read and rejection of an unowned InputTheme; no global theme catalogue or full business-flow acceptance.
account.installTheme,c727bb3b,account,/mtproto.RPCThemes/account_installTheme,PARTIAL_COMPONENT_VERIFIED,app/bff/apifull/internal/core/themes.go: validates the requested InputTheme against the caller's persisted real Document before acknowledging installation; unknown inputs return THEME_INVALID.,PARTIAL_COMPONENT_ONLY,Focused core tests cover owned-document install and rejection of an unowned InputTheme; no global theme catalogue/provider or full business-flow acceptance.
account.getTheme,3a5869ec,account,/mtproto.RPCThemes/account_getTheme,PARTIAL_COMPONENT_VERIFIED,app/bff/apifull/internal/core/themes.go: returns only a caller-local Theme whose persisted DFS Document and access hash validate; it never synthesizes data for an unknown InputTheme.,PARTIAL_COMPONENT_ONLY,Focused core tests cover real Document readback and missing/unowned rejection; no global theme catalogue/provider or full business-flow acceptance.
account.getThemes,7206e458,account,/mtproto.RPCThemes/account_getThemes,PARTIAL_COMPONENT_VERIFIED,"app/bff/apifull/internal/core/themes.go: returns the caller's locally persisted Themes with real Documents, computes a stable local hash and supports account.themesNotModified; no global theme catalogue is fabricated.",PARTIAL_ISOLATED_SESSION_E2E,"2026-10-07 r19 production probe docker/production/probe-account-look-readonly.ts returned account.Themes(hash=1, themes=0), then account.ThemesNotModified for the returned hash. The theme KV SHA-256 was unchanged before/after; non-empty theme Documents and global catalogue remain unverified."
account.setContentSettings,b574b16b,account,/mtproto.RPCNsfw/account_setContentSettings,PARTIAL_ISOLATED_DB_VERIFIED,BFF requires a successful User service acknowledgement; User service persists sensitive_enabled in the canonical user_settings table and propagates storage errors. Focused BFF tests plus isolated MySQL write/readback and failure tests pass. Full deployed session flow remains unverified.,PARTIAL_ISOLATED_DB_ONLY,BFF requires a successful User service acknowledgement; User service persists sensitive_enabled in the canonical user_settings table and propagates storage errors. Focused BFF tests plus isolated MySQL write/readback and failure tests pass. Full deployed session flow remains unverified.
account.getContentSettings,8b9b4dae,account,/mtproto.RPCNsfw/account_getContentSettings,PARTIAL_ISOLATED_DB_VERIFIED,BFF rejects nil User service responses; User service reads sensitive_enabled from the canonical user_settings table and propagates storage errors. Focused BFF tests plus isolated MySQL write/readback and failure tests pass. Full deployed session flow remains unverified.,PARTIAL_ISOLATED_SESSION_E2E,"Production authorization over DC2 WebSocket -> gateway -> session -> r24 BFF -> biz user -> MySQL returned account.ContentSettings with sensitive_enabled=false and sensitive_can_change=true. Direct production SELECT found no override row, matching the service's false default. Read-only; account.setContentSettings remains unverified."
account.getMultiWallPapers,65ad71dc,account,/mtproto.RPCWallpapers/account_getMultiWallPapers,PARTIAL_COMPONENT_VERIFIED,app/bff/apifull/internal/core/wallpapers.go: returns matching saved wallpapers and caller-owned uploaded wallpapers with their persisted DFS Documents; no global catalogue/provider is wired.,PARTIAL_COMPONENT_ONLY,Compiled APIFull core; no full business-flow acceptance.
account.getGlobalPrivacySettings,eb2b4cf6,account,/mtproto.RPCPrivacySettings/account_getGlobalPrivacySettings,PARTIAL_SESSION_VERIFIED,"The isolated fixture session read global privacy settings through WebSocket -> session -> BFF -> biz user -> MySQL after a write. The response preserved all supported Layer 229 fields, including display-gifts, paid-stars, and gift restrictions. BFF and user-core focused tests also cover error propagation and nil inputs.",PARTIAL_ISOLATED_SESSION_E2E,"2026-10-07 backend-backend-1 read-only probe docker/production/probe-global-privacy-readonly.ts used user 136907714 over DC2 WebSocket -> gateway -> session -> BFF -> biz user -> production MySQL. account.getGlobalPrivacySettings returned GlobalPrivacySettings; all six boolean fields plus nullable paid-stars and disallowed-gifts matched the authoritative user_global_privacy_settings row. Row SHA-256 was unchanged before/after and writes=0. Set/write, non-default optional fields and restart persistence remain unverified."
account.setGlobalPrivacySettings,1edaaac2,account,/mtproto.RPCPrivacySettings/account_setGlobalPrivacySettings,PARTIAL_SESSION_VERIFIED,"The isolated fixture session wrote global privacy settings through WebSocket -> session -> BFF -> biz user -> MySQL and a subsequent get returned every written Layer 229 field. BFF verifies the BoolTrue acknowledgement; user core encodes display-gifts, paid-stars, and gift restrictions for the DAO.",PARTIAL_ISOLATED_SESSION_E2E,The private teamgram-web-isolated stack applied migrate-20260929-global-privacy-settings.sql and probe-global-privacy-settings.ts wrote/read back all supported fields for fixture user 136907713; direct MySQL inspection confirmed the persisted row before the verification run restored default values and explicitly removed the newly created fixture row. No production traffic or post-write restart-persistence check was run; production rollout still requires the migration and service deployment.
account.reportProfilePhoto,fa8cc6f5,account,/mtproto.RPCReports/account_reportProfilePhoto,PARTIAL_ISOLATED_DB_VERIFIED,"APIFull validates peer, InputPhoto and report reason, then writes an idempotent apifull_report intake row. The isolated handler suite covers the typed BoolTrue response and durable row count.",BLOCKED_BY_IMPLEMENTATION_GAP,No authoritative moderation consumer/provider or review/enforcement path is wired; only durable intake is verified.
account.resetPassword,9308ce1b,account,/mtproto.RPCAuthorization/account_resetPassword,KNOWN_INCOMPLETE_STATIC,"Persists original request, until, and retry timestamps in the shared password-state blob; focused in-memory tests verify sequential calls reuse them. Simultaneous first calls can race because the blob update is not atomic; reset completion and production persistence remain unverified.",BLOCKED_BY_IMPLEMENTATION_GAP,Focused in-memory component tests only; no full business-flow or production acceptance.
account.declinePasswordReset,4c9409f6,account,/mtproto.RPCTwoFa/account_declinePasswordReset,PARTIAL_COMPONENT_VERIFIED,"The handler authenticates the caller, loads the shared password state, persists ResetDeclined, and propagates password-state read/write errors before returning BoolTrue. Focused tests cover persisted decline state and storage failure propagation.",PARTIAL_COMPONENT_ONLY,"Focused APIFull component tests only; no live Redis/password flow, reset completion, restart persistence, staging or production acceptance."
account.getChatThemes,d638de89,account,/mtproto.RPCThemes/account_getChatThemes,PARTIAL_COMPONENT_VERIFIED,"app/bff/apifull/internal/core/themes.go: returns the caller-owned themes created from persisted uploaded documents, with access-hash validation and hash/not-modified semantics. The global Telegram chat-theme catalogue and unique-gift themes still require an external provider.",PARTIAL_ISOLATED_SESSION_E2E,"2026-10-07 r19 production probe docker/production/probe-account-look-readonly.ts returned account.Themes(hash=1, themes=0), then account.ThemesNotModified for the returned hash. The theme KV SHA-256 was unchanged before/after; caller-owned theme Documents, the global catalogue and unique-gift themes remain unverified."
account.setAuthorizationTTL,bf899aa0,account,/mtproto.RPCAuthorization/account_setAuthorizationTTL,PARTIAL_ISOLATED_DB_VERIFIED,BFF validates the supported authorization TTL day values and propagates UserClient failures; User service writes and reads the canonical users.authorization_ttl_days field. Focused BFF and storage-error tests plus isolated MySQL round-trip cover the path. Full deployed session flow remains unverified.,PARTIAL_ISOLATED_DB_ONLY,BFF validates the supported authorization TTL day values and propagates UserClient failures; User service writes and reads the canonical users.authorization_ttl_days field. Focused BFF and storage-error tests plus isolated MySQL round-trip cover the path. Full deployed session flow remains unverified.
account.changeAuthorizationSettings,40f48462,account,/mtproto.RPCAuthorization/account_changeAuthorizationSettings,ROUTED_NOT_FUNCTIONALLY_ACCEPTED,/mtproto.RPCAuthorization/account_changeAuthorizationSettings,NOT_ACCEPTED,Route evidence only; no full business-flow acceptance.
account.getSavedRingtones,e1902288,account,/mtproto.RPCRingtone/account_getSavedRingtones,PARTIAL_COMPONENT_VERIFIED,"The handler reads the caller-scoped persisted ringtone document references, returns a typed account.savedRingtones envelope with stable hash, and returns account.savedRingtonesNotModified when the hash matches. Focused tests cover readback, hash-not-modified, unsave and storage errors.",PARTIAL_ISOLATED_SESSION_E2E,"2026-10-07 backend-backend-1 production reversible probe docker/production/probe-saved-ringtones-roundtrip.ts used user 136907713 and an existing non-empty documents row over DC2 WebSocket -> gateway -> session -> APIFull/MySQL. It returned account.SavedRingtones with one real Document, returned account.SavedRingtonesNotModified for the returned hash, then returned an empty account.SavedRingtones after cleanup. MySQL ring:136907713 is [] after the probe. Raw Layer 229 request encoding was used because the installed GramJS runtime does not expose these newer constructors; no global ringtone catalogue or cross-device acceptance is claimed."
account.saveRingtone,3dea5b03,account,/mtproto.RPCRingtone/account_saveRingtone,PARTIAL_COMPONENT_VERIFIED,"The handler validates the input document, persists caller-scoped ringtone ID/access-hash/file-reference records, supports idempotent save and unsave, and propagates storage errors. Focused tests cover round-trip, unsave, hash readback and storage failures.",PARTIAL_ISOLATED_SESSION_E2E,"2026-10-07 backend-backend-1 production reversible probe docker/production/probe-saved-ringtones-roundtrip.ts used user 136907713 and existing document 2107387320960290816 from the production documents table over DC2 WebSocket -> gateway -> session -> APIFull/MySQL. account.saveRingtone returned account.SavedRingtone for save and unsave, the real document ID/access_hash read back through account.getSavedRingtones, and the probe ID was absent after unsave; MySQL ring:136907713 is [] after cleanup. Raw Layer 229 request encoding was used because the installed GramJS runtime does not expose these newer constructors; upload/provider and global ringtone catalogue remain unverified."
account.uploadRingtone,831a83a2,account,/mtproto.RPCRingtone/account_uploadRingtone,PARTIAL_COMPONENT_VERIFIED,"app/bff/apifull/internal/core/ringtone.go validates the file/name and uploads through the authoritative DFS ringtone endpoint, returning its Document; saved-ringtone ownership/catalogue remains local and has no full business-flow acceptance.",PARTIAL_COMPONENT_ONLY,Focused DFS request/error validation and APIFull compilation pass; no full business-flow acceptance.
account.updateEmojiStatus,fbd3de6b,account,/mtproto.RPCEmojiStatus/account_updateEmojiStatus,PARTIAL_COMPONENT_VERIFIED,"Writes ordinary emoji status through user.UserUpdateEmojiStatus, persists recent history locally and publishes updateUserEmojiStatus to other sessions through SyncUpdatesNotMe. Collectible statuses are rejected because the user schema stores only document ID and expiry; no contact fan-out is implemented. TestEmojiStatus verifies delegation, expiry, sync payload and error propagation with stub clients.",PARTIAL_COMPONENT_ONLY,"Core component test uses stub UserClient/SyncClient and local KV; no real User service MySQL round trip, contact fan-out or full session path."
account.getDefaultEmojiStatuses,d6753386,account,/mtproto.RPCEmojiStatus/account_getDefaultEmojiStatuses,KNOWN_INCOMPLETE_STATIC,APIFull now returns METHOD_NOT_IMPL instead of presenting the caller’s active status as a default catalogue; no authoritative status catalogue exists.,BLOCKED_BY_IMPLEMENTATION_GAP,No default emoji-status catalogue/provider exists; handler now fails closed.
account.getRecentEmojiStatuses,f578105,account,/mtproto.RPCEmojiStatus/account_getRecentEmojiStatuses,PARTIAL_COMPONENT_VERIFIED,"app/bff/apifull/internal/core/emoji_status.go reads the caller-local recent status list, computes a stable hash, and returns account.emojiStatusesNotModified when the client hash matches.",PARTIAL_ISOLATED_SESSION_E2E,"2026-10-07 r19 production raw Layer 229 probe over DC2 WebSocket -> gateway -> session -> APIFull returned account.EmojiStatuses(hash=1, statuses=0), then account.EmojiStatusesNotModified for the returned hash. APIFull MySQL emoji-status KV hashes were identical before/after; non-empty recent status and cross-device synchronization remain unverified."
account.clearRecentEmojiStatuses,18201aae,account,/mtproto.RPCEmojiStatus/account_clearRecentEmojiStatuses,PARTIAL_COMPONENT_VERIFIED,app/bff/apifull/internal/core/emoji_status.go clears the caller-local recent status list while preserving the active status.,PARTIAL_COMPONENT_ONLY,TestEmojiStatusRecentHashAndClear verifies clear and subsequent empty readback; cross-client synchronization and production persistence remain unaccepted.
account.reorderUsernames,ef500eab,account,/mtproto.RPCFragment/account_reorderUsernames,KNOWN_INCOMPLETE_STATIC,app/bff/apifull/internal/core/fragment.go: no trusted Fragment username ordering provider; valid requests fail closed.,BLOCKED_BY_IMPLEMENTATION_GAP,No Fragment provider.
account.toggleUsername,58d6b376,account,/mtproto.RPCFragment/account_toggleUsername,KNOWN_INCOMPLETE_STATIC,app/bff/apifull/internal/core/fragment.go: no trusted Fragment username activation provider; valid requests fail closed.,BLOCKED_BY_IMPLEMENTATION_GAP,No Fragment provider.
account.getDefaultProfilePhotoEmojis,e2750328,account,/mtproto.RPCCustomEmojis/account_getDefaultProfilePhotoEmojis,KNOWN_INCOMPLETE_STATIC,"app/bff/apifull/internal/core/custom_emojis.go, emoji.go, emoji_categories.go: the handlers lack a built-in emoji/custom-emoji catalogue; lookup methods are fixed empty or derive results only from the caller’s synthetic sticker records, and emoji URLs/language catalogues are empty.",BLOCKED_BY_IMPLEMENTATION_GAP,No full business-flow acceptance.
account.getDefaultGroupPhotoEmojis,915860ae,account,/mtproto.RPCCustomEmojis/account_getDefaultGroupPhotoEmojis,KNOWN_INCOMPLETE_STATIC,"app/bff/apifull/internal/core/custom_emojis.go, emoji.go, emoji_categories.go: the handlers lack a built-in emoji/custom-emoji catalogue; lookup methods are fixed empty or derive results only from the caller’s synthetic sticker records, and emoji URLs/language catalogues are empty.",BLOCKED_BY_IMPLEMENTATION_GAP,No full business-flow acceptance.
account.getAutoSaveSettings,adcbbcda,account,/mtproto.RPCAutosave/account_getAutoSaveSettings,ISOLATED_DB_VERIFIED,TestAutoSaveSettingsRoundTrip (teamgram_audit): save/read/delete and per-user isolation.,ISOLATED_DB_ONLY,TestAutoSaveSettingsRoundTrip (teamgram_audit): save/read/delete and per-user isolation.
account.saveAutoSaveSettings,d69b8361,account,/mtproto.RPCAutosave/account_saveAutoSaveSettings,ISOLATED_DB_VERIFIED,TestAutoSaveSettingsRoundTrip (teamgram_audit): save/read/delete and per-user isolation.,ISOLATED_DB_ONLY,TestAutoSaveSettingsRoundTrip (teamgram_audit): save/read/delete and per-user isolation.
account.deleteAutoSaveExceptions,53bc0020,account,/mtproto.RPCAutosave/account_deleteAutoSaveExceptions,ISOLATED_DB_VERIFIED,TestAutoSaveSettingsRoundTrip (teamgram_audit): save/read/delete and per-user isolation.,ISOLATED_DB_ONLY,TestAutoSaveSettingsRoundTrip (teamgram_audit): save/read/delete and per-user isolation.
account.invalidateSignInCodes,ca8ae8ba,account,/mtproto.RPCAuthorization/account_invalidateSignInCodes,PARTIAL_COMPONENT_VERIFIED,"The handler validates the request, authenticated permanent key and cache dependency, resolves the authenticated phone when needed, matches only the requested code/hash, removes the phone/hash aliases, and propagates user/cache provider failures instead of returning a false success. Focused tests cover alias cleanup, read/delete failures, nil dependencies, and user provider errors.",PARTIAL_COMPONENT_ONLY,"Focused authorization core tests only; no live Redis, user-service, complete login-session flow, restart persistence, staging or production acceptance."
account.updateColor,684d214e,account,/mtproto.RPCAccentColors/account_updateColor,PARTIAL_COMPONENT_VERIFIED,"AccountUpdateColor validates the caller and supported legacy/peer-color constructors, forwards for_profile/color/background-emoji values to the authoritative UserClient, propagates provider errors, and fails closed for collectible constructors. TestBackgroundEmoji81010 verifies the request mapping and authenticated boundary; user-service persistence readback and collectible/default catalog behavior remain unverified.",PARTIAL_COMPONENT_ONLY,TestBackgroundEmoji81010 passed with a UserClient stub and confirmed the typed Bool response/request fields. No production User service write or session readback was issued.
account.getDefaultBackgroundEmojis,a60ab9ce,account,/mtproto.RPCAccentColors/account_getDefaultBackgroundEmojis,KNOWN_INCOMPLETE_STATIC,APIFull now returns METHOD_NOT_IMPL instead of a user-selected accent ID; no authoritative default-background emoji catalogue exists.,BLOCKED_BY_IMPLEMENTATION_GAP,No default-background emoji catalogue/provider exists; handler now fails closed.
account.getChannelDefaultEmojiStatuses,7727a7d5,account,/mtproto.RPCEmojiStatus/account_getChannelDefaultEmojiStatuses,KNOWN_INCOMPLETE_STATIC,APIFull now returns METHOD_NOT_IMPL instead of ignoring the channel and returning an empty list; no authoritative channel default-status catalogue exists.,BLOCKED_BY_IMPLEMENTATION_GAP,No channel default-status catalogue/provider exists; handler now fails closed.
account.getChannelRestrictedStatusEmojis,35a9e0d5,account,/mtproto.RPCEmojiStatus/account_getChannelRestrictedStatusEmojis,KNOWN_INCOMPLETE_STATIC,APIFull now returns METHOD_NOT_IMPL instead of ignoring the channel and returning an empty EmojiList; no channel restriction state/catalogue exists.,BLOCKED_BY_IMPLEMENTATION_GAP,No channel restriction state/provider exists; handler now fails closed.
account.updateBusinessWorkHours,4b00e066,account,/mtproto.RPCBusinessOpeningHours/account_updateBusinessWorkHours,PARTIAL_SESSION_VERIFIED,Validates the caller and persists business work hours with timezone and weekly intervals in the authoritative APIFull store.,PARTIAL_ISOLATED_SESSION_E2E,2026-10-06 backend-backend-1 r14 DC2 WebSocket raw Layer 229 probe returned Boolean; production MySQL apifull_kv contained a non-empty bhours row after the write and an empty value after cleanup. GramJS runtime lacks the generated request constructor; restart and full userFull hydration remain unverified.
account.updateBusinessLocation,9e6b131a,account,/mtproto.RPCBusinessLocation/account_updateBusinessLocation,PARTIAL_SESSION_VERIFIED,Validates the caller and persists a business geo point/address in the authoritative APIFull store; an empty request clears the stored value.,PARTIAL_ISOLATED_SESSION_E2E,2026-10-06 backend-backend-1 r14 DC2 WebSocket raw Layer 229 probe returned Boolean; production MySQL apifull_kv contained a non-empty bloc row after the write and an empty value after cleanup. The r14 BFF fixes empty-request clearing. GramJS runtime lacks the generated request constructor; restart and full userFull hydration remain unverified.
account.updateBusinessGreetingMessage,66cdafc4,account,/mtproto.RPCBusinessGreeting/account_updateBusinessGreetingMessage,PARTIAL_SESSION_VERIFIED,Validates the caller and persists the business greeting configuration in the authoritative APIFull store.,PARTIAL_ISOLATED_SESSION_E2E,2026-10-06 backend-backend-1 r14 DC2 WebSocket raw Layer 229 probe returned Boolean; production MySQL apifull_kv contained a non-empty greet row after the write and an empty value after cleanup. GramJS runtime lacks the generated request constructor; recipient delivery and restart persistence remain unverified.
account.updateBusinessAwayMessage,a26a7fa5,account,/mtproto.RPCBusinessGreeting/account_updateBusinessAwayMessage,PARTIAL_SESSION_VERIFIED,Validates the caller and persists the business away-message schedule and recipients in the authoritative APIFull store.,PARTIAL_ISOLATED_SESSION_E2E,2026-10-06 backend-backend-1 r14 DC2 WebSocket raw Layer 229 probe returned Boolean; production MySQL apifull_kv contained a non-empty greet:away row after the write and an empty value after cleanup. GramJS runtime lacks the generated request constructor; recipient delivery and restart persistence remain unverified.
account.updateConnectedBot,66a08c7e,account,/mtproto.RPCBusinessConnectedBots/account_updateConnectedBot,KNOWN_INCOMPLETE_STATIC,"app/bff/apifull/internal/core/business_connected_bots.go: persists a caller-local bot/rights/recipient record, but it is not consumed by business-message delivery or a connected-bot service.",BLOCKED_BY_IMPLEMENTATION_GAP,No full business-flow acceptance.
account.getConnectedBots,4ea4c80f,account,/mtproto.RPCBusinessConnectedBots/account_getConnectedBots,KNOWN_INCOMPLETE_STATIC,app/bff/apifull/internal/core/business_connected_bots.go: returns only caller-local connection records with an empty Users vector; it does not resolve actual bot records or connection service state.,BLOCKED_BY_IMPLEMENTATION_GAP,No full business-flow acceptance.
account.getBotBusinessConnection,76a86270,account,/mtproto.RPCBusinessConnectedBots/account_getBotBusinessConnection,KNOWN_INCOMPLETE_STATIC,"app/bff/apifull/internal/core/business_connected_bots.go: requires an authenticated user and non-empty connection_id, then returns METHOD_NOT_IMPL instead of empty Updates because no business-connection lookup exists.",BLOCKED_BY_IMPLEMENTATION_GAP,"APIFull only stores user-keyed connected-bot settings (bot ID, rights, recipients); there is no connection ID mapping or authoritative business-connection provider."
account.updateBusinessIntro,a614d034,account,/mtproto.RPCBusinessIntro/account_updateBusinessIntro,PARTIAL_SESSION_VERIFIED,Validates the caller and persists the business intro title and description in the authoritative APIFull store.,PARTIAL_ISOLATED_SESSION_E2E,2026-10-06 backend-backend-1 r14 DC2 WebSocket raw Layer 229 probe returned Boolean; production MySQL apifull_kv contained a non-empty bintro row after the write and an empty value after cleanup. GramJS runtime lacks the generated request constructor; sticker hydration and restart persistence remain unverified.
account.toggleConnectedBotPaused,646e1097,account,/mtproto.RPCBusinessConnectedBots/account_toggleConnectedBotPaused,KNOWN_INCOMPLETE_STATIC,app/bff/apifull/internal/core/business_connected_bots.go: overwrites one opaque pause JSON value per user; no bot/peer-specific state is read by connected-bot operations.,BLOCKED_BY_IMPLEMENTATION_GAP,No full business-flow acceptance.
account.disablePeerConnectedBot,5e437ed9,account,/mtproto.RPCBusinessConnectedBots/account_disablePeerConnectedBot,KNOWN_INCOMPLETE_STATIC,app/bff/apifull/internal/core/business_connected_bots.go: overwrites one opaque disabled-peer JSON value per user; it is not read by bot/business message operations.,BLOCKED_BY_IMPLEMENTATION_GAP,No full business-flow acceptance.
account.updateBirthday,cc6e0c11,account,/mtproto.RPCUserChannelProfiles/account_updateBirthday,PARTIAL_COMPONENT_VERIFIED,"app/bff/userchannelprofiles/internal/core/account.updateBirthday_handler.go authenticates the caller, validates the request and User service dependency, forwards the optional Birthday (including nil for clearing), propagates provider errors, and rejects nil provider responses. Focused tests cover request mapping, false responses, clear requests, boundary validation, provider errors and nil responses.",PARTIAL_COMPONENT_ONLY,"Focused UserChannelProfiles core tests use a stub UserClient; no live user-service/MySQL session flow, update delivery, or production acceptance."
account.createBusinessChatLink,8851e68e,account,/mtproto.RPCBusinessChatLinks/account_createBusinessChatLink,PARTIAL_SESSION_VERIFIED,Real production dual-user probe tag codex-link-1791270343677-94227 created an opaque 48-hex slug through DC2 WebSocket -> gateway -> session -> r22 BFF -> MySQL-backed APIFull KV and returned BusinessChatLink; owner listing and tagged cleanup verified.,PARTIAL_ISOLATED_SESSION_E2E,2026-10-06 backend-backend-1 r22 real dual-user probe codex-link-1791270343677-94227; typed response and cleanup verified.
account.editBusinessChatLink,8c3410af,account,/mtproto.RPCBusinessChatLinks/account_editBusinessChatLink,PARTIAL_SESSION_VERIFIED,The same production probe edited the created slug and returned BusinessChatLink with the same slug and updated message/title; second-user resolve read the updated value.,PARTIAL_ISOLATED_SESSION_E2E,2026-10-06 backend-backend-1 r22 real dual-user probe codex-link-1791270343677-94227; typed response and cleanup verified.
account.deleteBusinessChatLink,60073674,account,/mtproto.RPCBusinessChatLinks/account_deleteBusinessChatLink,PARTIAL_SESSION_VERIFIED,The same production probe deleted the temporary slug and returned BoolTrue/Boolean(true); owner listing and Redis byte state returned to their pre-probe values.,PARTIAL_ISOLATED_SESSION_E2E,2026-10-06 backend-backend-1 r22 real dual-user probe codex-link-1791270343677-94227; typed response and cleanup verified.
account.getBusinessChatLinks,6f70dde1,account,/mtproto.RPCBusinessChatLinks/account_getBusinessChatLinks,PARTIAL_SESSION_VERIFIED,The production database auth key for user 136907713 completed a real DC2 WebSocket -> gateway -> session -> BFF call and returned account.BusinessChatLinks.,PARTIAL_ISOLATED_SESSION_E2E,2026-10-06 production read-only probe returned photos.Photos and account.BusinessChatLinks through DC2 WebSocket -> session -> BFF. Both were valid empty results (zero photos/links); non-empty mutation and restart persistence remain open.
account.resolveBusinessChatLink,5492e5ee,account,/mtproto.RPCBusinessChatLinks/account_resolveBusinessChatLink,PARTIAL_SESSION_VERIFIED,"The same production probe resolved the temporary slug from the second authenticated user to account.ResolvedBusinessChatLinks with the owner peer and message, then confirmed the deleted slug fails with INPUT_REQUEST_INVALID instead of encoding a nil Peer.",PARTIAL_ISOLATED_SESSION_E2E,2026-10-06 backend-backend-1 r22 real dual-user probe codex-link-1791270343677-94227; typed response and cleanup verified.
account.updatePersonalChannel,d94305e0,account,/mtproto.RPCUserChannelProfiles/account_updatePersonalChannel,PARTIAL_SESSION_VERIFIED,"The handler validates the authenticated caller and non-empty InputChannel, then delegates to the authoritative User service users.personal_channel_id persistence path and propagates provider errors. The current User service does not enforce channel ownership in this RPC, so callers must be limited by the surrounding profile picker/admin path.",PARTIAL_ISOLATED_SESSION_E2E,"2026-10-07 backend-backend-1 production reversible roundtrip used user 136907714's registered auth key and owned channel 1 (creator/access hash verified from production MySQL) over DC2 WebSocket -> gateway -> session -> UserChannelProfiles BFF -> User service/MySQL. account.updatePersonalChannel returned Boolean, users.personal_channel_id changed 0 -> 1, and users.getFullUser returned typed users.UserFull. The deployed users BFF has no PersonalChannelPlugin, so the optional personalChannelId field was not exposed in that response. The original DB value and user_data.2#136907714 Redis cache were restored byte-for-byte; ownership enforcement, cross-session updates, and restart persistence remain unverified."
account.toggleSponsoredMessages,b9d9a38d,account,/mtproto.RPCSponsoredMessages/account_toggleSponsoredMessages,KNOWN_INCOMPLETE_STATIC,app/bff/sponsoredmessages/internal/core/account.toggleSponsoredMessages_handler.go: validates Bool and returns METHOD_NOT_IMPL for valid requests because there is no ad preference consumer or inventory provider; it no longer writes an unconsumed local flag.,BLOCKED_BY_IMPLEMENTATION_GAP,No full business-flow acceptance or ad provider.
account.getReactionsNotifySettings,6dd654c,account,/mtproto.RPCReactionNotification/account_getReactionsNotifySettings,ISOLATED_COMPONENT_VERIFIED,"TestReactionNotifySettingsRoundTrip passed with a scoped in-memory persistence store (the package harness connected to a disposable isolated teamgram_audit database): all messages/stories/poll notify-from fields, local sound predicate/title/data, show_previews, default/none/ringtone sound variants, and nil-input defaults read back without data loss. The running isolated BFF was not rebuilt with this APIFull change, and the installed GramJS runtime is Layer 228 without reaction RPC constructors, so no live session acceptance was possible.",ISOLATED_COMPONENT_ONLY,Source and focused component persistence/readback are verified; the isolated runtime was not rebuilt for this APIFull change and its Layer 228 GramJS runtime cannot invoke account.getReactionsNotifySettings. No production traffic or restart persistence was exercised.
account.setReactionsNotifySettings,316ce548,account,/mtproto.RPCReactionNotification/account_setReactionsNotifySettings,ISOLATED_COMPONENT_VERIFIED,"TestReactionNotifySettingsRoundTrip passed with a scoped in-memory persistence store (the package harness connected to a disposable isolated teamgram_audit database): account.setReactionsNotifySettings preserves all messages/stories/poll notify-from fields, local sound predicate/title/data, show_previews, default/none/ringtone sound variants, and nil-input defaults; the implementation retains the legacy ringtone-only read fallback. The running isolated BFF was not rebuilt with this APIFull change, and the installed GramJS runtime is Layer 228 without reaction RPC constructors, so no live session acceptance was possible.",ISOLATED_COMPONENT_ONLY,Source and focused component persistence/readback are verified; the isolated runtime was not rebuilt for this APIFull change and its Layer 228 GramJS runtime cannot invoke account.setReactionsNotifySettings. No production traffic or restart persistence was exercised.
account.getCollectibleEmojiStatuses,2e7b4543,account,/mtproto.RPCEmojiStatus/account_getCollectibleEmojiStatuses,KNOWN_INCOMPLETE_STATIC,APIFull now returns METHOD_NOT_IMPL instead of an empty list; there is no collectible-status catalogue or owner/value lookup.,BLOCKED_BY_IMPLEMENTATION_GAP,No collectible-status catalogue/provider exists; handler now fails closed.
account.getPaidMessagesRevenue,19ba4a67,account,/mtproto.RPCPaidMessage/account_getPaidMessagesRevenue,KNOWN_INCOMPLETE_STATIC,The handler authenticates then returns METHOD_NOT_IMPL because no canonical payment or paid-content provider exists; it does not return a synthetic success or mutate local payment state.,BLOCKED_BY_IMPLEMENTATION_GAP,TestPaidProductMethodsFailClosedWithoutPersistence passed in the isolated APIFull test package and verifies nil METHOD_NOT_IMPL without persistence.
account.toggleNoPaidMessagesException,fe2eda76,account,/mtproto.RPCPaidMessage/account_toggleNoPaidMessagesException,KNOWN_INCOMPLETE_STATIC,The handler authenticates then returns METHOD_NOT_IMPL because no canonical payment or paid-content provider exists; it does not return a synthetic success or mutate local payment state.,BLOCKED_BY_IMPLEMENTATION_GAP,TestPaidProductMethodsFailClosedWithoutPersistence passed in the isolated APIFull test package and verifies nil METHOD_NOT_IMPL without persistence.
account.setMainProfileTab,5dee78b0,account,/mtproto.RPCUserChannelProfiles/account_setMainProfileTab,PARTIAL_SESSION_VERIFIED,Validates the authenticated user and writes the selected ProfileTab through the User service to users.main_tab.,PARTIAL_ISOLATED_SESSION_E2E,2026-10-06 backend-backend-1 r14 DC2 WebSocket raw Layer 229 probe returned Boolean; production MySQL users.main_tab changed 0 -> 1 for profileTabPosts and was restored to 0. GramJS runtime lacks the generated request constructor; cross-session update and restart persistence remain unverified.
account.saveMusic,b26732a9,account,/mtproto.RPCUserChannelProfiles/account_saveMusic,PARTIAL_COMPONENT_VERIFIED,"Validates auth/request/input document and optional after_id before forwarding to UserClient; preserves BoolFalse and propagates dependency/nil-response failures. Focused tests cover valid forwarding absent after_id invalid inputs false result RPC error and nil response. User service unsave matching now uses the requested document ID rather than the owner ID.",PARTIAL_ISOLATED_SESSION_E2E,"2026-10-07 backend-backend-1 production reversible probe used user 136907713 and an existing production document. account.saveMusic saved the document through DC2 WebSocket -> gateway -> session -> BFF -> User service/MySQL, returned Boolean, and account.getSavedMusicIds read it back; the unsave call returned Boolean and left a deleted=1 row only. No active row remained and no other user/service was changed."
account.getSavedMusicIds,e09d5faf,account,/mtproto.RPCUserChannelProfiles/account_getSavedMusicIds,PARTIAL_COMPONENT_VERIFIED,"Validates auth/request/dependencies, handles nil responses, copies persisted IDs and returns the canonical unordered-ID hash/not-modified response. Focused tests cover returned IDs, hash hit, nil response and invalid auth/request.",PARTIAL_ISOLATED_SESSION_E2E,"2026-10-07 backend-backend-1 production reversible probe used user 136907713 and an existing production document. After account.saveMusic, account.getSavedMusicIds returned the non-empty document ID; the same computed hash returned account.SavedMusicIdsNotModified; after unsave the list was empty. Direct MySQL verification found only the expected deleted=1 soft-delete row."
account.getUniqueGiftChatThemes,e42ce9c9,account,/mtproto.RPCThemes/account_getUniqueGiftChatThemes,KNOWN_INCOMPLETE_STATIC,"app/bff/apifull/internal/core/themes.go: upload/create/update only save the request and return synthetic empty objects; install/save retain only an ID/slug, reads synthesize theme data, and messages.setChatTheme only stores the request without applying it to a peer or broadcasting an update.",BLOCKED_BY_IMPLEMENTATION_GAP,No full business-flow acceptance.
account.initPasskeyRegistration,429547e8,account,/mtproto.RPCPasskey/account_initPasskeyRegistration,PARTIAL_SESSION_VERIFIED,"app/bff/passkey creates a persisted one-time WebAuthn registration challenge, rejects missing or unsafe RP/origin configuration, and wraps returned options as a typed DataJSON TL object. The isolated configuration supplies an explicit HTTPS RP; deployment must replace it with the real relying-party configuration.",PARTIAL_ISOLATED_SESSION_E2E,"docker/web-isolated/probe-passkey-options.ts logged in through WebSocket/session/BFF, parsed account.initPasskeyRegistration options with the configured RP and non-empty challenge, and MySQL contained the registration ceremony row. No real authenticator attestation or production registration was exercised."
account.registerPasskey,55b41fd6,account,/mtproto.RPCPasskey/account_registerPasskey,PARTIAL_COMPONENT_VERIFIED,"app/bff/passkey requires matching Raw-URL base64 id/raw_id fields, parses and verifies the attestation against the stored challenge, persists the credential public key with a client-compatible dc_id:user_id WebAuthn user handle, and rejects challenge replay/invalid assertions. It remains disabled until a trusted RP/provider is configured.",BLOCKED_BY_IMPLEMENTATION_GAP,"Passkey core/provider tests and MySQL DAO tests cover ID matching, attestation/replay, credential persistence and client user-handle format; no configured real authenticator or production registration was exercised."
account.getPasskeys,ea1f0c52,account,/mtproto.RPCPasskey/account_getPasskeys,PARTIAL_SESSION_VERIFIED,"Authenticated reads are ownership-scoped to the persisted WebAuthn credential table and return stored IDs, names and usage dates. The isolated configuration supplies an explicit HTTPS RP and readback was exercised through the live session path.",PARTIAL_ISOLATED_SESSION_E2E,docker/web-isolated/probe-passkey-options.ts returned a typed account.Passkeys vector for the logged-in fixture; no registered authenticator credential or production readback was exercised.
account.deletePasskey,f5b5563f,account,/mtproto.RPCPasskey/account_deletePasskey,PARTIAL_SESSION_VERIFIED,Deletes are ownership-scoped and remove the credential from the persisted WebAuthn table; missing credentials return BoolFalse. The isolated configuration supplies an explicit HTTPS RP and deletion was exercised through the live session path.,PARTIAL_ISOLATED_SESSION_E2E,docker/web-isolated/probe-passkey-options.ts returned BoolFalse for an unknown credential through the live WebSocket/session/BFF path; no registered authenticator credential or production deletion was exercised.
account.confirmBotConnection,67ed1f68,account,/mtproto.RPCAccount/account_confirmBotConnection,ROUTED_NOT_FUNCTIONALLY_ACCEPTED,/mtproto.RPCAccount/account_confirmBotConnection,NOT_ACCEPTED,Route evidence only; no full business-flow acceptance.
account.getWebBrowserSettings,56655768,account,/mtproto.RPCWebBrowser/account_getWebBrowserSettings,PARTIAL_SESSION_VERIFIED,真实生产客户端经 DC2 WebSocket -> gateway -> session -> BFF -> MySQL 读取 account.WebBrowserSettings；hash 回读得到 account.WebBrowserSettingsNotModified。生产可逆写入恢复后，精确 MySQL 清理核对无残留。,PARTIAL_ISOLATED_SESSION_E2E,真实生产客户端经 DC2 WebSocket -> gateway -> session -> BFF -> MySQL 读取 account.WebBrowserSettings；hash 回读得到 account.WebBrowserSettingsNotModified。生产可逆写入恢复后，精确 MySQL 清理核对无残留。
account.updateWebBrowserSettings,9adf82fe,account,/mtproto.RPCWebBrowser/account_updateWebBrowserSettings,PARTIAL_SESSION_VERIFIED,真实生产 session 写入并读回两项设置；直接 MySQL apifull_kv 读回相同值，随后经 RPC 恢复原值。,PARTIAL_ISOLATED_SESSION_E2E,真实生产 session 写入并读回两项设置；直接 MySQL apifull_kv 读回相同值，随后经 RPC 恢复原值。
account.toggleWebBrowserSettingsException,60ed4229,account,/mtproto.RPCWebBrowser/account_toggleWebBrowserSettingsException60ED4229,PARTIAL_SESSION_VERIFIED,真实生产 session 新增临时域名例外并收到 Updates；RPC 与 MySQL 均读回，随后删除，恢复原设置并清理原先不存在的唯一 MySQL key。,PARTIAL_ISOLATED_SESSION_E2E,真实生产 session 新增临时域名例外并收到 Updates；RPC 与 MySQL 均读回，随后删除，恢复原设置并清理原先不存在的唯一 MySQL key。
account.deleteWebBrowserSettingsExceptions,86a0765d,account,/mtproto.RPCWebBrowser/account_deleteWebBrowserSettingsExceptions,PARTIAL_COMPONENT_VERIFIED,webbrowser/internal/core clears the per-user external and in-app exception lists and returns typed account.WebBrowserSettings.,PARTIAL_COMPONENT_ONLY,Focused component test verifies clearing both exception lists. No deployed session or production persistence acceptance.
users.getUsers,d91a548,users,/mtproto.RPCUsers/users_getUsers,PARTIAL_SESSION_VERIFIED,"BFF validates authentication and every InputUser, propagates UserClient errors, rejects nil provider responses, and returns the provider-hydrated user vector including self. The deployed User service supplies the canonical mutable user data and access hashes.",PARTIAL_ISOLATED_SESSION_E2E,"2026-10-07 backend-backend-1 production read-only probe for user 136907714 sent InputUserSelf and InputUser(136907713, access_hash=1398430508110637198) over DC2 WebSocket -> gateway -> session -> users BFF -> biz user -> MySQL. It returned two typed User values with IDs 136907714/136907713 and access hashes 574680665283270059/1398430508110637198; writes=0. Broader privacy/entity semantics and restart persistence remain unverified."
users.getFullUser,b60f5918,users,/mtproto.RPCUsers/users_getFullUser,PARTIAL_SESSION_VERIFIED,"The handler propagates User/Chat/Dialog RPC errors and fails closed on missing required users/responses. chat.getUsersChatIdList now propagates DAO errors; privacy chat-participant rules match real basic-group membership, while channel IDs fail closed with METHOD_NOT_IMPL. Common-chat counts still use basic groups only, and optional full-user fields remain incomplete.",PARTIAL_ISOLATED_SESSION_E2E,"2026-10-07 backend-backend-1 production read-only probe for user 136907714 invoked users.getFullUser(InputUserSelf) over DC2 WebSocket -> gateway -> session -> users BFF -> biz user/chat/dialog services -> MySQL. It returned users.UserFull with fullUser.id=136907714 in the same run that hydrated two canonical User entities; writes=0. Channel privacy rules, full common-chat semantics and restart persistence remain unverified."
users.setSecureValueErrors,90c894b5,users,/mtproto.RPCPassport/users_setSecureValueErrors,PARTIAL_COMPONENT_VERIFIED,"passport_impl_test.go verifies verified-bot authority, target user/access-hash validation, and no-write behavior for rejected callers before persisting errors.",PARTIAL_COMPONENT_ONLY,Focused Passport tests only; no live bot/session or external Passport provider acceptance.
users.getRequirementsToContact,d89a83a3,users,/mtproto.RPCPrivacySettings/users_getRequirementsToContact,PARTIAL_SESSION_VERIFIED,"The handler authenticates the caller, resolves the target through the authoritative User privacy/global-settings/contact providers, and returns paid-messages or premium requirements only when the target's persisted settings require them.",PARTIAL_ISOLATED_SESSION_E2E,"2026-10-06 backend-backend-1 r15 production probe over DC2 WebSocket -> gateway -> session -> privacysettings BFF -> User/MySQL covered the empty and premium branches: the baseline returned Vector<RequirementToContact> containing RequirementToContactEmpty; after enabling the target's premium contact requirement, the requester received RequirementToContactPremium. The temporary privacy row was removed and the original state was restored and verified in MySQL. Contact exemption and restart persistence remain unverified."
users.getSavedMusic,788d7fe3,users,/mtproto.RPCUserChannelProfiles/users_getSavedMusic,PARTIAL_COMPONENT_VERIFIED,"Validates target identity/access hash and SAVED_MUSIC privacy, filters deleted/missing documents in saved-list order, and supports complete-list hash, not-modified, offset, and limit. Focused UserClient/MediaClient stub tests cover self pages/hash, access-hash/privacy denial, and nil responses.",PARTIAL_ISOLATED_SESSION_E2E,"2026-10-07 backend-backend-1 production reversible probe used user 136907713 and an existing production document. After account.saveMusic, users.getSavedMusic(InputUserSelf) returned typed users.SavedMusic with one hydrated Document; the same document was removed through account.saveMusic(unsave) and the active MySQL row was cleared. Cross-user privacy, non-self access-hash and restart persistence remain unaccepted."
users.getSavedMusicByID,7573a4e9,users,/mtproto.RPCUserChannelProfiles/users_getSavedMusicByID,PARTIAL_COMPONENT_VERIFIED,"The handler validates InputUser and target access hash, applies the target's SAVED_MUSIC privacy rules, intersects requested document IDs with the target's saved list, and validates document access hashes. Unsupported chat-participant privacy rules and nil-success dependency responses fail closed; stale saved IDs whose media document no longer exists are filtered.",PARTIAL_ISOLATED_SESSION_E2E,"2026-10-07 backend-backend-1 production reversible probe used user 136907713 and an existing production document. While the document was saved, users.getSavedMusicByID(InputUserSelf, the exact InputDocument with its production access hash) returned typed users.SavedMusic with one hydrated Document; the document was then unsaved and the active MySQL row cleared. Cross-user privacy, invalid access-hash and restart persistence remain unaccepted."
users.suggestBirthday,fc533372,users,/mtproto.RPCUserChannelProfiles/users_suggestBirthday,KNOWN_INCOMPLETE_STATIC,"The handler preserves recipient and birthday validation, then returns METHOD_NOT_IMPL for valid requests. It no longer saves an unconsumed local JSON suggestion or returns empty Updates; no recipient-facing read, accept/reject, notification, or update path exists.",BLOCKED_BY_IMPLEMENTATION_GAP,Focused tests and the full userchannelprofiles core package pass for fail-closed behavior and input validation. This removes false success only; birthday suggestions remain unimplemented until a recipient workflow exists.
contacts.getContactIDs,7adc669d,contacts,/mtproto.RPCContacts/contacts_getContactIDs,PARTIAL_SESSION_VERIFIED,"contacts.getContactIDs authenticates, propagates user.getContactList errors, fails closed on nil/invalid contact rows, sorts IDs, computes the Telegram contacts hash, and returns protocol int values. Focused stub tests cover hashing, ordering, malformed responses, authentication and nil requests; isolated fourteen-user flow verified that imported Carol and added Bob are returned by the live path.",PARTIAL_ISOLATED_SESSION_E2E,"2026-10-07 backend-backend-1 r21 probe docker/production/probe-contacts-readonly.ts authenticated production user 136907714 over DC2 WebSocket -> gateway -> session -> Contacts BFF -> User service -> MySQL. contacts.getContactIDs(hash=0) returned the single ID from the active user_contacts row; supplying the canonical contact-list hash produced an empty vector. Contact IDs and hash branch matched production data; contact/presence snapshots were unchanged; writes=0."
contacts.getStatuses,c4a353ee,contacts,/mtproto.RPCContacts/contacts_getStatuses,PARTIAL_SESSION_VERIFIED,"contacts.getStatuses propagates user.getContactList/user.getLastSeens errors and now emits one ContactStatus per contact, using userStatusEmpty when no user_presences row exists. Focused stub tests cover dependency failures, empty contacts, malformed responses and a missing last-seen row; isolated fourteen-user flow verified live status results for contacts with and without presence data.",PARTIAL_ISOLATED_SESSION_E2E,"2026-10-07 backend-backend-1 r21 probe docker/production/probe-contacts-readonly.ts authenticated production user 136907714 over DC2 WebSocket -> gateway -> session -> Contacts BFF -> User service -> MySQL. contacts.getStatuses returned exactly one UserStatusOffline matching the contact's persisted user_presences.last_seen_at; the contact/presence snapshots were unchanged; writes=0. Missing-presence production behavior and process-restart persistence remain unverified."
contacts.getContacts,5dd69e12,contacts,/mtproto.RPCContacts/contacts_getContacts,PARTIAL_SESSION_VERIFIED,"contacts.getContacts authenticates, propagates contact-list and mutable-user RPC errors, rejects nil/invalid rows or missing entities, avoids an empty user lookup, returns hydrated Contact/User vectors, and returns contacts.contactsNotModified for a matching nonzero sorted-contact hash while hash=0 forces a full response. Focused BFF tests cover hydration, empty lists, hash mismatch and matching-hash short-circuit.",PARTIAL_ISOLATED_SESSION_E2E,"2026-10-07 backend-backend-1 r21 read-only probe docker/production/probe-contacts-readonly.ts authenticated production user 136907714 over DC2 WebSocket -> gateway -> session -> Contacts BFF -> User service -> MySQL. hash=0 returned contacts.Contacts with the one active user_contacts row and its hydrated User; the canonical nonzero contact hash returned contacts.ContactsNotModified. Contact and presence snapshots were unchanged; writes=0. Multi-contact and process-restart persistence remain unverified."
contacts.importContacts,2c800be5,contacts,/mtproto.RPCContacts/contacts_importContacts,PARTIAL_SESSION_VERIFIED,"Contacts BFF validates InputContact vectors, preserves request ordering, validates imported response entities, propagates backend/persistence errors, and treats an empty vector as a no-op. UserCore validates inputs, propagates lookup/contact/cache/hydration/unregistered-contact/count-query errors, and returns PopularContact counts from distinct active unregistered_contacts importers. Isolated fourteen-user GramJS flow imported registered Carol by E.164 and checked the returned user/client ID plus subsequent contacts.getSaved/getContacts readback.",PARTIAL_ISOLATED_SESSION_E2E,Isolated fourteen-user flow: contacts.importContacts(+12025550103) returned Carol with the submitted client ID; saved-phone and registered-contact reads succeeded through real WebSocket/session/BFF/user-service calls. No production traffic or process-restart persistence check.
contacts.deleteContacts,96a0e00,contacts,/mtproto.RPCContacts/contacts_deleteContacts,PARTIAL_SESSION_VERIFIED,"The isolated contact-management probe added Bob as Alice's contact, called contacts.deleteContacts with a real InputUser, received Updates, and confirmed Bob was absent from a subsequent contacts.getContacts response through WebSocket/session/BFF/User/MySQL. InputUserFromMessage remains separately covered only by focused stubs; multi-contact deletion is not atomic.",PARTIAL_ISOLATED_SESSION_E2E,"2026-10-04 production backend-backend-1 reversible probe: users 136907713/136907714 over DC2 WebSocket exercised session -> BFF -> service -> production MySQL and readback, then restored the prior state. contacts.deleteContacts returned Updates for the temporary direct contact and contacts.getContacts no longer listed it."
contacts.deleteByPhones,1013fd9e,contacts,/mtproto.RPCContacts/contacts_deleteByPhones,PARTIAL_SESSION_VERIFIED,"Registered and unregistered phone deletion now use the caller-scoped User service path. An isolated fourteen-user flow imported one unregistered E.164 phone for Alice and Bob, verified importer counts 1 then 2, deleted Alice's row and confirmed Bob remained with count 1, then deleted Bob's row. Saved-phone removal is also read back. Registered-contact, unregistered-importer and saved-phone writes are separate operations and may partially complete on later failure.",PARTIAL_ISOLATED_SESSION_E2E,Isolated fourteen-user WebSocket/session/BFF/User flow verified registered-phone deletion and caller-scoped unregistered-phone deletion/readback across Alice and Bob. No production traffic or process-restart persistence check.
contacts.block,2e2e8734,contacts,/mtproto.RPCContacts/contacts_block,PARTIAL_SESSION_VERIFIED,BFF core requires UserBlockPeer to confirm persistence and propagates SyncUpdatesNotMe failures. Focused stub tests cover error propagation; the isolated fourteen-user flow also blocked Grace and confirmed her peer in contacts.getBlocked through the live session/BFF/User path.,PARTIAL_ISOLATED_SESSION_E2E,"Isolated fourteen-user flow: contacts.block(Grace) returned true and contacts.getBlocked included Grace. No production traffic, multi-session delivery, or process-restart persistence check."
contacts.unblock,b550d328,contacts,/mtproto.RPCContacts/contacts_unblock,PARTIAL_SESSION_VERIFIED,UserUnBlockPeer returns BoolTrue when the DAO delete/cache operation succeeds and BoolFalse on errors; the BFF rejects false/nil replies and propagates SyncUpdatesNotMe errors. Focused stub tests cover failures; the isolated fourteen-user flow unblocked Grace and confirmed her absence from contacts.getBlocked through the live session/BFF/User path.,PARTIAL_ISOLATED_SESSION_E2E,"Isolated fourteen-user flow: contacts.unblock(Grace) returned true and the subsequent contacts.getBlocked list no longer included Grace. No production traffic, multi-session delivery, or process-restart persistence check."
contacts.getBlocked,9a868f80,contacts,/mtproto.RPCContacts/contacts_getBlocked,PARTIAL_SESSION_VERIFIED,"User.getBlockedList supplies active-row count and offset paging; contacts.getBlocked caps pages at 50, hydrates users/basic chats/APIFull channels, and returns contacts.blockedSlice. The isolated fourteen-user flow and a production reversible block/readback/unblock/readback flow both verified persistence and cleanup. Channel hydration without the optional Plugin, cross-session updates, restart persistence, and broader permission semantics remain unverified.",PARTIAL_ISOLATED_SESSION_E2E,Isolated fourteen-user and production user 136907714 flows returned typed contacts.BlockedSlice; production block of user 136907713 was visible immediately and the final unblock left no active row (only the normal deleted tombstone). Channel hydration and restart persistence remain open.
contacts.search,5f58d0f,contacts,/mtproto.RPCContacts/contacts_search,PARTIAL_SESSION_VERIFIED,"User search and entity errors propagate. Basic-group results fail closed without a user-scoped proof; channel results require complete channelview hydration. The 2026-10-07 r20 production probe returned one non-contact MySQL user in results as PeerUser plus User (results=1, users=1, my_results=0, chats=0). Contact classification, channel/group results, and broader query behavior remain unverified.",PARTIAL_ISOLATED_SESSION_E2E,"2026-10-07 backend-backend-1 r20 probe docker/production/probe-contacts-search-readonly.ts used user 136907714 over DC2 WebSocket -> session -> contacts.search; production MySQL user 777000 had no contact relation and matched the returned results PeerUser/User in contacts.Found. Auth key was read from MySQL into process memory only; no business writes, deployment, or restart."
contacts.resolveUsername,725afbbc,contacts,/mtproto.RPCUsernames/contacts_resolveUsername,PARTIAL_SESSION_VERIFIED,"Usernames resolve to hydrated User entities. Channel peers are hydrated from APIFull's persisted channel projection through channelview.ChatsByID, with the existing plugin as fallback; native channels without either projection still fail closed.",PARTIAL_ISOLATED_SESSION_E2E,"2026-10-07 backend-backend-1 r21 probe docker/production/probe-channel-username-resolution.ts used owner user 136907714 to create a temporary APIFull channel and assign a unique username, then used non-member user 136907713 to resolve it through Contacts/Usernames BFF -> User service -> APIFull channelview. contacts.ResolvedPeer returned the exact PeerChannel and matching non-creator Channel entity/title/username. Cleanup cleared the username and deleted the channel, with zero remaining APIFull channel rows and active username rows. Native-channel resolution, user-peer hydration errors, and restart persistence remain unverified."
contacts.getTopPeers,973478b6,contacts,/mtproto.RPCContacts/contacts_getTopPeers,PARTIAL_SESSION_VERIFIED,"The isolated contact-management probe created a real contact, toggled top peers off and observed contacts.topPeersDisabled, toggled it on and read the contact from the correspondents category, then reset that peer's rating and confirmed it disappeared from the next getTopPeers response. The current implementation derives correspondents from contacts and emits rating zero; it has no interaction/rating telemetry.",PARTIAL_ISOLATED_SESSION_E2E,"Real isolated WebSocket/session/BFF/User/MySQL flow verified the direct-user correspondents category plus toggle/reset state. No production traffic, meaningful interaction ranking, bot/group/channel categories, pagination stress, or restart persistence check."
contacts.resetTopPeerRating,1ae373ac,contacts,/mtproto.RPCContacts/contacts_resetTopPeerRating,PARTIAL_SESSION_VERIFIED,"The isolated contact-management probe sent the Layer 229 request for a real direct-user correspondent and received BoolTrue; the peer was absent from the following contacts.getTopPeers readback. The state is a local hidden-peer preference, not an interaction-rating reset.",PARTIAL_ISOLATED_SESSION_E2E,"Real isolated raw Layer 229 request traversed WebSocket/session/BFF and was read back through contacts.getTopPeers. No production traffic, basic-group/channel peer coverage, restart persistence, or real ranking telemetry."
contacts.resetSaved,879537f1,contacts,/mtproto.RPCContacts/contacts_resetSaved,PARTIAL_SESSION_VERIFIED,The isolated contact-management probe sent the Layer 229 zero-argument request after adding a real contact. BoolTrue was followed by contacts.getContacts omitting that user and contacts.getSaved returning an empty vector through WebSocket/session/BFF/User/MySQL.,PARTIAL_ISOLATED_SESSION_E2E,"Real isolated raw Layer 229 request verified contact and saved-contact clearing. No production traffic, imported/unregistered phone cleanup inspection, cross-user mutual-state readback, failure atomicity, or restart persistence check."
contacts.getSaved,82f1e39f,contacts,/mtproto.RPCContacts/contacts_getSaved,PARTIAL_SESSION_VERIFIED,"Isolated fourteen-user GramJS flow read back saved phone 12025550103 after importing +12025550103, then confirmed it was absent after deleteByPhones. Historical E.164/digit-string normalization was exercised through the live BFF/session path.",PARTIAL_ISOLATED_SESSION_E2E,Isolated fourteen-user flow verified normalized contacts.getSaved readback and removal after contacts.deleteByPhones. No production traffic or process-restart persistence check.
contacts.toggleTopPeers,8514bdda,contacts,/mtproto.RPCContacts/contacts_toggleTopPeers,PARTIAL_SESSION_VERIFIED,The isolated contact-management probe sent false then true through the Layer 229 raw request. contacts.getTopPeers returned contacts.topPeersDisabled while false and returned the real direct contact after re-enable.,PARTIAL_ISOLATED_SESSION_E2E,"Real isolated raw Layer 229 write and typed getTopPeers readback traversed WebSocket/session/BFF/User/MySQL. No production traffic, all category types, restart persistence, or cross-session state delivery check."
contacts.addContact,d9ba2e54,contacts,/mtproto.RPCContacts/contacts_addContact,PARTIAL_SESSION_VERIFIED,Resolves the safe InputUserFromMessage subset by reading the caller’s message and verifying peer/message/author association before UserAddContact; other message-source forms remain unsupported. The isolated fourteen-user flow used a resolved InputUser to add Bob and confirmed the hydrated Bob user through contacts.getContacts.,PARTIAL_ISOLATED_SESSION_E2E,"2026-10-04 production backend-backend-1 reversible probe: users 136907713/136907714 over DC2 WebSocket exercised session -> BFF -> service -> production MySQL and readback, then restored the prior state. contacts.addContact returned Updates for user 136907714, contacts.getContacts read the contact, and cleanup removed it."
contacts.acceptContact,f831a20f,contacts,/mtproto.RPCContacts/contacts_acceptContact,PARTIAL_SESSION_VERIFIED,"The isolated contact-management probe first created Bob's reverse contact, then sent Alice's Layer 229 accept request for Bob. It received Updates and Alice's subsequent contacts.getContacts included Bob through WebSocket/session/BFF/User/MySQL.",PARTIAL_ISOLATED_SESSION_E2E,"Real isolated raw Layer 229 request verified a direct-user reciprocal-contact path and readback. No production traffic, invitation/request semantics beyond the reverse contact setup, cross-session delivery, error-path session coverage, or restart persistence check."
contacts.getLocated,d348bc44,contacts,/mtproto.RPCContacts/contacts_getLocated,PARTIAL_SESSION_VERIFIED,"probe-live-location-privacy.ts created reciprocal Alice/Bob contacts, published Bob's location, confirmed Alice could read it, and confirmed a non-contact could not; cleanup removes the location and contact rows.",PARTIAL_ISOLATED_SESSION_E2E,Isolated WebSocket/session/BFF privacy probe passed reciprocal visibility and stranger exclusion. It does not cover native location providers or restart persistence.
contacts.blockFromReplies,29a8962c,contacts,/mtproto.RPCMessageThreads/contacts_blockFromReplies,PARTIAL_COMPONENT_VERIFIED,"APIFull resolves the authenticated user's message through the authoritative message provider, requires an incoming private-peer message whose sender is a different user, loads both users, persists the block through UserBlockPeer, optionally records spam in the durable report intake, routes delete-message and delete-history flags through the msg provider, and publishes updatePeerBlocked through SyncClient. Provider failures are propagated and missing optional providers fail closed.",PARTIAL_COMPONENT_ONLY,Core package compile-only verification passed. No production/session/database round trip or restart persistence acceptance; message-provider semantics and flag workflows still need isolated and real backend verification.
contacts.resolvePhone,8af94344,contacts,/mtproto.RPCUsers/contacts_resolvePhone,PARTIAL_SESSION_VERIFIED,The isolated contact-management probe established the real reciprocal contact/privacy precondition and resolved Bob's fixture E.164 phone. contacts.resolvePhone returned a peer with Bob's actual user ID through WebSocket/session/BFF/User/MySQL.,PARTIAL_ISOLATED_SESSION_E2E,"Real isolated direct-user consented-phone resolution passed. No production traffic, privacy-denied/unregistered/error session paths, channel/basic-group behavior, or restart persistence check."
contacts.exportContactToken,f8654027,contacts,/mtproto.RPCProfileLinks/contacts_exportContactToken,PARTIAL_ISOLATED_DB_VERIFIED,ContactsExportContactToken now issues a cryptographically random 24-hour token URL and stores its owner/expiry in the APIFull persistence store. TestContactsExportImportContactTokenRoundTrip passed with the APIFull persistence store backed by a disposable isolated MySQL schema; the user-service lookup is stubbed.,PARTIAL_ISOLATED_DB_ONLY,"The core-to-MySQL token issue/readback test passed on a temporary layer229-audit-mysql schema, which was removed after the run. No live user service, Layer 229 session/BFF invocation, or URL resolver was exercised."
contacts.importContactToken,13005788,contacts,/mtproto.RPCProfileLinks/contacts_importContactToken,PARTIAL_ISOLATED_DB_VERIFIED,"ContactsImportContactToken now rejects missing, unknown, expired, self, and deleted-user tokens; a valid token resolves the current owner, adds that user to the importer’s contacts, and returns a populated User. Tests use a stubbed UserClient while token storage is MySQL-backed.",PARTIAL_ISOLATED_DB_ONLY,TestContactsExportImportContactTokenRoundTrip and invalid/expired/write-failure cases passed against a disposable isolated MySQL APIFull schema. User-service reads/writes are stubbed; no Layer 229 session/BFF invocation or cross-session contact update was exercised.
contacts.editCloseFriends,ba6705f0,contacts,/mtproto.RPCContacts/contacts_editCloseFriends,PARTIAL_SESSION_VERIFIED,"The isolated contact-management probe sent the Layer 229 raw request with a real contact ID, then contacts.getContacts returned that User with closeFriend=true. A second empty-vector request cleared the flag in the next readback.",PARTIAL_ISOLATED_SESSION_E2E,"Real isolated raw Layer 229 write/read/clear flow traversed WebSocket/session/BFF/User/MySQL. No production traffic, non-contact/error session paths, cross-session update delivery, or restart persistence check."
contacts.setBlocked,94c65c76,contacts,/mtproto.RPCContacts/contacts_setBlocked,PARTIAL_SESSION_VERIFIED,"The isolated contact-management probe sent Layer 229 raw requests to block Bob, replace Bob with Carol, and clear the vector. Each BoolTrue response was followed by contacts.getBlocked showing the expected direct-user set.",PARTIAL_ISOLATED_SESSION_E2E,"Real isolated raw Layer 229 write/readback flow traversed WebSocket/session/BFF/User/MySQL. No production traffic, my_stories_from behavior, basic-group/channel peer support, failure atomicity, cross-session delivery, or restart persistence check."
contacts.getBirthdays,daeda864,contacts,/mtproto.RPCUserChannelProfiles/contacts_getBirthdays,PARTIAL_COMPONENT_VERIFIED,"Validates authentication, request and user provider availability, propagates birthday and user hydration errors, and encodes ContactBirthdays with hydrated users.",PARTIAL_ISOLATED_SESSION_E2E,"2026-10-06 backend-backend-1 DC2 WebSocket probe returned contacts.ContactBirthdays through gateway -> session -> BFF -> User/MySQL with 0 contacts and 0 users; typed empty response and provider path verified. Real birthday rows, cross-session updates, and restart persistence remain unverified."
contacts.getSponsoredPeers,b6c8c393,contacts,/mtproto.RPCSponsoredMessages/contacts_getSponsoredPeers,KNOWN_INCOMPLETE_STATIC,app/bff/sponsoredmessages/internal/core/contacts.getSponsoredPeers_handler.go: authenticates and returns METHOD_NOT_IMPL for valid requests because no sponsored-peer/ad inventory provider exists; it no longer reports an empty catalogue as success.,BLOCKED_BY_IMPLEMENTATION_GAP,No full business-flow acceptance.
contacts.updateContactNote,139f63fb,contacts,/mtproto.RPCContacts/contacts_updateContactNote,PARTIAL_SESSION_VERIFIED,"The isolated contact-management probe sent a Layer 229 raw request with a real InputUser and TextWithEntities, received BoolTrue, and inspected the isolated apifull_kv row containing the exact stored JSON text before cleanup. Telegram exposes no matching public note-read method in this layer.",PARTIAL_ISOLATED_SESSION_E2E,"Real isolated raw Layer 229 write traversed WebSocket/session/BFF and persisted to isolated MySQL; the temporary row was deleted after inspection. No production traffic, public client readback, entity-rich note coverage, authorization/error session paths, or restart persistence check."
messages.getMessages,63c66506,messages,/mtproto.RPCMessages/messages_getMessages,PARTIAL_SESSION_VERIFIED,"The current isolated WebSocket/session/BFF probe wrote fresh direct and basic-group messages, then read each by ID with messages.getMessages. The handler now checks message-service dependencies, nil boxes and entity provider failures before encoding the protocol's messageEmpty fallback for unknown IDs. A nonmember's basic-group ID request omitted the target message, and id=0 returned MESSAGE_ID_INVALID. Channel entity hydration and native-channel storage remain unavailable.",PARTIAL_ISOLATED_SESSION_E2E,"The isolated direct/basic-group run passed typed by-ID readback and nonmember no-leak checks, then deleted its temporary group and direct message. It does not cover channel hydration, hashes/pagination, restart persistence, or production traffic."
messages.getDialogs,a0f4cb4f,messages,/mtproto.RPCDialogs/messages_getDialogs,PARTIAL_SESSION_VERIFIED,probe-profile-dialog-flows.ts read a real direct dialog after it was moved into a custom folder and archive; current candidate bc939e06 was deployed in the isolated container.,PARTIAL_ISOLATED_SESSION_E2E,Current isolated WebSocket/session/BFF flow passed folder and archive dialog readback. Restart persistence and production traffic remain unverified.
messages.getHistory,4423e6c5,messages,/mtproto.RPCMessages/messages_getHistory,PARTIAL_SESSION_VERIFIED,The current isolated WebSocket/session/BFF probe wrote fresh direct and basic-group messages and read both back with messages.getHistory. A nonmember's basic-group history omitted the target message. The run uses the first history page with hash=0; native channels and their authoritative storage remain unsupported.,PARTIAL_ISOLATED_SESSION_E2E,"2026-10-07 r19 read-only production probe for user 136907714 over DC2 WebSocket -> gateway -> session -> Messages BFF -> APIFull/MySQL returned messages.Messages with 7 rows for an owned APIFull channel. Newest-first order, message IDs, senders, dates, channel entity, and each text SHA-256 matched the production rows; the persisted page snapshot was identical before/after. Wrong access hash returned CHANNEL_INVALID and outsider user 136907713 returned USER_NOT_PARTICIPANT. Existing 2026-10-04 production direct/basic-group history evidence remains. Native channel history, additional pages, and restart persistence remain unverified."
messages.search,29ee847a,messages,/mtproto.RPCMessages/messages_search,PARTIAL_SESSION_VERIFIED,"The BFF and message provider now reject missing authentication, nil/invalid peers, empty queries, and negative limits before DAO access; hashtag and text search propagate DAO errors and use normalized offset/limit values. The current isolated WebSocket/session/BFF probe found fresh direct and basic-group messages with a tagged InputMessagesFilterEmpty query. Voice, round-video, mentions, geo, contacts, and complete Layer 229 pagination/filter semantics remain unsupported or unverified.",PARTIAL_ISOLATED_SESSION_E2E,"2026-10-04 production backend-backend-1 canonical-channel probe: users 136907713/136907714 over DC2 WebSocket created a fresh APIFull channel, invited the second user, and verified the method through session -> BFF -> APIFull -> production MySQL. messages.search returned messages.Messages containing the canonical channel text."
messages.readHistory,e306d3a,messages,/mtproto.RPCMessages/messages_readHistory,PARTIAL_SESSION_VERIFIED,"The BFF validates authentication, request and peer constructors, rejects negative max_id and unsupported channel peers, checks the MsgClient dependency, propagates backend errors, and fails closed on a nil response. Focused mapping and validation tests pass. The current isolated GramJS WebSocket/session/BFF probe sent fresh direct and basic-group messages and read each with messages.readHistory, receiving typed messages.AffectedMessages with pts_count=1.",PARTIAL_ISOLATED_SESSION_E2E,"The isolated direct/basic-group run passed readHistory after persisted write/readback and then cleaned up its temporary data. It does not independently verify read-cursor persistence, native-channel history, process-restart persistence, or production traffic."
messages.deleteHistory,b08f922a,messages,/mtproto.RPCMessages/messages_deleteHistory,PARTIAL_SESSION_VERIFIED,"Validates the authenticated peer and date/message bounds, deletes the selected history through msg/inbox and returns AffectedHistory; empty date wrappers are treated as unset.",PARTIAL_ISOLATED_SESSION_E2E,"2026-10-05 backend-backend-1 DC2 probe created a temporary basic group, called messages.deleteHistory, read back no tagged history for both members, and verified production MySQL deleted tombstones plus a deactivated group. Channel/secret-chat semantics and restart persistence remain partial."
messages.deleteMessages,e58e95d2,messages,/mtproto.RPCMessages/messages_deleteMessages,PARTIAL_SESSION_VERIFIED,"Validates caller ownership and message IDs, deletes sender/recipient copies through msg/inbox, and returns AffectedMessages.",PARTIAL_ISOLATED_SESSION_E2E,"2026-10-05 backend-backend-1 multi-media probe deleted both sides of a temporary direct media group and verified four production MySQL tombstones with no active tagged rows. Other peer permissions, channel/media variants and restart persistence remain partial."
messages.receivedMessages,5a954c0,messages,/mtproto.RPCMessages/messages_receivedMessages,KNOWN_INCOMPLETE_STATIC,"app/bff/messages/internal/core/messages.receivedMessages_handler.go validates authentication, nil requests, and negative max_id before returning METHOD_NOT_IMPL. No authoritative ReceivedNotifyMessage receipt store or push-notification cancellation provider exists in the repository.",BLOCKED_BY_IMPLEMENTATION_GAP,"Focused validation tests cover missing metadata, nil request, negative max_id, and valid fail-closed requests. No provider-backed receipt acknowledgement or business-flow acceptance exists."
messages.setTyping,58943ee2,messages,/mtproto.RPCDialogs/messages_setTyping,PARTIAL_SESSION_VERIFIED,"The BFF validates user, basic-chat, and channel peers, resolves channel membership through the APIFull channel store, and pushes updateChannelUserTyping through Sync to active members. The isolated real-session probe used existing fixture sessions 12025550107 and 12025550108, returned Boolean, and delivered UpdateChannelUserTyping with the correct channel_id and top_msg_id=17; sequential Sync pushes are still not atomic.",PARTIAL_ISOLATED_SESSION_E2E,"The r14 ARM64 BFF was hot-replaced in the isolated stack and the two-user channel typing flow passed. Production backend-backend-1 now runs the same r14 BFF binary and read-only probes pass, but production has no second test account for cross-user typing delivery or restart persistence."
messages.sendMessage,fef48f62,messages,/mtproto.RPCMessages/messages_sendMessage,PARTIAL_SESSION_VERIFIED,"The channel delivery path validates the supplied peer and persists nonzero random_id mappings atomically with the canonical channel message, returning the original message on retry. After commit, the Messages BFF sends Updates to visible roster members through SyncPushUpdatesIfNot and excludes the sending authorization key; a delivery error is returned so the idempotent request can retry fan-out. Migration migrate-20261007-channel-message-idempotency.sql is required before rollout. Replies to linked broadcasts remain stored in their linked megagroup.",PARTIAL_ISOLATED_SESSION_E2E,2026-10-04 production probe verified direct and channel text write/read/edit/delete before the current idempotency and fan-out changes. The dedupe table has not been migrated or exercised in a live session; legacy channels remain outside this provider.
messages.sendMedia,330e77f,messages,/mtproto.RPCMessages/messages_sendMedia,PARTIAL_SESSION_VERIFIED,"Direct user/basic-chat document and photo media retain the Msg service path. Unscheduled InputPeerChannel sends validate channel access, membership and write rights, resolve supported media through the configured Media provider, and persist media, entities and reply markup in the canonical APIFull message row and channel event; retries use original request fields for random_id conflict detection. After commit, Updates fan out to visible roster members through SyncPushUpdatesIfNot. The history and channel-difference encoders hydrate the stored content. The migration is required; this channel route has no live-session acceptance yet. Scheduled media remains unsupported.",PARTIAL_ISOLATED_SESSION_E2E,"2026-10-06 production probe verified direct document upload/readback before this channel-media implementation. It does not cover InputPeerChannel sends or member fan-out. No channel media migration, session probe, or production readback has been run."
messages.forwardMessages,13704a7c,messages,/mtproto.RPCMessages/messages_forwardMessages,PARTIAL_COMPONENT_VERIFIED,"Validates source/destination peers, access hashes, membership and source message ownership, then builds and sends a stored-message forward through MsgSendMessageV2; channel forwarding, scheduled delivery and media-specific options remain provider-gated.",PARTIAL_COMPONENT_ONLY,MessagesForwardMessagesSendsStoredMessageAndReturnsUpdates and failure-boundary tests passed with message/user/msg provider stubs; no live session or channel/media forwarding acceptance.
messages.reportSpam,cf1592db,messages,/mtproto.RPCReports/messages_reportSpam,PARTIAL_ISOLATED_DB_VERIFIED,APIFull validates the authenticated InputPeer and persists a deduplicated moderation intake record before returning BoolTrue. The isolated handler suite covers a real user/chat peer and row persistence.,BLOCKED_BY_IMPLEMENTATION_GAP,No moderation queue consumer/provider applies report review or enforcement in the production stack.
messages.getPeerSettings,efd9a6a2,messages,/mtproto.RPCDialogs/messages_getPeerSettings,PARTIAL_SESSION_VERIFIED,"The handler authenticates before metadata access, validates peer/provider responses, verifies user access hashes and basic-group membership, and hydrates channel Chat entities through the configured DialogsPlugin. The BFF server wires contactsChannelPlugin to channelview.ChatsByID; missing peer settings are represented by the authoritative default PeerSettings row/value.",PARTIAL_ISOLATED_SESSION_E2E,"2026-10-07 backend-backend-1 production read-only probe for user 136907714 queried InputPeerUser(136907713, access_hash=1398430508110637198) over DC2 WebSocket -> gateway -> session -> dialogs BFF -> biz user/MySQL. It returned messages.PeerSettings with settings type PeerSettings, one hydrated User and zero chats; user_peer_settings had no pre-existing row and probe writes=0. Group/channel membership variants and restart persistence remain unverified."
messages.report,fc78af9b,messages,/mtproto.RPCReports/messages_reportFC78AF9B,PARTIAL_ISOLATED_DB_VERIFIED,"APIFull validates a non-empty positive message-ID list and peer, persists the complete request idempotently, and returns reportResultReported only after the insert succeeds. The isolated handler suite verifies the typed result and durable row.",BLOCKED_BY_IMPLEMENTATION_GAP,The result means report intake only; no authoritative moderation consumer/provider or enforcement path is available.
messages.getChats,49e9528f,messages,/mtproto.RPCChats/messages_getChats,PARTIAL_SESSION_VERIFIED,"probe-group-management.ts created a fresh isolated basic group and verified owner readback, no group-title disclosure to a non-member, and omission of an unknown id through the live WebSocket/session/BFF path. Only basic-group IDs were exercised.",PARTIAL_ISOLATED_SESSION_E2E,2026-10-04 production backend-backend-1 basic-group probe: messages.getChats read back the creator-renamed temporary group after messages.editChatTitle through the real WebSocket/session/BFF/Chats/MySQL path. The group was deleted during cleanup; production row deactivated=1.
messages.getFullChat,aeb00b34,messages,/mtproto.RPCChats/messages_getFullChat,PARTIAL_SESSION_VERIFIED,"probe-group-management.ts read active basic-group members and hydrated users through the live path, rejected an initial non-member, and after the isolated BFF hot replacement rejected a removed participant with PEER_ID_INVALID. The source guard requires ChatMemberStateNormal and focused chats-core tests pass. HasScheduled, GroupcallDefaultJoinAs, and some full-chat metadata still lack authoritative sources.",PARTIAL_ISOLATED_SESSION_E2E,2026-10-04 production backend-backend-1 basic-group probe: invited user 136907714 read messages.getFullChat and received typed messages.ChatFull with the sender user hydrated. The temporary group was deleted during cleanup; deactivated=1 in production MySQL.
messages.editChatTitle,73783ffd,messages,/mtproto.RPCChats/messages_editChatTitle,PARTIAL_SESSION_VERIFIED,"probe-group-management.ts rejected empty titles and a normal member, then wrote a creator title and read it back with messages.getChats through the live isolated path.",PARTIAL_ISOLATED_SESSION_E2E,2026-10-04 production backend-backend-1 basic-group probe: creator 136907713 edited a temporary group title and read it back with messages.getChats through WebSocket/session/BFF/Chats/MySQL. The group was deleted during cleanup.
messages.editChatPhoto,35ddd674,messages,/mtproto.RPCChats/messages_editChatPhoto,ROUTED_NOT_FUNCTIONALLY_ACCEPTED,Handler now rejects unauthenticated/nil/zero-chat requests and fails closed on missing media or chat provider responses before sending a service message; chat membership and full session flow remain unaccepted.,NOT_ACCEPTED,No full business-flow acceptance.
messages.addChatUser,cbc6d107,messages,/mtproto.RPCChats/messages_addChatUserCBC6D107,PARTIAL_SESSION_VERIFIED,"probe-group-management.ts added a real fixture member, read the member and hydrated user back through messages.getFullChat, and verified USER_ALREADY_PARTICIPANT for a duplicate invite.",PARTIAL_ISOLATED_SESSION_E2E,"Isolated WebSocket/session/BFF/chat flow verified one creator invite, readback, and duplicate rejection in a fresh basic group. Privacy, bot, forward-history, capacity, and restart-persistence variants remain unverified."
messages.deleteChatUser,a2185cab,messages,/mtproto.RPCChats/messages_deleteChatUser,PARTIAL_SESSION_VERIFIED,"probe-group-management.ts deleted a real fixture member with revoke_history, verified the owner roster no longer contained that user, and verified the removed user received PEER_ID_INVALID from messages.getFullChat after the source active-membership guard was deployed to the isolated BFF. Focused chats-core tests also cover normal/left/kicked/unknown-member rows. Self-leave, revoke-history data semantics, update fan-out, production traffic, and restart persistence remain unverified.",PARTIAL_ISOLATED_SESSION_E2E,"Real four-user isolated WebSocket/session/BFF/chat flow passed deletion, owner roster readback, and removed-member full-chat denial after a single-BFF hot replacement. No production traffic, restart persistence, self-leave, or independent message-history purge acceptance."
messages.createChat,92ceddd4,messages,/mtproto.RPCChats/messages_createChat92CEDDD4,PARTIAL_SESSION_VERIFIED,The isolated WebSocket baseline probe created a real basic group. The baseline used the pre-candidate BFF.,PARTIAL_ISOLATED_SESSION_E2E,2026-10-04 production backend-backend-1 basic-group probe: users 136907713/136907714 over DC2 WebSocket created a temporary basic group through session -> BFF -> Chats/User/MySQL. messages.createChat returned messages.InvitedUsers; the new group was located via messages.getDialogs and then used for a member send/readback. It was deleted during cleanup and deactivated=1 in production MySQL.
messages.getDhConfig,26cf8950,messages,/mtproto.RPCSecretChats/messages_getDhConfig,PARTIAL_SESSION_VERIFIED,/mtproto.RPCSecretChats/messages_getDhConfig,PARTIAL_ISOLATED_SESSION_E2E,"2026-10-04 production backend-backend-1 secret-chat DH probe returned messages.DhConfig with version 1, 256-byte prime and generator 3; both client-side exponent pairs computed equal shared keys and fingerprints."
messages.requestEncryption,f64daf43,messages,/mtproto.RPCSecretChats/messages_requestEncryption,PARTIAL_COMPONENT_VERIFIED,"app/bff/apifull/internal/core/secret_chats.go validates participant access hashes, persists apifull_secret_chat and pushes requested/waiting encryption updates to both users. Signed production auth-key IDs are accepted as nonzero device IDs.",PARTIAL_ISOLATED_SESSION_E2E,"2026-10-04 production backend-backend-1 secret-chat DH probe created a temporary chat through WebSocket -> session -> BFF -> production MySQL, returned EncryptedChatWaiting, and exercised offline recovery before cleanup."
messages.acceptEncryption,3dbc0415,messages,/mtproto.RPCSecretChats/messages_acceptEncryption,PARTIAL_COMPONENT_VERIFIED,"Accept validates chat access and participant ownership, persists g_b/key fingerprint and per-device public keys, and protects a newer device key from stale retries.",PARTIAL_ISOLATED_SESSION_E2E,2026-10-04 production backend-backend-1 secret-chat DH probe accepted the same chat on two permanent auth keys for user 136907714; both returned EncryptedChat and production MySQL persisted distinct epoch-1 device-key rows without key rollback.
messages.discardEncryption,f393aea0,messages,/mtproto.RPCSecretChats/messages_discardEncryption,PARTIAL_COMPONENT_VERIFIED,"Discard is authorization-scoped, persists discarded/history state and pushes encrypted-chat discard updates to both participants.",PARTIAL_ISOLATED_SESSION_E2E,"2026-10-04 production backend-backend-1 secret-chat DH probe discarded the recovered chat with delete_history=true and received Boolean; the failed-probe leftovers were also cleaned through the same RPC, leaving no waiting chat or message residue."
messages.setEncryptedTyping,791451ed,messages,/mtproto.RPCSecretChats/messages_setEncryptedTyping,PARTIAL_COMPONENT_VERIFIED,Typing validates the active secret chat and pushes encrypted-chat typing updates to the peer; it does not fabricate a local success without chat authorization.,PARTIAL_COMPONENT_ONLY,Secret-chat core tests cover input and authorization branches; no live two-user session flow or production persistence was exercised.
messages.readEncryptedHistory,7f4b690a,messages,/mtproto.RPCSecretChats/messages_readEncryptedHistory,PARTIAL_COMPONENT_VERIFIED,"Read history validates the active secret chat, records the read date and pushes the encrypted-read update to the peer.",PARTIAL_ISOLATED_SESSION_E2E,"2026-10-04 production backend-backend-1 secret-chat DH probe reconnected both sessions after the handshake and read encrypted history, receiving Boolean."
messages.sendEncrypted,44fa7a15,messages,/mtproto.RPCSecretChats/messages_sendEncrypted,PARTIAL_COMPONENT_VERIFIED,"Encrypted payloads are size/random-id validated, persisted in apifull_secret_message with recipient qts and pushed through Sync; duplicate random IDs and invalid chats fail closed.",PARTIAL_ISOLATED_SESSION_E2E,"2026-10-04 production backend-backend-1 secret-chat DH probe sent after reconnect from Alice and from Bob's second auth key; messages.SentEncryptedMessage and updates.Difference returned, the ciphertext matched byte-for-byte, and read history marked the recipient row read. The payload was random bytes, so AES-IGE plaintext decryption remains unverified."
messages.sendEncryptedFile,5559481d,messages,/mtproto.RPCSecretChats/messages_sendEncryptedFile,PARTIAL_COMPONENT_VERIFIED,"Encrypted file uploads use DFS, then persist file metadata with the encrypted message and push it to the recipient through Sync.",PARTIAL_COMPONENT_ONLY,"Secret-chat domain/core tests cover file validation and message persistence; no live two-user session flow, file download or production persistence was exercised."
messages.sendEncryptedService,32d439a4,messages,/mtproto.RPCSecretChats/messages_sendEncryptedService,PARTIAL_COMPONENT_VERIFIED,"Service payloads are persisted with the service flag, assigned recipient qts and pushed through Sync after active-chat authorization.",PARTIAL_COMPONENT_ONLY,Secret-chat domain/core tests cover service message persistence and authorization; no live two-user session flow or production persistence was exercised.
messages.receivedQueue,55a5bb66,messages,/mtproto.RPCSecretChats/messages_receivedQueue,PARTIAL_COMPONENT_VERIFIED,Queue confirmation atomically marks recipient qts as acknowledged and returns the confirmed message IDs.,PARTIAL_COMPONENT_ONLY,Secret-chat domain tests cover qts ordering and confirmation; no live two-user session flow or production persistence was exercised.
messages.reportEncryptedSpam,4b0c8c0f,messages,/mtproto.RPCReports/messages_reportEncryptedSpam,PARTIAL_ISOLATED_DB_VERIFIED,APIFull validates the encrypted-chat ID and persists an actor-scoped idempotent intake record before returning BoolTrue. The isolated handler suite covers the typed response and durable row.,BLOCKED_BY_IMPLEMENTATION_GAP,No authoritative secret-chat moderation consumer/provider or enforcement path is wired.
messages.readMessageContents,36a73f77,messages,/mtproto.RPCMessages/messages_readMessageContents,PARTIAL_SESSION_VERIFIED,"Current source authenticates and validates IDs, groups loaded user/basic-group rows by resolved peer, prevalidates the full batch before mutation, and rejects nil dependencies/responses and unsupported channel peers. Focused tests cover malformed input, dependency/response failures, grouping, and pre-mutation rejection. The current isolated run returned typed affected results for direct and basic-group content reads and cleared a fresh basic-group mention; its BFF container predates this source change, so it does not verify the new grouping or fail-closed guards. Reaction provider and channel support remain unavailable; per-peer writes are not cross-service atomic.",PARTIAL_ISOLATED_SESSION_E2E,"The isolated deployed BFF passed direct/basic-group content reads and the unread-mention clear/readback sequence. The container was not rebuilt from the current source, so this is not deployment evidence for its new validation/grouping logic. No reaction-provider, channel, mixed-peer atomicity, restart-persistence, or production-traffic coverage exists."
messages.getStickers,d5a5d3a1,messages,/mtproto.RPCStickers/messages_getStickers,KNOWN_INCOMPLETE_STATIC,"app/bff/apifull/internal/core/stickers.go authenticates first, then returns METHOD_NOT_IMPL because APIFull has no authoritative sticker catalog/index. media.uploadStickerFile now persists uploaded documents through the existing DFS/media path, but no sticker-set provider exposes those documents for lookup.",BLOCKED_BY_IMPLEMENTATION_GAP,Focused fail-closed tests cover authenticated and unauthenticated sticker handlers; no provider-backed acceptance exists.
messages.getAllStickers,b8a0a1a8,messages,/mtproto.RPCStickers/messages_getAllStickers,KNOWN_INCOMPLETE_STATIC,"app/bff/apifull/internal/core/stickers.go authenticates first, then returns METHOD_NOT_IMPL because APIFull has no authoritative sticker catalog/index. media.uploadStickerFile now persists uploaded documents through the existing DFS/media path, but no sticker-set provider exposes those documents for lookup.",BLOCKED_BY_IMPLEMENTATION_GAP,Focused fail-closed tests cover authenticated and unauthenticated sticker handlers; no provider-backed acceptance exists.
messages.getWebPagePreview,570d6f6f,messages,/mtproto.RPCWebPage/messages_getWebPagePreview570D6F6F,PARTIAL_SESSION_VERIFIED,"app/bff/apifull/internal/core/web_page.go normalizes safe HTTP(S) URLs, derives stable IDs/hashes, persists records, extracts URLs from text/entities, and returns typed preview media. Focused tests cover canonicalization, persistence, entity extraction, empty previews, and local-address rejection. A real isolated GramJS session also verified preview URL/type and private-address rejection. It does not fetch remote metadata.",PARTIAL_ISOLATED_SESSION_E2E,Isolated WebSocket/session/BFF flow passed messages.getWebPagePreview for a real URL and returned messageMediaWebPage with stable URL-derived fields; localhost preview returned messageMediaEmpty. Hash/restart persistence and remote OpenGraph/metadata enrichment remain unverified.
messages.exportChatInvite,a455de90,messages,/mtproto.RPCChatInvites/messages_exportChatInvite,PARTIAL_SESSION_VERIFIED,"The current isolated channel-invite probe exported normal and request-needed links for a real APIFull channel, listed and edited them, and rejected a non-admin export.",PARTIAL_ISOLATED_SESSION_E2E,"Current isolated WebSocket/session/BFF flow passed normal/request-needed export, owner readback, and non-admin authorization. Restart persistence and production traffic remain unverified."
messages.checkChatInvite,3eadb1bb,messages,/mtproto.RPCChatInvites/messages_checkChatInvite,PARTIAL_SESSION_VERIFIED,"The current isolated channel-invite probe checked normal and request-needed links, then confirmed a bulk-approved requester received ChatInviteAlready.",PARTIAL_ISOLATED_SESSION_E2E,Current isolated WebSocket/session/BFF flow passed normal/request-needed inspection and approved-member readback. Restart persistence and production traffic remain unverified.
messages.importChatInvite,de91436e,messages,/mtproto.RPCChatInvites/messages_importChatInviteDE91436E,PARTIAL_SESSION_VERIFIED,The current isolated channel-invite probe imported a normal link and received ChatInviteJoinResultOk; request-needed imports returned INVITE_REQUEST_SENT and later passed creator approval/rejection paths.,PARTIAL_ISOLATED_SESSION_E2E,"Current isolated WebSocket/session/BFF flow passed normal joining, request acknowledgement, and subsequent approval/rejection behavior. Restart persistence and production traffic remain unverified."
messages.getStickerSet,c8a0ec74,messages,/mtproto.RPCStickers/messages_getStickerSet,KNOWN_INCOMPLETE_STATIC,"app/bff/apifull/internal/core/stickers.go authenticates first, then returns METHOD_NOT_IMPL because APIFull has no authoritative sticker-set/index provider. media.uploadStickerFile persists documents, but there is no provider linking them to a set or exposing set metadata/documents.",BLOCKED_BY_IMPLEMENTATION_GAP,Focused fail-closed tests cover authenticated and unauthenticated sticker handlers; no provider-backed acceptance exists.
messages.installStickerSet,c78fe460,messages,/mtproto.RPCStickers/messages_installStickerSet,KNOWN_INCOMPLETE_STATIC,"app/bff/apifull/internal/core/stickers.go authenticates first, then returns METHOD_NOT_IMPL for sticker RPCs because no authoritative sticker catalog/media provider is wired; local synthetic catalogues and request-only writes are not exposed.",BLOCKED_BY_IMPLEMENTATION_GAP,Focused fail-closed tests cover authenticated and unauthenticated sticker handlers; no provider-backed acceptance exists.
messages.uninstallStickerSet,f96e55de,messages,/mtproto.RPCStickers/messages_uninstallStickerSet,KNOWN_INCOMPLETE_STATIC,"app/bff/apifull/internal/core/stickers.go authenticates first, then returns METHOD_NOT_IMPL for sticker RPCs because no authoritative sticker catalog/media provider is wired; local synthetic catalogues and request-only writes are not exposed.",BLOCKED_BY_IMPLEMENTATION_GAP,Focused fail-closed tests cover authenticated and unauthenticated sticker handlers; no provider-backed acceptance exists.
messages.startBot,e6df7378,messages,/mtproto.RPCDeepLinks/messages_startBot,KNOWN_INCOMPLETE_STATIC,"APIFull validates the registered bot and both access hashes, then sends `/start` plus a validated deep-link payload through the canonical Msg service with the caller's random_id. Group/channel targets fail closed because bot membership and group delivery are not wired.",BLOCKED_BY_IMPLEMENTATION_GAP,"Direct bot DM dispatch compiles; no isolated session or database acceptance exists, and group/channel start remains unavailable."
messages.getMessagesViews,5784d3e1,messages,/mtproto.RPCMessages/messages_getMessagesViews,PARTIAL_SESSION_VERIFIED,"probe-channel-message-lifecycle.ts and probe-poll-flows.ts read persisted channel and poll view counts as messages.MessageViews, including a real nonzero count; focused tests retain fail-closed behavior for unsupported user/chat increments.",PARTIAL_ISOLATED_SESSION_E2E,"2026-10-04 production backend-backend-1 canonical-channel probe: users 136907713/136907714 over DC2 WebSocket created a fresh APIFull channel, invited the second user, and verified the method through session -> BFF -> APIFull -> production MySQL. messages.getMessagesViews returned messages.MessageViews with a numeric view field for the canonical channel message."
messages.editChatAdmin,a85bd1c2,messages,/mtproto.RPCChats/messages_editChatAdmin,PARTIAL_SESSION_VERIFIED,"probe-group-management.ts sent the Layer 229 binary request because the current GramJS runtime omits its generated constructor, promoted a fixture member, verified the member could edit the title, then demoted it and verified CHAT_ADMIN_REQUIRED on a new title edit.",PARTIAL_ISOLATED_SESSION_E2E,"Isolated WebSocket/session/BFF/chat flow verified promote/demote persistence and an observable permission transition for one basic group. Granular admin rights, update delivery, production traffic, and restart persistence remain unverified."
messages.migrateChat,a2875319,messages,/mtproto.RPCChats/messages_migrateChat,ROUTED_NOT_FUNCTIONALLY_ACCEPTED,/mtproto.RPCChats/messages_migrateChat,NOT_ACCEPTED,Route evidence only; no full business-flow acceptance.
messages.searchGlobal,6126a43c,messages,/mtproto.RPCMessages/messages_searchGlobal,PARTIAL_SESSION_VERIFIED,"The current isolated WebSocket/session/BFF probe found a fresh direct message with messages.searchGlobal using InputMessagesFilterEmpty and an empty offset. The handler now fails closed for missing authentication or message/user/chat providers before dereferencing them, and an empty query returned SEARCH_QUERY_EMPTY. Folder, non-empty filter, date, cursor/rate, full pagination, and native-channel hydration remain unsupported or unverified.",PARTIAL_ISOLATED_SESSION_E2E,"The isolated run passed a typed global search hit for a fresh direct message and empty-query rejection, then cleaned up its temporary data. Focused authentication/provider guard tests pass. It does not cover full cursor/filter semantics, restart persistence, or production traffic."
messages.reorderStickerSets,78337739,messages,/mtproto.RPCStickers/messages_reorderStickerSets,KNOWN_INCOMPLETE_STATIC,"app/bff/apifull/internal/core/stickers.go authenticates first, then returns METHOD_NOT_IMPL for sticker RPCs because no authoritative sticker catalog/media provider is wired; local synthetic catalogues and request-only writes are not exposed.",BLOCKED_BY_IMPLEMENTATION_GAP,Focused fail-closed tests cover authenticated and unauthenticated sticker handlers; no provider-backed acceptance exists.
messages.getDocumentByHash,b1f2061f,messages,/mtproto.RPCFiles/messages_getDocumentByHash,KNOWN_INCOMPLETE_STATIC,app/bff/files/internal/core/messages.getDocumentByHash_handler.go: validates sha256/size/mime but always returns DocumentEmpty; no hash-indexed document lookup exists.,BLOCKED_BY_IMPLEMENTATION_GAP,No full business-flow acceptance.
messages.getSavedGifs,5cf09635,messages,/mtproto.RPCGifs/messages_getSavedGifs,PARTIAL_SESSION_VERIFIED,2026-10-04 production backend-backend-1 r3 probe: existing user session returned typed messages.SavedGifs with hash 0 request and no fabricated document entries.,PARTIAL_ISOLATED_SESSION_E2E,2026-10-04 production backend-backend-1 r3 probe returned messages.SavedGifs through session -> APIFull; empty saved-gif state is a valid persisted user result and no write path was exercised.
messages.saveGif,327a30cb,messages,/mtproto.RPCGifs/messages_saveGif,PARTIAL_SESSION_VERIFIED,Validates the document and writes/removes the caller-scoped saved GIF in the shared Redis/MySQL-backed APIFull store; readback is provided by messages.getSavedGifs.,PARTIAL_ISOLATED_SESSION_E2E,"2026-10-05 backend-backend-1 DC2 probe saved a unique InputDocument, read it through messages.getSavedGifs, restarted BFF, read it again, then unsaved it and verified Redis cleanup. Catalogue pagination and cross-device delivery remain partial."
messages.getInlineBotResults,514e999d,messages,/mtproto.RPCInlineBot/messages_getInlineBotResults,KNOWN_INCOMPLETE_STATIC,app/bff/apifull/internal/core/inline_bot.go authenticates then returns METHOD_NOT_IMPL because no inline-bot query provider or result delivery path exists; it does not read or write a local cache or synthetic result.,BLOCKED_BY_IMPLEMENTATION_GAP,Representative fail-closed tests verify nil METHOD_NOT_IMPL and zero persistence reads/writes; no inline-bot provider or business-flow acceptance exists.
messages.setInlineBotResults,bb12a419,messages,/mtproto.RPCInlineBot/messages_setInlineBotResults,KNOWN_INCOMPLETE_STATIC,app/bff/apifull/internal/core/inline_bot.go authenticates then returns METHOD_NOT_IMPL because no pending inline query or result-delivery provider exists; it does not persist submitted results.,BLOCKED_BY_IMPLEMENTATION_GAP,Representative fail-closed tests verify nil METHOD_NOT_IMPL and zero persistence reads/writes; no inline-bot provider or business-flow acceptance exists.
messages.sendInlineBotResult,c0cf7646,messages,/mtproto.RPCInlineBot/messages_sendInlineBotResult,KNOWN_INCOMPLETE_STATIC,app/bff/apifull/internal/core/inline_bot.go authenticates then returns METHOD_NOT_IMPL because no inline-result message delivery or update provider exists; it does not persist or synthesize an Updates result.,BLOCKED_BY_IMPLEMENTATION_GAP,Representative fail-closed tests verify nil METHOD_NOT_IMPL and zero persistence reads/writes; no inline-bot provider or business-flow acceptance exists.
messages.getMessageEditData,fda68d36,messages,/mtproto.RPCMessages/messages_getMessageEditData,PARTIAL_SESSION_VERIFIED,"PEER_CHANNEL reads APIFull-stored text and validates access hash, membership, creator edit rights and message existence; nullable content_json is now treated as empty content. Native channel messages and media captions remain unavailable. TestHistoryAndEditDataCheckInputPeerAuthorization passed against isolated teamgram_audit.",PARTIAL_ISOLATED_SESSION_E2E,"2026-10-07 r20 returned MessageEditData, r24 exposed a production NULL content_json scan regression, and r25 (`teamgram-server-latest:20261007-r25-prod`) fixed it. On r25, raw TL messages.getMessageEditData#fda68d36 for user 136907714, channel 1790115796396772258, id=7 returned messages.MessageEditData(caption=false); messages.getHistory returned 7 messages whose sender/date/text hashes matched production MySQL. The exact TL request was encoded in memory because GramJS lacked the generated constructor. The creator has no explicit member row and is resolved as an implicit member. Requests were read-only and the message row stayed unchanged (writes=0). Native channel messages and media caption semantics remain unverified."
messages.editMessage,b106e66c,messages,/mtproto.RPCMessages/messages_editMessage,PARTIAL_SESSION_VERIFIED,The non-channel handler propagates MessageGetUserMessageList errors. Channel edits now validate the supplied InputPeer access hash and membership before the creator-only mutation. This phase did not run tests or build.,PARTIAL_ISOLATED_SESSION_E2E,2026-10-04 production probe read back a successful direct and canonical-channel edit before the access-hash validation change. Wrong-hash edit rejection and restart persistence remain unverified.
messages.editInlineBotMessage,a423bb51,messages,/mtproto.RPCInlineBot/messages_editInlineBotMessage,KNOWN_INCOMPLETE_STATIC,app/bff/apifull/internal/core/inline_bot.go authenticates then returns METHOD_NOT_IMPL because no inline-message edit or update provider exists; it does not persist the request or synthesize an Updates result.,BLOCKED_BY_IMPLEMENTATION_GAP,Representative fail-closed tests verify nil METHOD_NOT_IMPL and zero persistence reads/writes; no inline-bot provider or business-flow acceptance exists.
messages.getBotCallbackAnswer,9342ca07,messages,/mtproto.RPCInlineBot/messages_getBotCallbackAnswer,KNOWN_INCOMPLETE_STATIC,app/bff/apifull/internal/core/inline_bot.go authenticates then returns METHOD_NOT_IMPL because no callback-query correlation or answer provider exists; it does not read a caller-local callback value.,BLOCKED_BY_IMPLEMENTATION_GAP,Representative fail-closed tests verify nil METHOD_NOT_IMPL and zero persistence reads/writes; no callback-query provider or business-flow acceptance exists.
messages.setBotCallbackAnswer,d58f130a,messages,/mtproto.RPCInlineBot/messages_setBotCallbackAnswer,KNOWN_INCOMPLETE_STATIC,app/bff/apifull/internal/core/inline_bot.go authenticates then returns METHOD_NOT_IMPL because no callback-query correlation or answer provider exists; it does not persist a caller-local callback value.,BLOCKED_BY_IMPLEMENTATION_GAP,Representative fail-closed tests verify nil METHOD_NOT_IMPL and zero persistence reads/writes; no callback-query provider or business-flow acceptance exists.
messages.getPeerDialogs,e470bcfd,messages,/mtproto.RPCDialogs/messages_getPeerDialogs,PARTIAL_SESSION_VERIFIED,"BFF validates authenticated input, nil provider responses, dialog peers, state, notify settings and entity hydration errors; channel dialogs use the existing channelview resolver and requested channel entities. Existing isolated draft/dialog readback remains valid.",PARTIAL_ISOLATED_SESSION_E2E,"2026-10-04 production backend-backend-1 reversible probe: users 136907713/136907714 over DC2 WebSocket exercised session -> BFF -> service -> production MySQL and readback, then restored the prior state. messages.getPeerDialogs read a direct-user draft after save and after clear."
messages.saveDraft,ad0fa15c,messages,/mtproto.RPCDrafts/messages_saveDraft,PARTIAL_SESSION_VERIFIED,"probe-profile-dialog-flows.ts saved a draft for a fixture peer with no existing dialog and read it through both getAllDrafts and getPeerDialogs, replaced a direct-dialog draft, and cleared it with an empty message; each write returned BoolTrue and later reads changed accordingly.",PARTIAL_ISOLATED_SESSION_E2E,"2026-10-04 production backend-backend-1 reversible probe: users 136907713/136907714 over DC2 WebSocket exercised session -> BFF -> service -> production MySQL and readback, then restored the prior state. messages.saveDraft returned Boolean for a temporary direct-user draft, readback matched the tag, and clearing removed it."
messages.getAllDrafts,6a3f8d65,messages,/mtproto.RPCDrafts/messages_getAllDrafts,PARTIAL_SESSION_VERIFIED,"probe-profile-dialog-flows.ts read a saved draft for a peer without an existing dialog, read it back after replacement through the all-drafts update vector, and verified no nonempty update remained after clear.",PARTIAL_ISOLATED_SESSION_E2E,"Real isolated MTProto TCP -> session -> BFF -> dialog flow returned UpdateDraftMessage data and reflected both save and clear. Draft field variants, channel peers, restart persistence, and production traffic remain unverified."
messages.getFeaturedStickers,64780b14,messages,/mtproto.RPCStickers/messages_getFeaturedStickers,KNOWN_INCOMPLETE_STATIC,"app/bff/apifull/internal/core/stickers.go authenticates first, then returns METHOD_NOT_IMPL for sticker RPCs because no authoritative sticker catalog/media provider is wired; local synthetic catalogues and request-only writes are not exposed.",BLOCKED_BY_IMPLEMENTATION_GAP,Focused fail-closed tests cover authenticated and unauthenticated sticker handlers; no provider-backed acceptance exists.
messages.readFeaturedStickers,5b118126,messages,/mtproto.RPCStickers/messages_readFeaturedStickers,KNOWN_INCOMPLETE_STATIC,"app/bff/apifull/internal/core/stickers.go authenticates first, then returns METHOD_NOT_IMPL for sticker RPCs because no authoritative sticker catalog/media provider is wired; local synthetic catalogues and request-only writes are not exposed.",BLOCKED_BY_IMPLEMENTATION_GAP,Focused fail-closed tests cover authenticated and unauthenticated sticker handlers; no provider-backed acceptance exists.
messages.getRecentStickers,9da9403b,messages,/mtproto.RPCStickers/messages_getRecentStickers,KNOWN_INCOMPLETE_STATIC,"app/bff/apifull/internal/core/stickers.go authenticates first, then returns METHOD_NOT_IMPL because no authoritative per-user recent-sticker store/provider exists. Uploaded media persistence does not establish recent-use state.",BLOCKED_BY_IMPLEMENTATION_GAP,Focused fail-closed tests cover authenticated and unauthenticated sticker handlers; no provider-backed acceptance exists.
messages.saveRecentSticker,392718f8,messages,/mtproto.RPCStickers/messages_saveRecentSticker,KNOWN_INCOMPLETE_STATIC,"app/bff/apifull/internal/core/stickers.go authenticates first, then returns METHOD_NOT_IMPL for sticker RPCs because no authoritative sticker catalog/media provider is wired; local synthetic catalogues and request-only writes are not exposed.",BLOCKED_BY_IMPLEMENTATION_GAP,Focused fail-closed tests cover authenticated and unauthenticated sticker handlers; no provider-backed acceptance exists.
messages.clearRecentStickers,8999602d,messages,/mtproto.RPCStickers/messages_clearRecentStickers,KNOWN_INCOMPLETE_STATIC,"app/bff/apifull/internal/core/stickers.go authenticates first, then returns METHOD_NOT_IMPL for sticker RPCs because no authoritative sticker catalog/media provider is wired; local synthetic catalogues and request-only writes are not exposed.",BLOCKED_BY_IMPLEMENTATION_GAP,Focused fail-closed tests cover authenticated and unauthenticated sticker handlers; no provider-backed acceptance exists.
messages.getArchivedStickers,57f17692,messages,/mtproto.RPCStickers/messages_getArchivedStickers,KNOWN_INCOMPLETE_STATIC,"app/bff/apifull/internal/core/stickers.go authenticates first, then returns METHOD_NOT_IMPL for sticker RPCs because no authoritative sticker catalog/media provider is wired; local synthetic catalogues and request-only writes are not exposed.",BLOCKED_BY_IMPLEMENTATION_GAP,Focused fail-closed tests cover authenticated and unauthenticated sticker handlers; no provider-backed acceptance exists.
messages.getMaskStickers,640f82b8,messages,/mtproto.RPCStickers/messages_getMaskStickers,KNOWN_INCOMPLETE_STATIC,"app/bff/apifull/internal/core/stickers.go authenticates first, then returns METHOD_NOT_IMPL for sticker RPCs because no authoritative sticker catalog/media provider is wired; local synthetic catalogues and request-only writes are not exposed.",BLOCKED_BY_IMPLEMENTATION_GAP,Focused fail-closed tests cover authenticated and unauthenticated sticker handlers; no provider-backed acceptance exists.
messages.getAttachedStickers,cc5b67cc,messages,/mtproto.RPCStickers/messages_getAttachedStickers,KNOWN_INCOMPLETE_STATIC,"app/bff/apifull/internal/core/stickers.go authenticates first, then returns METHOD_NOT_IMPL for sticker RPCs because no authoritative sticker catalog/media provider is wired; local synthetic catalogues and request-only writes are not exposed.",BLOCKED_BY_IMPLEMENTATION_GAP,Focused fail-closed tests cover authenticated and unauthenticated sticker handlers; no provider-backed acceptance exists.
messages.setGameScore,8ef8ecc0,messages,/mtproto.RPCGames/messages_setGameScore,KNOWN_INCOMPLETE_STATIC,app/bff/apifull/internal/core/games.go: scores are stored in a local map keyed by caller-supplied peer/message IDs without verifying the game/message or player permissions; reads synthesize users and writes return empty updates. Emoji game info ignores its input and reads a caller-local short name.,BLOCKED_BY_IMPLEMENTATION_GAP,No full business-flow acceptance.
messages.setInlineGameScore,15ad9f64,messages,/mtproto.RPCGames/messages_setInlineGameScore,KNOWN_INCOMPLETE_STATIC,app/bff/apifull/internal/core/games.go: scores are stored in a local map keyed by caller-supplied peer/message IDs without verifying the game/message or player permissions; reads synthesize users and writes return empty updates. Emoji game info ignores its input and reads a caller-local short name.,BLOCKED_BY_IMPLEMENTATION_GAP,No full business-flow acceptance.
messages.getGameHighScores,e822649d,messages,/mtproto.RPCGames/messages_getGameHighScores,KNOWN_INCOMPLETE_STATIC,app/bff/apifull/internal/core/games.go: scores are stored in a local map keyed by caller-supplied peer/message IDs without verifying the game/message or player permissions; reads synthesize users and writes return empty updates. Emoji game info ignores its input and reads a caller-local short name.,BLOCKED_BY_IMPLEMENTATION_GAP,No full business-flow acceptance.
messages.getInlineGameHighScores,f635e1b,messages,/mtproto.RPCGames/messages_getInlineGameHighScores,KNOWN_INCOMPLETE_STATIC,app/bff/apifull/internal/core/games.go: scores are stored in a local map keyed by caller-supplied peer/message IDs without verifying the game/message or player permissions; reads synthesize users and writes return empty updates. Emoji game info ignores its input and reads a caller-local short name.,BLOCKED_BY_IMPLEMENTATION_GAP,No full business-flow acceptance.
messages.getCommonChats,e40ca104,messages,/mtproto.RPCChats/messages_getCommonChats,PARTIAL_ISOLATED_DB_VERIFIED,"Validates the inputUser constructor, nonzero ID/access hash, and target-user record; maps user IDs explicitly; merges active APIFull common-channel membership with basic-group results; deduplicates, hydrates both chat kinds, honors max_id/limit pagination, and propagates missing entities or backend errors. Native channels outside APIFull still have no canonical provider.",PARTIAL_ISOLATED_SESSION_E2E,"2026-10-07 r19 production read-only probe for users 136907714 and 136907713 traversed DC2 WebSocket -> gateway -> session -> Chats BFF -> chat/MySQL and APIFull. It returned messages.Chats with 2 common basic groups, matching the two active shared chat rows; the APIFull shared-channel set was empty. Other pairs, pagination and native channels outside APIFull remain unverified."
messages.getWebPage,8d9692a3,messages,/mtproto.RPCWebPage/messages_getWebPage8D9692A3,PARTIAL_SESSION_VERIFIED,"app/bff/apifull/internal/core/web_page.go canonicalizes the URL, persists a stable webpage record, supports hash-based webPageNotModified, and rejects credentials, local/private addresses, and malformed URLs. Focused tests cover cross-call readback and hash behavior; a real isolated GramJS session verified full readback, hash/not-modified, and URL_INVALID for private addresses. It does not fetch remote metadata.",PARTIAL_ISOLATED_SESSION_E2E,Isolated WebSocket/session/BFF flow passed messages.getWebPage full typed readback and webPageNotModified when the preview hash matched; private URL returned URL_INVALID. Restart persistence and remote metadata enrichment remain unverified.
messages.toggleDialogPin,a731e257,messages,/mtproto.RPCDialogs/messages_toggleDialogPin,PARTIAL_SESSION_VERIFIED,"probe-profile-dialog-flows.ts pinned a real direct-user dialog, read it from messages.getPinnedDialogs, then unpinned it and verified removal; channel peers are still omitted from sync payload hydration.",PARTIAL_ISOLATED_SESSION_E2E,"2026-10-04 production backend-backend-1 reversible probe: users 136907713/136907714 over DC2 WebSocket exercised session -> BFF -> service -> production MySQL and readback, then restored the prior state. messages.toggleDialogPin pinned a previously unpinned direct dialog, readback appeared in messages.getPinnedDialogs, and it was unpinned."
messages.reorderPinnedDialogs,3b1adf37,messages,/mtproto.RPCDialogs/messages_reorderPinnedDialogs,PARTIAL_COMPONENT_VERIFIED,"Dialog reorder persists through the dialog provider. The handler now synchronously hydrates user, basic-group, and channel peers and propagates hydration or Sync failures; missing channel resolver fails closed.",PARTIAL_COMPONENT_ONLY,Dialogs package regression passed. No isolated or production reorder with a second session was run; channel membership/access and restart persistence remain unverified.
messages.getPinnedDialogs,d6b94df2,messages,/mtproto.RPCDialogs/messages_getPinnedDialogs,PARTIAL_SESSION_VERIFIED,"BFF now validates authentication, folder input, state/dialog/notify responses, malformed dialogs, and message/user/chat hydration failures; channel entities use channelview. Existing direct-user pin readback remains valid, while folder and native-channel coverage stays open.",PARTIAL_ISOLATED_SESSION_E2E,"2026-10-06 production reversible probe pinned a temporary direct message, read it through messages.getPinnedDialogs, unpinned it, and verified cleanup over DC2 WebSocket -> session -> BFF -> MySQL."
messages.setBotShippingResults,e5f672fa,messages,/mtproto.RPCPayments/messages_setBotShippingResults,KNOWN_INCOMPLETE_STATIC,"Authenticates and rejects a missing/zero query_id, then returns METHOD_NOT_IMPL. Repository search found no pending shipping-query state or consumer; the APIFull per-user pay ledger stores operation notes, not query responses.",BLOCKED_BY_IMPLEMENTATION_GAP,"Static review only: no shipping-query producer, pending-state store, or consumer found. No full BFF/session business-flow acceptance."
messages.setBotPrecheckoutResults,9c2dd95,messages,/mtproto.RPCPayments/messages_setBotPrecheckoutResults,KNOWN_INCOMPLETE_STATIC,"Authenticates and rejects a missing/zero query_id, then returns METHOD_NOT_IMPL. Repository search found no pending precheckout-query state or consumer; the APIFull per-user pay ledger stores operation notes, not query responses.",BLOCKED_BY_IMPLEMENTATION_GAP,"Static review only: no precheckout-query producer, pending-state store, or consumer found. No full BFF/session business-flow acceptance."
messages.uploadMedia,14967978,messages,/mtproto.RPCFiles/messages_uploadMedia,PARTIAL_SESSION_VERIFIED,"probe-media-flows.ts uploaded document, multipart document, photo, and video bytes through upload.saveFilePart and messages.uploadMedia, then read media back through history and upload.getFile. External photo/document, game, and invoice inputs remain unsupported.",PARTIAL_ISOLATED_SESSION_E2E,2026-10-06 backend-backend-1 r23 production probe prod-upload-1791274953030-20586: InputFile and InputFileBig both produced typed MessageMediaDocument through session -> BFF -> media/DFS; subsequent send/history/download read back exact bytes. Temporary messages were deleted; broader media kinds and restart persistence remain open.
messages.sendScreenshotNotification,a1405817,messages,/mtproto.RPCDialogs/messages_sendScreenshotNotification,PARTIAL_COMPONENT_VERIFIED,"The handler now propagates Sync/Chat errors for local, direct-user, and basic-group notifications; channel notifications fail closed because no channel recipient/media control provider is available.",PARTIAL_COMPONENT_ONLY,Dialogs package regression passed. No complete screenshot notification session or production flow was run.
messages.getFavedStickers,4f1aaa9,messages,/mtproto.RPCStickers/messages_getFavedStickers,KNOWN_INCOMPLETE_STATIC,"app/bff/apifull/internal/core/stickers.go authenticates first, then returns METHOD_NOT_IMPL because no authoritative per-user faved-sticker store/provider exists. Uploaded media persistence does not establish faved state.",BLOCKED_BY_IMPLEMENTATION_GAP,Focused fail-closed tests cover authenticated and unauthenticated sticker handlers; no provider-backed acceptance exists.
messages.faveSticker,b9ffc55b,messages,/mtproto.RPCStickers/messages_faveSticker,KNOWN_INCOMPLETE_STATIC,"app/bff/apifull/internal/core/stickers.go authenticates first, then returns METHOD_NOT_IMPL for sticker RPCs because no authoritative sticker catalog/media provider is wired; local synthetic catalogues and request-only writes are not exposed.",BLOCKED_BY_IMPLEMENTATION_GAP,Focused fail-closed tests cover authenticated and unauthenticated sticker handlers; no provider-backed acceptance exists.
messages.getUnreadMentions,f107e790,messages,/mtproto.RPCMessages/messages_getUnreadMentions,PARTIAL_SESSION_VERIFIED,"The handler validates authenticated non-bot basic-chat requests, peer/limit, and normal membership; message lookup and hydration errors propagate. The current isolated WebSocket/session/BFF probe created a fresh named mention in a basic group, found it with messages.getUnreadMentions, then found it absent after messages.readMessageContents; a nonmember received USER_NOT_PARTICIPANT. Channel unread-mention state and complete pagination semantics remain unavailable.",PARTIAL_ISOLATED_SESSION_E2E,"The isolated basic-group run passed unread-mention hit, content-read clear/readback, and nonmember rejection, then deleted the temporary group. It does not cover channels, cursor/pagination boundaries, restart persistence, or production traffic."
messages.readMentions,36e5bf4d,messages,/mtproto.RPCMessages/messages_readMentions,PARTIAL_SESSION_VERIFIED,"app/bff/messages/internal/core/messages.readMentions_handler.go validates the caller, peer, optional top_msg_id, loaded basic-group entity, and normal membership before calling msg.readMentions. The msg provider transaction clears mentioned markers up to the optional message id, refreshes unread_mentions_count, and returns the allocated pts/pts_count without advancing the full read cursor or media-unread state. User/channel/source-peer variants remain fail-closed.",PARTIAL_ISOLATED_SESSION_E2E,"probe-message-read-search.ts passed through the isolated WebSocket/session/BFF/msg/MySQL path: it created a real group mention, observed it in getUnreadMentions, cleared it with readMessageContents and readMentions, and received typed pts/pts_count. Restart persistence and channel mention storage remain unverified."
messages.getRecentLocations,702a40e0,messages,/mtproto.RPCMessages/messages_getRecentLocations,PARTIAL_COMPONENT_VERIFIED,"User, self, and basic-chat paths scan backward in bounded history pages, return recent geo/geo-live/venue messages, hydrate entities, and propagate history, nil-provider and hydration failures. Authentication and dependency boundaries now fail closed. Channel requests validate access and membership, then return METHOD_NOT_IMPL because channelview stores text only and there is no authoritative channel geo source.",PARTIAL_COMPONENT_ONLY,"Focused BFF handler tests, message DAO/core error-propagation tests, MySQL DAO tests, and gRPC service compile passed. Tests use stubs or a temporary unavailable-socket path; no real session-to-service/database roundtrip was run. Channel locations remain unsupported."
messages.sendMultiMedia,1bf89d74,messages,/mtproto.RPCMessages/messages_sendMultiMedia,PARTIAL_SESSION_VERIFIED,"The existing direct/media path remains in place. Unscheduled InputPeerChannel albums resolve every InputMedia through the Media provider and persist all items atomically in APIFull; each item keeps its random_id, complete album random-id list and original-input fingerprint, while history and channel difference hydrate the shared grouped_id. After commit, album Updates fan out to visible roster members through SyncPushUpdatesIfNot. Scheduled media remains fail-closed with METHOD_NOT_IMPL.",PARTIAL_ISOLATED_SESSION_E2E,"Focused packages build; no production probe covers native-channel albums, member fan-out, or scheduled-media rejection, and the required channel-media/idempotency migrations remain unapplied."
messages.uploadEncryptedFile,5057c497,messages,/mtproto.RPCFiles/messages_uploadEncryptedFile,ROUTED_NOT_FUNCTIONALLY_ACCEPTED,/mtproto.RPCFiles/messages_uploadEncryptedFile,NOT_ACCEPTED,Route evidence only; no full business-flow acceptance.
messages.searchStickerSets,35705b8a,messages,/mtproto.RPCStickers/messages_searchStickerSets,KNOWN_INCOMPLETE_STATIC,"app/bff/apifull/internal/core/stickers.go authenticates first, then returns METHOD_NOT_IMPL for sticker RPCs because no authoritative sticker catalog/media provider is wired; local synthetic catalogues and request-only writes are not exposed.",BLOCKED_BY_IMPLEMENTATION_GAP,Focused fail-closed tests cover authenticated and unauthenticated sticker handlers; no provider-backed acceptance exists.
messages.getSplitRanges,1cff7e08,messages,/mtproto.RPCTakeout/messages_getSplitRanges,KNOWN_INCOMPLETE_STATIC,app/bff/apifull/internal/core/takeout.go: authenticates then returns METHOD_NOT_IMPL because APIFull has no authoritative complete message-range index; it no longer returns an empty vector that could silently skip export data.,BLOCKED_BY_IMPLEMENTATION_GAP,Focused fail-closed test covers authenticated refusal; no authoritative range provider or full takeout export acceptance exists.
messages.markDialogUnread,8c5006f8,messages,/mtproto.RPCDialogs/messages_markDialogUnread,PARTIAL_SESSION_VERIFIED,"probe-dialog-filter-flows.ts marked a real direct dialog unread, read it from getDialogUnreadMarks, and cleared it using the current candidate.",PARTIAL_ISOLATED_SESSION_E2E,Isolated WebSocket/session/BFF read/write flow passed for a direct dialog. ParentPeer/topic scope remains unsupported.
messages.getDialogUnreadMarks,21202222,messages,/mtproto.RPCDialogs/messages_getDialogUnreadMarks,PARTIAL_SESSION_VERIFIED,The isolated WebSocket baseline probe marked a real direct dialog unread and getDialogUnreadMarks returned that peer. GramJS runtime construction of the Layer 229 request was also verified. The baseline used the pre-candidate BFF.,PARTIAL_ISOLATED_SESSION_E2E,Real isolated WebSocket -> session -> BFF readback passed for a direct dialog. Parent-peer behavior has not been covered and the candidate has not been deployed.
messages.clearAllDrafts,7e58ee9c,messages,/mtproto.RPCDrafts/messages_clearAllDrafts,PARTIAL_SESSION_VERIFIED,probe-profile-dialog-flows.ts cleared a draft-only peer with messages.clearAllDrafts and verified both getAllDrafts and getPeerDialogs no longer returned a nonempty draft; it also clears the direct-dialog fixture during setup and cleanup.,PARTIAL_ISOLATED_SESSION_E2E,"Real isolated MTProto TCP -> session -> BFF -> dialog flow passed all-draft clearing and readback for direct users. Channel peers, concurrent sessions, restart persistence, and production traffic remain unverified."
messages.updatePinnedMessage,d2aaf7ec,messages,/mtproto.RPCMessages/messages_updatePinnedMessage,PARTIAL_SESSION_VERIFIED,"Ordinary user/basic-group pin updates use MsgUpdatePinnedMessage with authentication, request, provider, and nil-response checks; channel peers use the existing channelview pin provider.",PARTIAL_ISOLATED_SESSION_E2E,"2026-10-06 production reversible probe pinned a temporary direct message, read it through messages.getPinnedDialogs, unpinned it, and verified cleanup over DC2 WebSocket -> session -> BFF -> MySQL."
messages.sendVote,10ea6184,messages,/mtproto.RPCPolls/messages_sendVote,PARTIAL_SESSION_VERIFIED,"probe-poll-flows.ts sent a real poll, cast votes from owner and member, and rejected outsider and invalid option requests through the live path.",PARTIAL_ISOLATED_SESSION_E2E,"2026-10-04 production backend-backend-1 poll probe: users 136907713/136907714 over DC2 WebSocket created a temporary basic group, sent a public poll, read its server poll ID/hash from both sessions, cast one vote from each member, and read back results/voters through session -> BFF -> Chats/APIFull/message storage -> production MySQL. The temporary group and poll messages were deleted; no active probe messages remained."
messages.getPollResults,eda3e33b,messages,/mtproto.RPCPolls/messages_getPollResults,PARTIAL_SESSION_VERIFIED,"probe-poll-flows.ts read a real poll question and results after two votes, including owner/member access and outsider rejection.",PARTIAL_ISOLATED_SESSION_E2E,"2026-10-04 production backend-backend-1 poll probe: users 136907713/136907714 over DC2 WebSocket created a temporary basic group, sent a public poll, read its server poll ID/hash from both sessions, cast one vote from each member, and read back results/voters through session -> BFF -> Chats/APIFull/message storage -> production MySQL. The temporary group and poll messages were deleted; no active probe messages remained."
messages.getOnlines,6e2be050,messages,/mtproto.RPCDialogs/messages_getOnlines,PARTIAL_SESSION_VERIFIED,"BFF requires a group peer, loads canonical Chat membership and User last-seen data, counts members seen within the 60-second window, and fails closed when presence data is unavailable.",PARTIAL_ISOLATED_SESSION_E2E,"2026-10-07 backend-backend-1 production read-only probe for user 136907714 queried InputPeerChat(120031) over DC2 WebSocket -> gateway -> session -> dialogs BFF -> biz chat/user/MySQL. It returned messages.ChatOnlines with onlines=0; production chat_participants membership and last-seen reads completed, writes=0. Presence timing, cross-session updates and restart persistence remain unverified."
messages.editChatAbout,def60797,messages,/mtproto.RPCChats/messages_editChatAbout,PARTIAL_SESSION_VERIFIED,"probe-group-management.ts rejected a normal member, wrote a creator-controlled basic-group about value, and read it back through messages.getFullChat over the live isolated path.",PARTIAL_ISOLATED_SESSION_E2E,"Isolated WebSocket/session/BFF/chat flow verified one write/readback and CHAT_ADMIN_REQUIRED branch for a basic group. Channel peers, limits/normalization, production traffic, and restart persistence remain unverified."
messages.editChatDefaultBannedRights,a5866b41,messages,/mtproto.RPCChats/messages_editChatDefaultBannedRights,PARTIAL_SESSION_VERIFIED,"probe-group-management.ts rejected a normal member, wrote invite_users default restrictions, read them through messages.getChats, observed the restricted member's addChatUser rejection, then restored default rights.",PARTIAL_ISOLATED_SESSION_E2E,"Isolated WebSocket/session/BFF/chat flow verified one default-rights write/readback, downstream invitation denial, and restore for a basic group. Other flags, time expiry, update delivery, channel peers, production traffic, and restart persistence remain unverified."
messages.getEmojiKeywords,35a0e062,messages,/mtproto.RPCEmoji/messages_getEmojiKeywords,KNOWN_INCOMPLETE_STATIC,"app/bff/apifull/internal/core/custom_emojis.go, emoji.go, emoji_categories.go: the handlers lack a built-in emoji/custom-emoji catalogue; lookup methods are fixed empty or derive results only from the caller’s synthetic sticker records, and emoji URLs/language catalogues are empty.",BLOCKED_BY_IMPLEMENTATION_GAP,No full business-flow acceptance.
messages.getEmojiKeywordsDifference,1508b6af,messages,/mtproto.RPCEmoji/messages_getEmojiKeywordsDifference,KNOWN_INCOMPLETE_STATIC,"app/bff/apifull/internal/core/custom_emojis.go, emoji.go, emoji_categories.go: the handlers lack a built-in emoji/custom-emoji catalogue; lookup methods are fixed empty or derive results only from the caller’s synthetic sticker records, and emoji URLs/language catalogues are empty.",BLOCKED_BY_IMPLEMENTATION_GAP,No full business-flow acceptance.
messages.getEmojiKeywordsLanguages,4e9963b2,messages,/mtproto.RPCEmoji/messages_getEmojiKeywordsLanguages,KNOWN_INCOMPLETE_STATIC,"app/bff/apifull/internal/core/emoji.go authenticates first, then returns METHOD_NOT_IMPL because no authoritative emoji keyword language catalog/provider is wired. The generic APIFull KV and media document store do not contain language metadata.",BLOCKED_BY_IMPLEMENTATION_GAP,Focused test confirms the explicit unsupported error; no language catalog/provider or business-flow acceptance exists.
messages.getEmojiURL,d5b10c26,messages,/mtproto.RPCEmoji/messages_getEmojiURL,KNOWN_INCOMPLETE_STATIC,"app/bff/apifull/internal/core/custom_emojis.go, emoji.go, emoji_categories.go: the handlers lack a built-in emoji/custom-emoji catalogue; lookup methods are fixed empty or derive results only from the caller’s synthetic sticker records, and emoji URLs/language catalogues are empty.",BLOCKED_BY_IMPLEMENTATION_GAP,No full business-flow acceptance.
messages.getSearchCounters,1bbcf300,messages,/mtproto.RPCMessages/messages_getSearchCounters,PARTIAL_COMPONENT_VERIFIED,"app/bff/messages/internal/core/messages.getSearchCounters_handler.go now authenticates, validates the peer/provider, propagates RPC and nil replies, and maps photo, video, photo/video, document, URL, GIF, music, voice, round voice, round video, chat-photo and phone-call filters to the canonical Message DAO media types. Unsupported filters such as poll/mentions/geo still fail closed because no counter backend exists.",PARTIAL_ISOLATED_SESSION_E2E,"2026-10-07 r19 production read-only probe docker/production/probe-search-media-readonly.ts traversed DC2 WebSocket -> gateway -> session -> BFF -> MySQL for user 136907714; photos on owned channel 3 returned SearchCounter(count=1), matching production MySQL count 1. Other mapped filters and unsupported poll/mentions/geo remain unverified or unavailable."
messages.requestUrlAuth,894cc99c,messages,/mtproto.RPCSeamless/messages_requestUrlAuth,ROUTED_NOT_FUNCTIONALLY_ACCEPTED,/mtproto.RPCSeamless/messages_requestUrlAuth,NOT_ACCEPTED,Route evidence only; no full business-flow acceptance.
messages.acceptUrlAuth,67a3f0de,messages,/mtproto.RPCSeamless/messages_acceptUrlAuth,ROUTED_NOT_FUNCTIONALLY_ACCEPTED,/mtproto.RPCSeamless/messages_acceptUrlAuth,NOT_ACCEPTED,Route evidence only; no full business-flow acceptance.
messages.hidePeerSettingsBar,4facb138,messages,/mtproto.RPCDialogs/messages_hidePeerSettingsBar,PARTIAL_COMPONENT_VERIFIED,"The handler propagates user.deletePeerSettings errors and nil replies, and after a confirmed delete publishes updatePeerSettings with the cleared PeerSettings payload to other sessions. The DAO sets user_peer_settings.hide=1 and invalidates cache only after SQL succeeds.",PARTIAL_COMPONENT_ONLY,"Focused handler and User DAO/service tests pass, including the typed update and Sync failure boundary. No full business-flow or production session acceptance was run."
messages.getScheduledHistory,f516760b,messages,/mtproto.RPCScheduledMessages/messages_getScheduledHistory,PARTIAL_SESSION_VERIFIED,"A two-user isolated WebSocket probe schedules a future private message and reads it back from messages.getScheduledHistory; cancellation and immediate dispatch remove their records. The store is caller-scoped and peer-filtered, but recurring schedules and restart persistence were not exercised.",PARTIAL_ISOLATED_SESSION_E2E,"Isolated WebSocket/session/BFF probe read the newly scheduled message, then confirmed cancellation and dispatch consumption through the same peer. No production traffic or restart-persistence acceptance."
messages.getScheduledMessages,bdbb0464,messages,/mtproto.RPCScheduledMessages/messages_getScheduledMessages,PARTIAL_SESSION_VERIFIED,A two-user isolated WebSocket probe reads the exact scheduled message ID after queue creation. The GramJS constructor was added to the reduced client schema before the probe. Cross-peer ID access and recurring schedules were not exercised.,PARTIAL_ISOLATED_SESSION_E2E,Isolated WebSocket/session/BFF probe returned the requested pending message ID and text through messages.getScheduledMessages. No production traffic or restart-persistence acceptance.
messages.sendScheduledMessages,bd38850a,messages,/mtproto.RPCScheduledMessages/messages_sendScheduledMessages,PARTIAL_SESSION_VERIFIED,"A two-user isolated WebSocket probe sends a queued private message immediately, confirms its scheduled record is consumed, and reads the delivered text from the recipient's ordinary history. Delivery uses the existing MsgSendMessageV2 path; repeated delivery and restart behavior were not exercised.",PARTIAL_ISOLATED_SESSION_E2E,Isolated WebSocket/session/BFF/msg flow consumed one scheduled record and made its text visible to the receiving fixture user via messages.getHistory. No production traffic or restart-persistence acceptance.
messages.deleteScheduledMessages,59ae2b16,messages,/mtproto.RPCScheduledMessages/messages_deleteScheduledMessages,PARTIAL_SESSION_VERIFIED,"A two-user isolated WebSocket probe cancels a queued private message and confirms it no longer appears in messages.getScheduledHistory. Batch, cross-peer ID and restart behavior were not exercised.",PARTIAL_ISOLATED_SESSION_E2E,Isolated WebSocket/session/BFF probe deleted one scheduled record and verified its absence in the caller's scheduled history. No production traffic or restart-persistence acceptance.
messages.getPollVotes,b86e380e,messages,/mtproto.RPCPolls/messages_getPollVotes,PARTIAL_SESSION_VERIFIED,probe-poll-flows.ts read both real voters and their selected options from the poll after voting.,PARTIAL_ISOLATED_SESSION_E2E,Isolated WebSocket/session/BFF flow verified typed voter list and user IDs. Production persistence and restart acceptance remain unverified.
messages.toggleStickerSets,b5052fea,messages,/mtproto.RPCStickers/messages_toggleStickerSets,KNOWN_INCOMPLETE_STATIC,"app/bff/apifull/internal/core/stickers.go authenticates first, then returns METHOD_NOT_IMPL for sticker RPCs because no authoritative sticker catalog/media provider is wired; local synthetic catalogues and request-only writes are not exposed.",BLOCKED_BY_IMPLEMENTATION_GAP,Focused fail-closed tests cover authenticated and unauthenticated sticker handlers; no provider-backed acceptance exists.
messages.getDialogFilters,efd48c89,messages,/mtproto.RPCFolders/messages_getDialogFiltersEFD48C89,PARTIAL_SESSION_VERIFIED,"The isolated WebSocket baseline probe saved two real filters, read their titles and order back, verified Alice/Bob isolation and tag persistence, then deleted both filters. The baseline used the pre-candidate BFF.",PARTIAL_ISOLATED_SESSION_E2E,Real isolated WebSocket -> session -> BFF persistence/readback passed for direct-dialog filters. Candidate changes have not been deployed; suggested filters remain unavailable.
messages.getSuggestedDialogFilters,a29cd42c,messages,/mtproto.RPCFolders/messages_getSuggestedDialogFilters,PARTIAL_SESSION_VERIFIED,No authoritative suggested-filter catalogue/provider exists; handler now authenticates and returns METHOD_NOT_IMPL instead of an empty success vector.,PARTIAL_ISOLATED_SESSION_E2E,"2026-10-06 production probe returned three typed DialogFilterSuggested values (Contacts, Groups, Channels) through DC2 WebSocket -> session -> BFF; no synthetic entities or writes were used."
messages.updateDialogFilter,1ad4a04a,messages,/mtproto.RPCFolders/messages_updateDialogFilter,PARTIAL_SESSION_VERIFIED,"The isolated WebSocket baseline probe created, read, rejected reserved ID 1 for, and deleted two real dialog filters; Alice's filters were not visible to Bob. The baseline used the pre-candidate BFF.",PARTIAL_ISOLATED_SESSION_E2E,Real isolated WebSocket -> session -> BFF filter mutation/readback passed. Candidate changes have not been deployed.
messages.updateDialogFiltersOrder,c563c1e4,messages,/mtproto.RPCFolders/messages_updateDialogFiltersOrder,PARTIAL_SESSION_VERIFIED,The isolated WebSocket baseline probe reordered two saved filters and getDialogFilters returned the persisted order. The baseline used the pre-candidate BFF.,PARTIAL_ISOLATED_SESSION_E2E,Real isolated WebSocket -> session -> BFF order mutation/readback passed. Candidate changes have not been deployed.
messages.getOldFeaturedStickers,7ed094a1,messages,/mtproto.RPCStickers/messages_getOldFeaturedStickers,KNOWN_INCOMPLETE_STATIC,"app/bff/apifull/internal/core/stickers.go authenticates first, then returns METHOD_NOT_IMPL for sticker RPCs because no authoritative sticker catalog/media provider is wired; local synthetic catalogues and request-only writes are not exposed.",BLOCKED_BY_IMPLEMENTATION_GAP,Focused fail-closed tests cover authenticated and unauthenticated sticker handlers; no provider-backed acceptance exists.
messages.getReplies,22ddd30c,messages,/mtproto.RPCMessageThreads/messages_getReplies,PARTIAL_SESSION_VERIFIED,APIFull reads ordinary message-service history and native channel reply indexes. For broadcast channels it resolves discussion_group_id and reads linked-group reply rows; reply roots are validated against the caller-supplied peer and returned with hydrated entities.,PARTIAL_ISOLATED_SESSION_E2E,"Real production DC1 WebSocket/session/BFF probes returned a basic-group reply and native-channel replies both without a link and with a temporary linked discussion group; replyFound was true and all temporary messages/channels were cleaned up. Pagination counts, unread reply counters and restart acceptance remain open."
messages.getDiscussionMessage,446972fd,messages,/mtproto.RPCMessageThreads/messages_getDiscussionMessage,PARTIAL_SESSION_VERIFIED,"APIFull returns typed DiscussionMessage for ordinary peers and native channels, validates the channel root and resolves linked discussion storage for read cursors and max IDs. The returned channel root remains the broadcast message; a dedicated discussion-root mirror is not generated.",PARTIAL_ISOLATED_SESSION_E2E,"Real production DC1 WebSocket/session/BFF probes returned messages.DiscussionMessage for a basic-group root, an unlinked channel root and a temporarily linked channel root, with no timeout, 500 or panic. Unread/reply counters, dedicated linked-group root messages and restart acceptance remain open."
messages.readDiscussion,f731a9f4,messages,/mtproto.RPCMessageThreads/messages_readDiscussion,PARTIAL_ISOLATED_DB_VERIFIED,"Authenticates and validates the peer, root message ID, and nonnegative read_max_id, then persists a monotonic discussion read cursor keyed by user, peer, and root message before returning BoolTrue. Discussion update delivery and full thread message semantics remain unavailable.",PARTIAL_ISOLATED_DB_ONLY,"TestMessagesReadDiscussionPersistsMonotonicCursor covers persistence, non-regression, user isolation, and invalid peer rejection against the isolated APIFull store. No full BFF/session business-flow acceptance."
messages.unpinAllMessages,62dd747,messages,/mtproto.RPCMessages/messages_unpinAllMessages,PARTIAL_SESSION_VERIFIED,/mtproto.RPCMessages/messages_unpinAllMessages,PARTIAL_ISOLATED_SESSION_E2E,"2026-10-06 production reversible probe pinned a temporary direct message, read it through messages.getPinnedDialogs, unpinned it, and verified cleanup over DC2 WebSocket -> session -> BFF -> MySQL."
messages.deleteChat,5bd0ee50,messages,/mtproto.RPCChats/messages_deleteChat,PARTIAL_SESSION_VERIFIED,/mtproto.RPCChats/messages_deleteChat,PARTIAL_ISOLATED_SESSION_E2E,2026-10-06 production probes created and deleted temporary basic groups with messages.deleteChat returning Boolean; production rows are deactivated tombstones and no active probe group remains.
messages.deletePhoneCallHistory,f9cbe409,messages,/mtproto.RPCVoipCalls/messages_deletePhoneCallHistory,PARTIAL_COMPONENT_VERIFIED,"APIFull now validates authentication/request shape and delegates to the authoritative msg.deletePhoneCallHistory RPC, preserving revoke, auth key, pts and affected message IDs; nil provider responses fail closed.",PARTIAL_COMPONENT_ONLY,APIFull and message-service clients compile; no live session or database readback was executed in this environment.
messages.checkHistoryImport,43fe19f3,messages,/mtproto.RPCImportedChats/messages_checkHistoryImport,KNOWN_INCOMPLETE_STATIC,app/bff/apifull/internal/core/imported_chats.go: ignores the supplied file/import contents and only reads one caller-local filename and metadata record; it does not parse or validate an imported history archive.,BLOCKED_BY_IMPLEMENTATION_GAP,No full business-flow acceptance.
messages.initHistoryImport,34090c3b,messages,/mtproto.RPCImportedChats/messages_initHistoryImport,KNOWN_INCOMPLETE_STATIC,app/bff/apifull/internal/core/imported_chats.go: allocates local import metadata/ID and stores the filename/request only; it does not initialize an import job in the message service.,BLOCKED_BY_IMPLEMENTATION_GAP,No full business-flow acceptance.
messages.uploadImportedMedia,2a862092,messages,/mtproto.RPCImportedChats/messages_uploadImportedMedia,PARTIAL_COMPONENT_VERIFIED,"app/bff/apifull/internal/core/imported_chats.go validates the import session metadata and peer, then delegates uploaded photos/documents to the configured DFS client and returns MessageMediaPhoto/MessageMediaDocument with the DFS entity.",PARTIAL_COMPONENT_ONLY,"TestMessagesUploadImportedMediaUploadsPhoto, TestMessagesUploadImportedMediaUploadsDocument, and TestMessagesUploadImportedMediaPropagatesDFSError pass with a fake DFS client; no real import parser/job queue, live DFS deployment, or full session-to-storage business flow was accepted."
messages.startHistoryImport,b43df344,messages,/mtproto.RPCImportedChats/messages_startHistoryImport,KNOWN_INCOMPLETE_STATIC,app/bff/apifull/internal/core/imported_chats.go: stores the request and returns BoolTrue without importing any message/media or starting a worker.,BLOCKED_BY_IMPLEMENTATION_GAP,No full business-flow acceptance.
messages.getExportedChatInvites,a2b5a3f6,messages,/mtproto.RPCChatInvites/messages_getExportedChatInvites,PARTIAL_SESSION_VERIFIED,"The current isolated channel-invite probe listed creator-owned normal, request-needed, revoked, and delegated-admin links, and rejected member access with CHAT_ADMIN_REQUIRED.",PARTIAL_ISOLATED_SESSION_E2E,"Current isolated WebSocket/session/BFF flow passed owner/delegated-admin list readback and member authorization. q filtering, restart persistence, and production traffic remain unverified."
messages.getExportedChatInvite,73746f5c,messages,/mtproto.RPCChatInvites/messages_getExportedChatInvite,PARTIAL_SESSION_VERIFIED,"The isolated channel-invite probe read back a creator-owned exported link, rejected a member with CHAT_ADMIN_REQUIRED, and rejected a deleted link with INVITE_HASH_INVALID.",PARTIAL_ISOLATED_SESSION_E2E,"Real isolated WebSocket/session/BFF flow passed creator readback, member authorization, deleted-link invalidation, and wrong access-hash boundaries. Restart persistence and production traffic remain unverified."
messages.editExportedChatInvite,bdca2f75,messages,/mtproto.RPCChatInvites/messages_editExportedChatInvite,PARTIAL_SESSION_VERIFIED,The isolated channel-invite probe edited a real creator-owned link and read back the new title and usage limit; non-admin editing was rejected. The service still has a non-transactional revoked-permanent replacement path.,PARTIAL_ISOLATED_SESSION_E2E,"Real isolated WebSocket/session/BFF flow passed valid edit and authorization rejection. Replacement-link atomicity, restart persistence, and production traffic remain unverified."
messages.deleteRevokedExportedChatInvites,56987bd5,messages,/mtproto.RPCChatInvites/messages_deleteRevokedExportedChatInvites,PARTIAL_SESSION_VERIFIED,"The isolated channel-invite probe revoked a real link, listed it in the revoked set, deleted it, and confirmed it no longer appeared; a non-admin revoke was rejected.",PARTIAL_ISOLATED_SESSION_E2E,Real isolated WebSocket/session/BFF flow passed revoke/list/delete and authorization boundaries. Restart persistence and production traffic remain unverified.
messages.deleteExportedChatInvite,d464a42b,messages,/mtproto.RPCChatInvites/messages_deleteExportedChatInvite,PARTIAL_SESSION_VERIFIED,The isolated channel-invite probe deleted a real active link and confirmed subsequent lookup returned INVITE_HASH_INVALID; cleanup also removes remaining owner links before channel deletion.,PARTIAL_ISOLATED_SESSION_E2E,Real isolated WebSocket/session/BFF flow passed active-link deletion and invalidation. Restart persistence and production traffic remain unverified.
messages.getAdminsWithInvites,3920e6ef,messages,/mtproto.RPCChatInvites/messages_getAdminsWithInvites,PARTIAL_SESSION_VERIFIED,The isolated channel-invite probe returned the real channel creator as an invite administrator before delegated-admin invitation management was exercised.,PARTIAL_ISOLATED_SESSION_E2E,"Real isolated WebSocket/session/BFF flow passed creator aggregation. Delegated-admin aggregation, pagination, restart persistence, and production traffic remain unverified."
messages.getChatInviteImporters,df04dd4e,messages,/mtproto.RPCChatInvites/messages_getChatInviteImporters,PARTIAL_SESSION_VERIFIED,"The current isolated channel-invite probe read pending, rejected, and bulk-approved requesters from real importer lists; member access was rejected and delegated-admin listing was verified.",PARTIAL_ISOLATED_SESSION_E2E,"Current isolated WebSocket/session/BFF flow verified pending/approved importer readback and authorization. q filtering, restart persistence, and production traffic remain unverified."
messages.setHistoryTTL,b80e5fe4,messages,/mtproto.RPCDialogs/messages_setHistoryTTL,PARTIAL_ISOLATED_DB_VERIFIED,"BFF validates the peer/period, updates chat TTL when applicable, persists both dialog directions through DialogSetHistoryTTL, and builds the typed update. Focused handler tests plus isolated MySQL round-trip cover the dialog persistence path. Full deployed session flow and update delivery remain unverified.",PARTIAL_ISOLATED_DB_ONLY,"BFF validates the peer/period, updates chat TTL when applicable, persists both dialog directions through DialogSetHistoryTTL, and builds the typed update. Focused handler tests plus isolated MySQL round-trip cover the dialog persistence path. Full deployed session flow and update delivery remain unverified."
messages.checkHistoryImportPeer,5dc60f03,messages,/mtproto.RPCImportedChats/messages_checkHistoryImportPeer,KNOWN_INCOMPLETE_STATIC,app/bff/apifull/internal/core/imported_chats.go: compares the peer only with caller-local metadata from init; it does not check target peer state or an active import.,BLOCKED_BY_IMPLEMENTATION_GAP,No full business-flow acceptance.
messages.setChatTheme,81202c9,messages,/mtproto.RPCThemes/messages_setChatTheme,PARTIAL_ISOLATED_DB_VERIFIED,"APIFull validates caller-owned emoticon themes and calls DialogSetChatTheme; Dialog service now checks both directional updates and propagates transaction errors. Isolated MySQL writes/reads the canonical dialog theme value, with storage-failure coverage. Slug/unique-gift catalogues and deployed session flow remain unverified.",PARTIAL_ISOLATED_DB_ONLY,"APIFull validates caller-owned emoticon themes and calls DialogSetChatTheme; Dialog service now checks both directional updates and propagates transaction errors. Isolated MySQL writes/reads the canonical dialog theme value, with storage-failure coverage. Slug/unique-gift catalogues and deployed session flow remain unverified."
messages.getMessageReadParticipants,31c1c44f,messages,/mtproto.RPCChats/messages_getMessageReadParticipants31C1C44F,KNOWN_INCOMPLETE_STATIC,"The BFF validates the loaded MessageBox belongs to the caller and requested basic chat, and verifies current chat membership. Channel peers return METHOD_NOT_IMPL because Chats has no authoritative channel participant resolver. Basic-group read cursors are checked per participant; no readers yields an empty vector, while any reader yields METHOD_NOT_IMPL because no read timestamp exists. inbox.readInboxHistory persists only read_inbox_max_id; message_read_outbox.read_outbox_max_date is written only for PEER_USER, not groups.",BLOCKED_BY_IMPLEMENTATION_GAP,Static trace and focused tests for message binding and no-date behavior only; no full flow or production acceptance.
messages.getSearchResultsCalendar,6aa3f6bd,messages,/mtproto.RPCMessages/messages_getSearchResultsCalendar,PARTIAL_COMPONENT_VERIFIED,"BFF runs the canonical MessagesSearch provider, rejects invalid peer/filter input and nil/provider failures, then buckets real returned messages by UTC day with count/min/max message IDs and typed representative messages. Focused handler tests cover two-day bucketing, encoding, and provider failure; channel/saved-peer and non-empty production behavior remain unverified.",PARTIAL_ISOLATED_SESSION_E2E,"2026-10-07 r19 production probe docker/production/probe-search-results-calendar.ts queried PhotoVideo against 7 existing user/chat peers over DC2 WebSocket -> gateway -> session -> BFF. Every SearchResultsCalendar constructor/count matched messages.search, with valid empty periods and representative vectors. This accepts only the empty-result path; non-empty media bucketing and channel/saved-peer results remain unverified."
messages.getSearchResultsPositions,9c7f2f10,messages,/mtproto.RPCMessages/messages_getSearchResultsPositions,PARTIAL_COMPONENT_VERIFIED,"Uses the message provider search counter and descending media pages to compute exact global positions for supported user/chat peers, with strict cursor/count consistency checks; channel and saved-peer ranks remain unavailable.",PARTIAL_ISOLATED_SESSION_E2E,"2026-10-07 r19 production read-only probe docker/production/probe-search-media-readonly.ts traversed DC2 WebSocket -> gateway -> session -> BFF -> MySQL for user 136907714; SearchResultsPositions(count=0, positions=0) matched the verified zero photo rows for the requested self peer. This accepts only the empty-result path; non-empty user/chat ranking and channel/saved-peer requests remain unverified or unavailable."
messages.hideChatJoinRequest,7fe7e815,messages,/mtproto.RPCChatInvites/messages_hideChatJoinRequest,PARTIAL_SESSION_VERIFIED,"The channel-invite probe rejected a non-admin, then used the creator to reject one real pending request and confirmed it disappeared from the requested importer list. Channel and basic-chat paths are distinct and broader update delivery is not covered.",PARTIAL_ISOLATED_SESSION_E2E,"Real isolated WebSocket/session/BFF flow passed creator rejection, non-admin authorization, and pending-list readback for an APIFull channel. Notification/update fanout, restart persistence, and production traffic remain unverified."
messages.hideAllChatJoinRequests,e085f4ea,messages,/mtproto.RPCChatInvites/messages_hideAllChatJoinRequests,PARTIAL_SESSION_VERIFIED,"The channel-invite probe rejected two real pending requests in bulk, approved two others in bulk, and confirmed requested and approved importer lists; non-admin operations were rejected.",PARTIAL_ISOLATED_SESSION_E2E,"Real isolated WebSocket/session/BFF flow passed link-scoped bulk reject/approve and authorization boundaries. Notification/update fanout, pagination, restart persistence, and production traffic remain unverified."
messages.toggleNoForwards,b2081a35,messages,/mtproto.RPCMessages/messages_toggleNoForwards,PARTIAL_SESSION_VERIFIED,/mtproto.RPCMessages/messages_toggleNoForwards,PARTIAL_ISOLATED_SESSION_E2E,"2026-10-06 production probe toggled no-forwards on a temporary basic group, read true through messages.getFullChat, toggled it off and deleted the group over DC2 WebSocket -> session -> BFF -> MySQL."
messages.saveDefaultSendAs,ccfddf96,messages,/mtproto.RPCMessages/messages_saveDefaultSendAs,PARTIAL_SESSION_VERIFIED,/mtproto.RPCMessages/messages_saveDefaultSendAs,PARTIAL_ISOLATED_SESSION_E2E,"2026-10-06 production probe saved the caller as default send-as for the other user, read the exact persisted value, then restored the previous absent key over DC2 WebSocket -> session -> APIFull/Redis."
messages.sendReaction,d30d78d4,messages,/mtproto.RPCReactions/messages_sendReaction,PARTIAL_SESSION_VERIFIED,Isolated WebSocket reaction probe verifies two member writes readback duplicate and switch semantics reaction lists user-scoped defaults and top reactions. Wrong channel access hash and nonmembers are rejected.,PARTIAL_ISOLATED_SESSION_E2E,Isolated WebSocket reaction probe verifies two member writes readback duplicate and switch semantics reaction lists user-scoped defaults and top reactions. Wrong channel access hash and nonmembers are rejected.
messages.getMessagesReactions,8bba90e6,messages,/mtproto.RPCReactions/messages_getMessagesReactions,PARTIAL_SESSION_VERIFIED,Isolated WebSocket reaction probe verifies two member writes readback duplicate and switch semantics reaction lists user-scoped defaults and top reactions. Wrong channel access hash and nonmembers are rejected.,PARTIAL_ISOLATED_SESSION_E2E,Isolated WebSocket reaction probe verifies two member writes readback duplicate and switch semantics reaction lists user-scoped defaults and top reactions. Wrong channel access hash and nonmembers are rejected.
messages.getMessageReactionsList,461b3f48,messages,/mtproto.RPCReactions/messages_getMessageReactionsList,PARTIAL_SESSION_VERIFIED,Isolated WebSocket reaction probe verifies two member writes readback duplicate and switch semantics reaction lists user-scoped defaults and top reactions. Wrong channel access hash and nonmembers are rejected.,PARTIAL_ISOLATED_SESSION_E2E,Isolated WebSocket reaction probe verifies two member writes readback duplicate and switch semantics reaction lists user-scoped defaults and top reactions. Wrong channel access hash and nonmembers are rejected.
messages.setChatAvailableReactions,864b2581,messages,/mtproto.RPCReactions/messages_setChatAvailableReactions,PARTIAL_SESSION_VERIFIED,/mtproto.RPCReactions/messages_setChatAvailableReactions,PARTIAL_ISOLATED_SESSION_E2E,"2026-10-06 production two-user probe set ChatReactionsSome(👍), read it through messages.getFullChat, queried MySQL UTF-8 storage, then cleared it and deleted the temporary group. Cross-session update delivery and restart persistence remain open."
messages.getAvailableReactions,18dea0ac,messages,/mtproto.RPCReactions/messages_getAvailableReactions,PARTIAL_SESSION_VERIFIED,/mtproto.RPCReactions/messages_getAvailableReactions,PARTIAL_ISOLATED_SESSION_E2E,2026-10-06 production full-chain probe returned messages.AvailableReactions through DC2 WebSocket -> session -> BFF; catalogue completeness remains unverified.
messages.setDefaultReaction,4f47a016,messages,/mtproto.RPCReactions/messages_setDefaultReaction,PARTIAL_SESSION_VERIFIED,Isolated WebSocket reaction probe verifies two member writes readback duplicate and switch semantics reaction lists user-scoped defaults and top reactions. Wrong channel access hash and nonmembers are rejected.,PARTIAL_ISOLATED_SESSION_E2E,Isolated WebSocket reaction probe verifies two member writes readback duplicate and switch semantics reaction lists user-scoped defaults and top reactions. Wrong channel access hash and nonmembers are rejected.
messages.translateText,a5eec345,messages,/mtproto.RPCTranslation/messages_translateText,ROUTED_NOT_FUNCTIONALLY_ACCEPTED,/mtproto.RPCTranslation/messages_translateText,NOT_ACCEPTED,Route evidence only; no full business-flow acceptance.
messages.getUnreadReactions,bd7f90ac,messages,/mtproto.RPCReactions/messages_getUnreadReactions,PARTIAL_SESSION_VERIFIED,/mtproto.RPCReactions/messages_getUnreadReactions,PARTIAL_ISOLATED_SESSION_E2E,2026-10-06 production reaction probes returned messages.Messages for unread reactions and messages.AffectedHistory for readReactions after a real reaction; temporary messages and reaction state were cleared.
messages.readReactions,9ec44f93,messages,/mtproto.RPCReactions/messages_readReactions,PARTIAL_SESSION_VERIFIED,/mtproto.RPCReactions/messages_readReactions,PARTIAL_ISOLATED_SESSION_E2E,2026-10-06 production reaction probes returned messages.Messages for unread reactions and messages.AffectedHistory for readReactions after a real reaction; temporary messages and reaction state were cleared.
messages.searchSentMedia,107e31a0,messages,/mtproto.RPCMessages/messages_searchSentMedia,PARTIAL_COMPONENT_VERIFIED,"app/bff/messages/internal/core/messages.searchSentMedia_handler.go validates authentication, bot access, filter and limit bounds, maps supported media filters to the canonical MessageSearchByMediaType provider with PEER_UNKNOWN for all-dialog sent media, propagates provider/nil results, and hydrates typed messages/users.",PARTIAL_ISOLATED_SESSION_E2E,"2026-10-07 r19 production read-only probe docker/production/probe-search-media-readonly.ts traversed DC2 WebSocket -> gateway -> session -> BFF -> MySQL for user 136907714; photos filter returned one messages.Messages item (ID 3), matching the production sent-photo count 1. Other media filters, pagination and restarts remain unverified."
messages.getAttachMenuBots,16fcc2cb,messages,/mtproto.RPCBotMenu/messages_getAttachMenuBots,PARTIAL_COMPONENT_VERIFIED,"APIFull authenticates the caller, reads the caller-scoped attach-menu bot reference, and returns typed AttachMenuBots with an empty bot/user vector when no bot is configured; no Bot API or bot registry provider is wired.",PARTIAL_ISOLATED_SESSION_E2E,"2026-10-07 r19 backend-backend-1 production read-only probe for user 136907714 over DC2 WebSocket -> gateway -> session -> APIFull returned AttachMenuBots(hash=0, bots=0, users=0), the valid empty state. No configured bot registry entry or mutation was exercised."
messages.getAttachMenuBot,77216192,messages,/mtproto.RPCBotMenu/messages_getAttachMenuBot,ROUTED_NOT_FUNCTIONALLY_ACCEPTED,/mtproto.RPCBotMenu/messages_getAttachMenuBot,NOT_ACCEPTED,Route evidence only; no full business-flow acceptance.
messages.toggleBotInAttachMenu,69f59d69,messages,/mtproto.RPCBotMenu/messages_toggleBotInAttachMenu,ROUTED_NOT_FUNCTIONALLY_ACCEPTED,/mtproto.RPCBotMenu/messages_toggleBotInAttachMenu,NOT_ACCEPTED,Route evidence only; no full business-flow acceptance.
messages.requestWebView,269dc2c1,messages,/mtproto.RPCMiniBotApps/messages_requestWebView,KNOWN_INCOMPLETE_STATIC,app/bff/apifull/internal/core/mini_bot_apps.go authenticates then returns METHOD_NOT_IMPL because no bot lookup authorization signing or WebView-session provider exists; it does not echo or persist the client URL.,BLOCKED_BY_IMPLEMENTATION_GAP,Representative bot/WebView fail-closed tests verify nil METHOD_NOT_IMPL and zero persistence reads/writes; no Mini App provider or business-flow acceptance exists.
messages.prolongWebView,b0d81a83,messages,/mtproto.RPCMiniBotApps/messages_prolongWebView,KNOWN_INCOMPLETE_STATIC,app/bff/apifull/internal/core/mini_bot_apps.go authenticates then returns METHOD_NOT_IMPL because no WebView-session store or expiration workflow exists; it does not persist or extend a request.,BLOCKED_BY_IMPLEMENTATION_GAP,Representative bot/WebView fail-closed tests verify nil METHOD_NOT_IMPL and zero persistence reads/writes; no WebView-session provider or business-flow acceptance exists.
messages.requestSimpleWebView,413a3e73,messages,/mtproto.RPCMiniBotApps/messages_requestSimpleWebView413A3E73,KNOWN_INCOMPLETE_STATIC,app/bff/apifull/internal/core/mini_bot_apps.go authenticates then returns METHOD_NOT_IMPL because no bot lookup authorization signing or WebView-session provider exists; it does not echo or persist the client URL.,BLOCKED_BY_IMPLEMENTATION_GAP,Representative bot/WebView fail-closed tests verify nil METHOD_NOT_IMPL and zero persistence reads/writes; no Mini App provider or business-flow acceptance exists.
messages.sendWebViewResultMessage,a4314f5,messages,/mtproto.RPCMiniBotApps/messages_sendWebViewResultMessage,KNOWN_INCOMPLETE_STATIC,app/bff/apifull/internal/core/mini_bot_apps.go authenticates then returns METHOD_NOT_IMPL because no WebView result or message-delivery provider exists; it does not persist the request or synthesize a sent result.,BLOCKED_BY_IMPLEMENTATION_GAP,Representative bot/WebView fail-closed tests verify nil METHOD_NOT_IMPL and zero persistence reads/writes; no message-delivery provider or business-flow acceptance exists.
messages.sendWebViewData,dc0242c8,messages,/mtproto.RPCMiniBotApps/messages_sendWebViewData,KNOWN_INCOMPLETE_STATIC,app/bff/apifull/internal/core/mini_bot_apps.go authenticates then returns METHOD_NOT_IMPL because no WebView data or message-delivery provider exists; it does not persist the request or synthesize Updates.,BLOCKED_BY_IMPLEMENTATION_GAP,Representative bot/WebView fail-closed tests verify nil METHOD_NOT_IMPL and zero persistence reads/writes; no message-delivery provider or business-flow acceptance exists.
messages.transcribeAudio,269e9a49,messages,/mtproto.RPCTranscription/messages_transcribeAudio,ROUTED_NOT_FUNCTIONALLY_ACCEPTED,/mtproto.RPCTranscription/messages_transcribeAudio,NOT_ACCEPTED,Route evidence only; no full business-flow acceptance.
messages.rateTranscribedAudio,7f1d072f,messages,/mtproto.RPCTranscription/messages_rateTranscribedAudio,ROUTED_NOT_FUNCTIONALLY_ACCEPTED,/mtproto.RPCTranscription/messages_rateTranscribedAudio,NOT_ACCEPTED,Route evidence only; no full business-flow acceptance.
messages.getCustomEmojiDocuments,d9ab0f54,messages,/mtproto.RPCCustomEmojis/messages_getCustomEmojiDocuments,KNOWN_INCOMPLETE_STATIC,"app/bff/apifull/internal/core/custom_emojis.go, emoji.go, emoji_categories.go: the handlers lack a built-in emoji/custom-emoji catalogue; lookup methods are fixed empty or derive results only from the caller’s synthetic sticker records, and emoji URLs/language catalogues are empty.",BLOCKED_BY_IMPLEMENTATION_GAP,No full business-flow acceptance.
messages.getEmojiStickers,fbfca18f,messages,/mtproto.RPCCustomEmojis/messages_getEmojiStickers,KNOWN_INCOMPLETE_STATIC,"app/bff/apifull/internal/core/custom_emojis.go, emoji.go, emoji_categories.go: the handlers lack a built-in emoji/custom-emoji catalogue; lookup methods are fixed empty or derive results only from the caller’s synthetic sticker records, and emoji URLs/language catalogues are empty.",BLOCKED_BY_IMPLEMENTATION_GAP,No full business-flow acceptance.
messages.getFeaturedEmojiStickers,ecf6736,messages,/mtproto.RPCCustomEmojis/messages_getFeaturedEmojiStickers,KNOWN_INCOMPLETE_STATIC,"app/bff/apifull/internal/core/custom_emojis.go, emoji.go, emoji_categories.go: the handlers lack a built-in emoji/custom-emoji catalogue; lookup methods are fixed empty or derive results only from the caller’s synthetic sticker records, and emoji URLs/language catalogues are empty.",BLOCKED_BY_IMPLEMENTATION_GAP,No full business-flow acceptance.
messages.reportReaction,3f64c076,messages,/mtproto.RPCReactions/messages_reportReaction,KNOWN_INCOMPLETE_STATIC,"The handler now validates the message, target peer, and reaction peer, then submits an idempotent durable intake row through apifull_report when the canonical APIFull database is open. A moderation/reaction-report consumer and review workflow are still absent, so valid requests fail closed when that provider is unavailable.",BLOCKED_BY_IMPLEMENTATION_GAP,The APIFull core compile check passed; no isolated database success path or moderation workflow acceptance is claimed.
messages.getTopReactions,bb8125ba,messages,/mtproto.RPCReactions/messages_getTopReactions,PARTIAL_SESSION_VERIFIED,Isolated WebSocket reaction probe verifies two member writes readback duplicate and switch semantics reaction lists user-scoped defaults and top reactions. Wrong channel access hash and nonmembers are rejected.,PARTIAL_ISOLATED_SESSION_E2E,Isolated WebSocket reaction probe verifies two member writes readback duplicate and switch semantics reaction lists user-scoped defaults and top reactions. Wrong channel access hash and nonmembers are rejected.
messages.getRecentReactions,39461db2,messages,/mtproto.RPCReactions/messages_getRecentReactions,PARTIAL_SESSION_VERIFIED,/mtproto.RPCReactions/messages_getRecentReactions,PARTIAL_ISOLATED_SESSION_E2E,"2026-10-06 production library probe returned typed messages.Reactions over DC2 WebSocket -> session -> BFF; the result was empty (recent-reaction history is not authoritative). This is call/type evidence only, not a complete history."
messages.clearRecentReactions,9dfeefb4,messages,/mtproto.RPCReactions/messages_clearRecentReactions,PARTIAL_SESSION_VERIFIED,/mtproto.RPCReactions/messages_clearRecentReactions,PARTIAL_ISOLATED_SESSION_E2E,"2026-10-06 production reaction probe called messages.clearRecentReactions and received Boolean after a real reaction/read flow, then removed both temporary message copies. Global reaction catalogue and cross-device cursor persistence remain open."
messages.getExtendedMedia,84f80814,messages,/mtproto.RPCPaidMedia/messages_getExtendedMedia,KNOWN_INCOMPLETE_STATIC,The handler authenticates then returns METHOD_NOT_IMPL because no canonical payment or paid-content provider exists; it does not return a synthetic success or mutate local payment state.,BLOCKED_BY_IMPLEMENTATION_GAP,TestPaidProductMethodsFailClosedWithoutPersistence passed in the isolated APIFull test package and verifies nil METHOD_NOT_IMPL without persistence.
messages.setDefaultHistoryTTL,9eb51445,messages,/mtproto.RPCPrivacySettings/messages_setDefaultHistoryTTL,PARTIAL_SESSION_VERIFIED,"BFF validates the period and propagates UserClient/storage failures; User service persists the canonical default_history_ttl row. Isolated MySQL round-trip covers storage behavior.",PARTIAL_ISOLATED_SESSION_E2E,"2026-10-07 backend-backend-1 production probe docker/production/probe-default-history-ttl-roundtrip.ts used user 136907714 over DC2 WebSocket: set a temporary period, read it through the API and MySQL, restored the pre-existing period, then verified both readbacks."
messages.getDefaultHistoryTTL,658b7188,messages,/mtproto.RPCPrivacySettings/messages_getDefaultHistoryTTL,PARTIAL_SESSION_VERIFIED,"BFF propagates UserClient failures and rejects nil responses; User service reads the canonical default_history_ttl row. Isolated MySQL round-trip covers storage behavior.",PARTIAL_ISOLATED_SESSION_E2E,"2026-10-07 backend-backend-1 production probe docker/production/probe-default-history-ttl-roundtrip.ts returned DefaultHistoryTTL before, during and after the reversible production write; API and MySQL readbacks matched each state."
messages.sendBotRequestedPeer,6c5cf2a7,messages,/mtproto.RPCInlineBot/messages_sendBotRequestedPeer,KNOWN_INCOMPLETE_STATIC,app/bff/apifull/internal/core/inline_bot.go: saves the request JSON and returns empty Updates/Bool; it does not send or edit a message or deliver the requested peer.,BLOCKED_BY_IMPLEMENTATION_GAP,No full business-flow acceptance.
messages.getEmojiGroups,7488ce5b,messages,/mtproto.RPCEmojiCategories/messages_getEmojiGroups,KNOWN_INCOMPLETE_STATIC,"app/bff/apifull/internal/core/custom_emojis.go, emoji.go, emoji_categories.go: the handlers lack a built-in emoji/custom-emoji catalogue; lookup methods are fixed empty or derive results only from the caller’s synthetic sticker records, and emoji URLs/language catalogues are empty.",BLOCKED_BY_IMPLEMENTATION_GAP,No full business-flow acceptance.
messages.getEmojiStatusGroups,2ecd56cd,messages,/mtproto.RPCEmojiCategories/messages_getEmojiStatusGroups,KNOWN_INCOMPLETE_STATIC,"app/bff/apifull/internal/core/custom_emojis.go, emoji.go, emoji_categories.go: the handlers lack a built-in emoji/custom-emoji catalogue; lookup methods are fixed empty or derive results only from the caller’s synthetic sticker records, and emoji URLs/language catalogues are empty.",BLOCKED_BY_IMPLEMENTATION_GAP,No full business-flow acceptance.
messages.getEmojiProfilePhotoGroups,21a548f3,messages,/mtproto.RPCEmojiCategories/messages_getEmojiProfilePhotoGroups,KNOWN_INCOMPLETE_STATIC,"app/bff/apifull/internal/core/custom_emojis.go, emoji.go, emoji_categories.go: the handlers lack a built-in emoji/custom-emoji catalogue; lookup methods are fixed empty or derive results only from the caller’s synthetic sticker records, and emoji URLs/language catalogues are empty.",BLOCKED_BY_IMPLEMENTATION_GAP,No full business-flow acceptance.
messages.searchCustomEmoji,2c11c0d7,messages,/mtproto.RPCCustomEmojis/messages_searchCustomEmoji,KNOWN_INCOMPLETE_STATIC,"app/bff/apifull/internal/core/custom_emojis.go, emoji.go, emoji_categories.go: the handlers lack a built-in emoji/custom-emoji catalogue; lookup methods are fixed empty or derive results only from the caller’s synthetic sticker records, and emoji URLs/language catalogues are empty.",BLOCKED_BY_IMPLEMENTATION_GAP,No full business-flow acceptance.
messages.togglePeerTranslations,e47cb579,messages,/mtproto.RPCTranslation/messages_togglePeerTranslations,ROUTED_NOT_FUNCTIONALLY_ACCEPTED,/mtproto.RPCTranslation/messages_togglePeerTranslations,NOT_ACCEPTED,Route evidence only; no full business-flow acceptance.
messages.getBotApp,34fdc5c3,messages,/mtproto.RPCMiniBotApps/messages_getBotApp,KNOWN_INCOMPLETE_STATIC,app/bff/apifull/internal/core/mini_bot_apps.go authenticates then returns METHOD_NOT_IMPL because no Bot App metadata registry or resolver exists; it does not fabricate a BotApp or persist the input.,BLOCKED_BY_IMPLEMENTATION_GAP,Representative bot/WebView fail-closed tests verify nil METHOD_NOT_IMPL and zero persistence reads/writes; no Bot App provider or business-flow acceptance exists.
messages.requestAppWebView,53618bce,messages,/mtproto.RPCMiniBotApps/messages_requestAppWebView53618BCE,KNOWN_INCOMPLETE_STATIC,app/bff/apifull/internal/core/mini_bot_apps.go authenticates then returns METHOD_NOT_IMPL because no app URL authorization or signed WebView-session provider exists; it does not echo the short name or persist the request.,BLOCKED_BY_IMPLEMENTATION_GAP,Representative bot/WebView fail-closed tests verify nil METHOD_NOT_IMPL and zero persistence reads/writes; no Mini App provider or business-flow acceptance exists.
messages.setChatWallPaper,8ffacae1,messages,/mtproto.RPCWallpapers/messages_setChatWallPaper,PARTIAL_ISOLATED_DB_VERIFIED,"APIFull validates caller-owned DFS wallpapers and calls DialogSetChatWallpaper; Dialog service now propagates SQL/cache execution failures. Isolated MySQL reads back wallpaper ID and override state, with storage-failure coverage. Global catalogue, cross-session update delivery and deployed session flow remain unverified.",PARTIAL_ISOLATED_DB_ONLY,"APIFull validates caller-owned DFS wallpapers and calls DialogSetChatWallpaper; Dialog service now propagates SQL/cache execution failures. Isolated MySQL reads back wallpaper ID and override state, with storage-failure coverage. Global catalogue, cross-session update delivery and deployed session flow remain unverified."
messages.searchEmojiStickerSets,92b4494c,messages,/mtproto.RPCStickers/messages_searchEmojiStickerSets,KNOWN_INCOMPLETE_STATIC,"app/bff/apifull/internal/core/stickers.go authenticates first, then returns METHOD_NOT_IMPL for sticker RPCs because no authoritative sticker catalog/media provider is wired; local synthetic catalogues and request-only writes are not exposed.",BLOCKED_BY_IMPLEMENTATION_GAP,Focused fail-closed tests cover authenticated and unauthenticated sticker handlers; no provider-backed acceptance exists.
messages.getSavedDialogs,1e91fc99,messages,/mtproto.RPCSavedMessageDialogs/messages_getSavedDialogs,PARTIAL_SESSION_VERIFIED,"The handler validates authentication and dialog/message responses, handles empty top-message IDs, propagates message/user/chat hydration failures, rejects malformed entities, and requires a real channel resolver instead of synthesizing empty channels. Native channel history and restart behavior remain unverified.",PARTIAL_ISOLATED_SESSION_E2E,"2026-10-07 r19 backend-backend-1 production read-only probe over DC2 WebSocket -> gateway -> session -> BFF -> msg/MySQL returned messages.SavedDialogsSlice(count=1, dialogs=1, messages=1, users=1) for existing user 136907714 data. Native channel hydration and restart persistence remain unverified."
messages.getSavedHistory,998ab009,messages,/mtproto.RPCSavedMessageDialogs/messages_getSavedHistory,PARTIAL_SESSION_VERIFIED,"MessagesGetSavedHistory authenticates, validates peer/limit/provider availability, rejects nil backend responses, propagates user/chat hydration errors, normalizes PEER_SELF and self-user peers to the canonical saved-message key, and hydrates persisted APIFull channel chats through channelview.ChatsByID. Native channel history and restart persistence remain unverified.",PARTIAL_ISOLATED_SESSION_E2E,"2026-10-07 r19 backend-backend-1 production read-only probe over DC2 WebSocket -> gateway -> session -> BFF -> msg/MySQL returned messages.Messages(messages=4, users=1) for InputPeerSelf and existing saved history of user 136907714. Native channel history and restart persistence remain unverified."
messages.deleteSavedHistory,4dc5085f,messages,/mtproto.RPCSavedMessageDialogs/messages_deleteSavedHistory,ROUTED_NOT_FUNCTIONALLY_ACCEPTED,"The handler validates authentication and peer shape, then explicitly returns METHOD_NOT_IMPL because no authoritative saved-message deletion RPC exists; it does not fabricate affected history.",NOT_ACCEPTED,No full business-flow acceptance.
messages.getPinnedSavedDialogs,d63d94e0,messages,/mtproto.RPCSavedMessageDialogs/messages_getPinnedSavedDialogs,PARTIAL_SESSION_VERIFIED,"The handler authenticates, reads pinned saved dialogs through the Dialog provider, hydrates top messages/entities, and fails closed on provider or channel-resolution errors. Non-empty saved-dialog persistence and cross-session updates remain unverified.",PARTIAL_ISOLATED_SESSION_E2E,"2026-10-07 r19 backend-backend-1 production read-only probe over DC2 WebSocket -> gateway -> session -> BFF -> Dialog/Message providers returned messages.SavedDialogs(dialogs=0, messages=0, chats=0, users=0), the valid empty pinned state. Non-empty pinned-dialog hydration remains unverified."
messages.toggleSavedDialogPin,ac81bbde,messages,/mtproto.RPCSavedMessageDialogs/messages_toggleSavedDialogPin,PARTIAL_COMPONENT_VERIFIED,"app/bff/savedmessagedialogs/internal/core/messages.toggleSavedDialogPin_handler.go now validates authentication, request and provider replies, propagates Dialog/Sync failures, and hydrates channel Chat entities through channelview before SyncUpdatesNotMe. Focused tests cover channel payload hydration, provider failure propagation and rejected unauthenticated/nil requests. Full saved-dialog session and persistence acceptance remains pending.",PARTIAL_COMPONENT_ONLY,"Focused BFF core tests verify typed BoolTrue, channel Chat hydration in updateSavedDialogPinned and Dialog/Sync error propagation with stubs. No live saved-dialog/session workflow, restart persistence or production validation."
messages.reorderPinnedSavedDialogs,8b716587,messages,/mtproto.RPCSavedMessageDialogs/messages_reorderPinnedSavedDialogs,ROUTED_NOT_FUNCTIONALLY_ACCEPTED,"The handler validates authentication, request/order peers, dialog provider availability and Bool response; persistence/session flow remains unaccepted.",NOT_ACCEPTED,No full business-flow acceptance.
messages.getSavedReactionTags,3637e05b,messages,/mtproto.RPCSavedMessageTags/messages_getSavedReactionTags,PARTIAL_SESSION_VERIFIED,"APIFull persists caller-scoped emoji/custom-emoji tags, returns typed tags with a deterministic hash, and emits messages.savedReactionTagsNotModified when the hash matches.",PARTIAL_ISOLATED_SESSION_E2E,"2026-10-06 production backend-backend-1 reversible probe over DC2 WebSocket -> gateway -> session -> BFF -> Redis returned messages.SavedReactionTags, then messages.SavedReactionTagsNotModified for the returned hash; a unique emoji tag was removed in cleanup. No timeout, 500, or connection drop. Cross-session update delivery remains unverified."
messages.updateSavedReactionTag,60297dec,messages,/mtproto.RPCSavedMessageTags/messages_updateSavedReactionTag,PARTIAL_SESSION_VERIFIED,"APIFull persists caller-scoped emoji/custom-emoji tags, validates authentication and reaction shape, and returns BoolTrue for add/update/delete.",PARTIAL_ISOLATED_SESSION_E2E,"2026-10-06 production backend-backend-1 reversible probe over DC2 WebSocket -> gateway -> session -> BFF -> Redis added and removed a unique emoji tag, with typed Boolean results and cleanup confirmation. No timeout, 500, or connection drop. Cross-session update delivery remains unverified."
messages.getDefaultTagReactions,bdf93428,messages,/mtproto.RPCSavedMessageTags/messages_getDefaultTagReactions,PARTIAL_SESSION_VERIFIED,APIFull returns caller-scoped saved reaction tags as messages.Reactions and falls back to the built-in static emoji list when no saved tags exist.,PARTIAL_ISOLATED_SESSION_E2E,"2026-10-06 production backend-backend-1 reversible probe read messages.Reactions after saving a unique emoji tag and confirmed that tag was present, then removed it. No timeout, 500, or connection drop. Hash-not-modified semantics for this endpoint and cross-session delivery remain unverified."
messages.getOutboxReadDate,8c4bfe5d,messages,/mtproto.RPCMessages/messages_getOutboxReadDate,PARTIAL_SESSION_VERIFIED,"app/bff/messages/internal/core/messages.getOutboxReadDate_handler.go: authenticates and validates the request and user peer access hash; verifies the caller-owned outbound message and rejects deleted peers; evaluates both status-timestamp privacy rules before querying read dates, with missing/malformed rules failing internally, unsupported rule types returning METHOD_NOT_IMPL, and evaluated denials returning the documented 403. Expiry uses the 604800-second client/TDLib default because this BFF has no dynamic pm_read_date_expire_period configuration; unsupported valid privacy rules remain unimplemented.",PARTIAL_ISOLATED_SESSION_E2E,"2026-10-06 production reversible probe sent a real private message, read it from the recipient, marked it read, and received OutboxReadDate with the message ID over DC2 WebSocket -> session -> BFF -> msg/MySQL; the message was deleted afterward."
messages.getQuickReplies,d483f2a8,messages,/mtproto.RPCBusinessQuickReply/messages_getQuickReplies,PARTIAL_SESSION_VERIFIED,"Reads caller-scoped shortcut metadata and hydrates all saved message IDs through the authoritative message service; missing, invalid, or non-owned rows fail closed.",PARTIAL_ISOLATED_SESSION_E2E,"Real production user 136907714 over WebSocket -> session -> BFF returned messages.QuickReplies with saved message 34 in group 120032, then a typed empty result after cleanup. No timeout, 500, panic, or METHOD_NOT_IMPL."
messages.reorderQuickReplies,60331907,messages,/mtproto.RPCBusinessQuickReply/messages_reorderQuickReplies,PARTIAL_SESSION_VERIFIED,"Validates the authenticated caller, applies the requested caller-scoped shortcut order while preserving stored entries, persists the result, and returns BoolTrue.",PARTIAL_ISOLATED_SESSION_E2E,"2026-10-07 backend-backend-1 production user 136907713 over DC2 WebSocket -> gateway -> session -> BFF persisted a two-shortcut reorder, read the order back through messages.getQuickReplies, restored the original order, and removed all temporary qreply rows. The route returned typed BoolTrue with no timeout or 5xx."
messages.checkQuickReplyShortcut,f1d0fbd3,messages,/mtproto.RPCBusinessQuickReply/messages_checkQuickReplyShortcut,PARTIAL_SESSION_VERIFIED,"Validates the authenticated caller and returns BoolTrue only when the requested shortcut name is available in the caller-scoped stored list.",PARTIAL_ISOLATED_SESSION_E2E,"2026-10-07 backend-backend-1 production user 136907713 over DC2 WebSocket -> gateway -> session -> BFF returned BoolTrue for two unused names and BoolFalse after creating one of them; cleanup removed all temporary qreply rows. No timeout or 5xx."
messages.editQuickReplyShortcut,5c003cef,messages,/mtproto.RPCBusinessQuickReply/messages_editQuickReplyShortcut,PARTIAL_SESSION_VERIFIED,"Validates the caller-scoped shortcut name/id and persists the rename or requested shortcut, returning BoolTrue on success; duplicate names return BoolFalse.",PARTIAL_ISOLATED_SESSION_E2E,The real production session edited a temporary shortcut through WebSocket -> session -> BFF and received BoolTrue; the temporary shortcut was deleted during cleanup. Restart persistence and duplicate-name coverage remain open.
messages.deleteQuickReplyShortcut,3cc04740,messages,/mtproto.RPCBusinessQuickReply/messages_deleteQuickReplyShortcut,PARTIAL_SESSION_VERIFIED,"Deletes only the caller-scoped shortcut and its message associations, persists the resulting list, and returns BoolTrue.",PARTIAL_ISOLATED_SESSION_E2E,The production session deleted temporary shortcut 901337 and received BoolTrue; a subsequent messages.getQuickReplies returned a typed empty result. The cleanup removed the exact empty qreply KV row and preserved the valid qreply:msg row.
messages.getQuickReplyMessages,94a495c3,messages,/mtproto.RPCBusinessQuickReply/messages_getQuickReplyMessages,PARTIAL_SESSION_VERIFIED,"Loads caller-scoped shortcut message IDs and hydrates each selected row through the authoritative message service, rejecting malformed, duplicate, missing, or non-owned messages.",PARTIAL_ISOLATED_SESSION_E2E,"The production session requested shortcut 901337/message 34 and received messages.Messages containing message 34 from group 120032; the message was then used by the send flow and removed in cleanup. No timeout, 500, or panic."
messages.sendQuickReplyMessages,6c750de1,messages,/mtproto.RPCBusinessQuickReply/messages_sendQuickReplyMessages,PARTIAL_SESSION_VERIFIED,"Validates caller ownership, clones outgoing stored messages, retargets peer/sender/date/random ID, and writes through MsgSendMessageV2; missing providers fail closed.",PARTIAL_ISOLATED_SESSION_E2E,"The production session sent shortcut message 34 to group 120032 and received typed Updates with new message 40; messages.getHistory read it back before cleanup. The path traversed session -> BFF -> msg -> MySQL without timeout, 500, or panic."
messages.deleteQuickReplyMessages,e105e910,messages,/mtproto.RPCBusinessQuickReply/messages_deleteQuickReplyMessages,PARTIAL_SESSION_VERIFIED,"Removes only requested IDs from the caller-scoped shortcut association, rejects unknown or duplicate IDs without mutation, and returns typed Updates after durable persistence.",PARTIAL_ISOLATED_SESSION_E2E,The production session removed message 34 from shortcut 901337 and received typed Updates; the later explicit message cleanup was read back in MySQL with deleted=1. The shortcut delete then returned BoolTrue.
messages.toggleDialogFilterTags,fd2dda49,messages,/mtproto.RPCFolderTags/messages_toggleDialogFilterTags,PARTIAL_SESSION_VERIFIED,"The isolated WebSocket baseline probe enabled and disabled tags, read tagsEnabled back for Alice, and verified it did not leak to Bob. The baseline used the pre-candidate BFF.",PARTIAL_ISOLATED_SESSION_E2E,Real isolated WebSocket -> session -> BFF mutation/readback passed. Candidate changes have not been deployed.
messages.getMyStickers,d0b5e1fc,messages,/mtproto.RPCStickers/messages_getMyStickers,KNOWN_INCOMPLETE_STATIC,"app/bff/apifull/internal/core/stickers.go authenticates first, then returns METHOD_NOT_IMPL for sticker RPCs because no authoritative sticker catalog/media provider is wired; local synthetic catalogues and request-only writes are not exposed.",BLOCKED_BY_IMPLEMENTATION_GAP,Focused fail-closed tests cover authenticated and unauthenticated sticker handlers; no provider-backed acceptance exists.
messages.getEmojiStickerGroups,1dd840f5,messages,/mtproto.RPCEmojiCategories/messages_getEmojiStickerGroups,KNOWN_INCOMPLETE_STATIC,"app/bff/apifull/internal/core/custom_emojis.go, emoji.go, emoji_categories.go: the handlers lack a built-in emoji/custom-emoji catalogue; lookup methods are fixed empty or derive results only from the caller’s synthetic sticker records, and emoji URLs/language catalogues are empty.",BLOCKED_BY_IMPLEMENTATION_GAP,No full business-flow acceptance.
messages.getAvailableEffects,dea20a39,messages,/mtproto.RPCMessageEffects/messages_getAvailableEffects,PARTIAL_SESSION_VERIFIED,/mtproto.RPCMessageEffects/messages_getAvailableEffects,PARTIAL_ISOLATED_SESSION_E2E,"2026-10-06 production library probe returned typed messages.AvailableEffects over DC2 WebSocket -> session -> BFF; the result was empty (effect catalogue is not authoritative). This is call/type evidence only, not a complete effect catalogue."
messages.editFactCheck,589ee75,messages,/mtproto.RPCFactChecks/messages_editFactCheck,PARTIAL_COMPONENT_VERIFIED,"app/bff/apifull/internal/core/fact_checks.go: authenticates, validates the peer/message ID, and requires the caller's authoritative MessageGetUserMessage row to match the requested peer before writing caller-scoped fact-check JSON; no shared fact-check authorization, canonical persistence, or update delivery exists.",PARTIAL_COMPONENT_ONLY,"Focused component tests cover authenticated round-trip, missing/mismatched messages, malformed requests, and missing reader failure. Full business-flow acceptance remains blocked by absent shared fact-check/update services."
messages.deleteFactCheck,d1da940c,messages,/mtproto.RPCFactChecks/messages_deleteFactCheck,PARTIAL_COMPONENT_VERIFIED,"app/bff/apifull/internal/core/fact_checks.go: authenticates, validates the peer/message ID, and requires the caller's authoritative MessageGetUserMessage row to match before clearing caller-scoped fact-check JSON; no shared permission check, canonical message-storage mutation, or update delivery exists.",PARTIAL_COMPONENT_ONLY,"Focused component tests cover authenticated round-trip, missing/mismatched messages, malformed requests, and missing reader failure. Full business-flow acceptance remains blocked by absent shared fact-check/update services."
messages.getFactCheck,b9cdc5ee,messages,/mtproto.RPCFactChecks/messages_getFactCheck,PARTIAL_COMPONENT_VERIFIED,"app/bff/apifull/internal/core/fact_checks.go: authenticates and validates every requested message against the caller's authoritative MessageGetUserMessage row and peer before reading caller-scoped fact-check JSON; missing stored fact-checks still return NeedCheck and no shared fact-check provider/update path exists.",PARTIAL_COMPONENT_ONLY,"Focused component tests cover authenticated round-trip, missing/mismatched messages, malformed requests, and missing reader failure. Full business-flow acceptance remains blocked by absent shared fact-check/update services."
messages.requestMainWebView,c9e01e7b,messages,/mtproto.RPCMainMiniBotApps/messages_requestMainWebView,KNOWN_INCOMPLETE_STATIC,app/bff/apifull/internal/core/main_mini_bot_apps.go and mini_bot_apps.go: stores request JSON and returns an empty WebViewResult URL; no webview request is processed.,BLOCKED_BY_IMPLEMENTATION_GAP,No full business-flow acceptance.
messages.sendPaidReaction,58bbcb50,messages,/mtproto.RPCReactions/messages_sendPaidReaction,KNOWN_INCOMPLETE_STATIC,The handler authenticates then returns METHOD_NOT_IMPL because no canonical payment or paid-content provider exists; it does not return a synthetic success or mutate local payment state.,BLOCKED_BY_IMPLEMENTATION_GAP,TestPaidProductMethodsFailClosedWithoutPersistence passed in the isolated APIFull test package and verifies nil METHOD_NOT_IMPL without persistence.
messages.togglePaidReactionPrivacy,435885b5,messages,/mtproto.RPCReactions/messages_togglePaidReactionPrivacy,KNOWN_INCOMPLETE_STATIC,The handler authenticates then returns METHOD_NOT_IMPL because no canonical payment or paid-content provider exists; it does not return a synthetic success or mutate local payment state.,BLOCKED_BY_IMPLEMENTATION_GAP,TestPaidProductMethodsFailClosedWithoutPersistence passed in the isolated APIFull test package and verifies nil METHOD_NOT_IMPL without persistence.
messages.getPaidReactionPrivacy,472455aa,messages,/mtproto.RPCReactions/messages_getPaidReactionPrivacy,KNOWN_INCOMPLETE_STATIC,The handler authenticates then returns METHOD_NOT_IMPL because no canonical payment or paid-content provider exists; it does not return a synthetic success or mutate local payment state.,BLOCKED_BY_IMPLEMENTATION_GAP,TestPaidProductMethodsFailClosedWithoutPersistence passed in the isolated APIFull test package and verifies nil METHOD_NOT_IMPL without persistence.
messages.viewSponsoredMessage,269e3643,messages,/mtproto.RPCSponsoredMessages/messages_viewSponsoredMessage,KNOWN_INCOMPLETE_STATIC,app/bff/sponsoredmessages/internal/core/messages.viewSponsoredMessage_handler.go: rejects nil requests and empty random_id then returns METHOD_NOT_IMPL because no ad view/analytics consumer exists.,BLOCKED_BY_IMPLEMENTATION_GAP,No full business-flow acceptance.
messages.clickSponsoredMessage,8235057e,messages,/mtproto.RPCSponsoredMessages/messages_clickSponsoredMessage,KNOWN_INCOMPLETE_STATIC,app/bff/sponsoredmessages/internal/core/messages.clickSponsoredMessage_handler.go: rejects nil requests and empty random_id then returns METHOD_NOT_IMPL because no ad click/analytics consumer exists.,BLOCKED_BY_IMPLEMENTATION_GAP,No full business-flow acceptance.
messages.reportSponsoredMessage,12cbf0c4,messages,/mtproto.RPCSponsoredMessages/messages_reportSponsoredMessage,KNOWN_INCOMPLETE_STATIC,app/bff/sponsoredmessages/internal/core/messages.reportSponsoredMessage_handler.go: rejects nil requests and empty random_id then returns METHOD_NOT_IMPL because no ad report/moderation consumer exists.,BLOCKED_BY_IMPLEMENTATION_GAP,No full business-flow acceptance.
messages.getSponsoredMessages,3d6ce850,messages,/mtproto.RPCSponsoredMessages/messages_getSponsoredMessages,KNOWN_INCOMPLETE_STATIC,app/bff/sponsoredmessages/internal/core/messages.getSponsoredMessages_handler.go: authenticates and rejects a missing peer before returning METHOD_NOT_IMPL because no sponsored-message inventory provider exists; it no longer reports an empty list as success.,BLOCKED_BY_IMPLEMENTATION_GAP,No full business-flow acceptance.
messages.savePreparedInlineMessage,f21f7f2f,messages,/mtproto.RPCPreparedInlineMessages/messages_savePreparedInlineMessage,ROUTED_NOT_FUNCTIONALLY_ACCEPTED,/mtproto.RPCPreparedInlineMessages/messages_savePreparedInlineMessage,NOT_ACCEPTED,Route evidence only; no full business-flow acceptance.
messages.getPreparedInlineMessage,857ebdb8,messages,/mtproto.RPCPreparedInlineMessages/messages_getPreparedInlineMessage,ROUTED_NOT_FUNCTIONALLY_ACCEPTED,/mtproto.RPCPreparedInlineMessages/messages_getPreparedInlineMessage,NOT_ACCEPTED,Route evidence only; no full business-flow acceptance.
messages.searchStickers,29b1c66a,messages,/mtproto.RPCStickers/messages_searchStickers,KNOWN_INCOMPLETE_STATIC,app/bff/apifull/internal/core/stickers.go: reads use locally synthesized sticker refs/documents or fixed empty catalogues; writes mostly store the request JSON and return an empty/not-modified result. There is no shared sticker-set catalogue or real media-backed mutation path.,BLOCKED_BY_IMPLEMENTATION_GAP,No full business-flow acceptance.
messages.reportMessagesDelivery,5a6d7395,messages,/mtproto.RPCGatewayVerificationMessages/messages_reportMessagesDelivery,KNOWN_INCOMPLETE_STATIC,app/bff/apifull/internal/core/gateway_verification_messages.go: saves only the first message ID locally and returns BoolTrue; no delivery report is sent.,BLOCKED_BY_IMPLEMENTATION_GAP,No full business-flow acceptance.
messages.getSavedDialogsByID,6f6f9c96,messages,/mtproto.RPCSavedMessageDialogs/messages_getSavedDialogsByID,PARTIAL_SESSION_VERIFIED,"The handler validates authentication, parent and requested peers, pages the Dialog provider, hydrates messages/users/chats/channels, and fails closed on malformed provider data. Native channel hydration and cross-session updates remain unverified.",PARTIAL_ISOLATED_SESSION_E2E,"2026-10-07 r19 backend-backend-1 production raw Layer 229 probe over DC2 WebSocket -> gateway -> session -> BFF -> msg/MySQL encoded messages.getSavedDialogsByID#6f6f9c96 with ids=[InputPeerSelf] and returned messages.SavedDialogs(dialogs=1, messages=1, users=1), matching existing user 136907714 data. Native channel hydration and cross-session updates remain unverified."
messages.readSavedHistory,ba4a3b5b,messages,/mtproto.RPCSavedMessageDialogs/messages_readSavedHistory,PARTIAL_ISOLATED_DB_VERIFIED,"app/bff/savedmessagedialogs/internal/core/messages.readSavedHistory_handler.go; app/service/biz/dialog/internal/core/dialog.markSavedHistoryRead_handler.go; saved_dialogs.read_max_id is updated monotonically with GREATEST and only for an existing saved-dialog row. BFF handler tests plus bufconn gRPC→DAO→MySQL acceptance in isolated teamgram_audit verified write/readback, no rollback, empty/invalid peer rejection. Full deployed BFF→biz/session path is not accepted; production migration not applied.",PARTIAL_ISOLATED_DB_ONLY,"BFF mapping unit test and real internal gRPC→DAO→isolated MySQL test passed: cursor 450 reads back, subsequent 420 does not regress, invalid peer and negative cursor rejected. Full deployed BFF→biz/session flow not tested."
messages.toggleTodoCompleted,d3e03124,messages,/mtproto.RPCTodoLists/messages_toggleTodoCompleted,ISOLATED_DB_VERIFIED,TestTodoAppendToggleRoundtrip (teamgram_audit): completion state is persisted and read back.,ISOLATED_DB_ONLY,TestTodoAppendToggleRoundtrip (teamgram_audit): completion state is persisted and read back.
messages.appendTodoList,21a61057,messages,/mtproto.RPCTodoLists/messages_appendTodoList,ISOLATED_DB_VERIFIED,TestTodoAppendToggleRoundtrip (teamgram_audit): append response and stored item state are read back.,ISOLATED_DB_ONLY,TestTodoAppendToggleRoundtrip (teamgram_audit): append response and stored item state are read back.
messages.toggleSuggestedPostApproval,8107455c,messages,/mtproto.RPCSuggestedPosts/messages_toggleSuggestedPostApproval,KNOWN_INCOMPLETE_STATIC,app/bff/apifull/internal/core/suggested_posts.go: stores one note per caller and returns synthetic Updates; it does not change approval state on the referenced channel post or notify peers.,BLOCKED_BY_IMPLEMENTATION_GAP,No full business-flow acceptance.
messages.getForumTopics,3ba47bff,messages,/mtproto.RPCForums/messages_getForumTopics,PARTIAL_SESSION_VERIFIED,/mtproto.RPCForums/messages_getForumTopics,PARTIAL_ISOLATED_SESSION_E2E,2026-10-06 production forum probes returned messages.ForumTopics after real topic creation and by-ID reads over DC2 WebSocket -> session -> BFF -> APIFull/MySQL; temporary forum channel was deleted.
messages.getForumTopicsByID,af0a4a08,messages,/mtproto.RPCForums/messages_getForumTopicsByID,PARTIAL_SESSION_VERIFIED,/mtproto.RPCForums/messages_getForumTopicsByID,PARTIAL_ISOLATED_SESSION_E2E,2026-10-06 production forum probes returned messages.ForumTopics after real topic creation and by-ID reads over DC2 WebSocket -> session -> BFF -> APIFull/MySQL; temporary forum channel was deleted.
messages.editForumTopic,cecc1134,messages,/mtproto.RPCForums/messages_editForumTopic,PARTIAL_SESSION_VERIFIED,/mtproto.RPCForums/messages_editForumTopic,PARTIAL_ISOLATED_SESSION_E2E,2026-10-06 production forum probe edited a real temporary forum topic and read back messages.ForumTopics with title/icon/closed/hidden fields over DC2 WebSocket -> session -> BFF -> APIFull/MySQL. Temporary channel was deleted; multi-role authorization and restart persistence remain open.
messages.updatePinnedForumTopic,175df251,messages,/mtproto.RPCForums/messages_updatePinnedForumTopic,PARTIAL_SESSION_VERIFIED,/mtproto.RPCForums/messages_updatePinnedForumTopic,PARTIAL_ISOLATED_SESSION_E2E,2026-10-06 production forum probe pinned a real temporary forum topic and read back the pinned flag as messages.ForumTopics over DC2 WebSocket -> session -> BFF -> APIFull/MySQL. Temporary channel was deleted; multi-role authorization and restart persistence remain open.
messages.reorderPinnedForumTopics,e7841f0,messages,/mtproto.RPCForums/messages_reorderPinnedForumTopics,PARTIAL_SESSION_VERIFIED,/mtproto.RPCForums/messages_reorderPinnedForumTopics,PARTIAL_ISOLATED_SESSION_E2E,2026-10-06 production forum probe reordered two real temporary forum topics and read back the order as messages.ForumTopics over DC2 WebSocket -> session -> BFF -> APIFull/MySQL. Temporary channel was deleted; pagination and restart persistence remain open.
messages.createForumTopic,2f98c3d5,messages,/mtproto.RPCForums/messages_createForumTopic,PARTIAL_SESSION_VERIFIED,The isolated forum probe created owner and ManageTopics-admin topics and read them back; a normal member and outsider were rejected.,PARTIAL_ISOLATED_SESSION_E2E,Real four-user isolated owner/member/admin/outsider workflow passed. Native provider and restart persistence remain unverified.
messages.deleteTopicHistory,d2816f10,messages,/mtproto.RPCForums/messages_deleteTopicHistory,PARTIAL_SESSION_VERIFIED,"The isolated forum probe deleted a topic, checked messages.AffectedHistory.pts_count=1, and confirmed get-by-ID no longer returned it.",PARTIAL_ISOLATED_SESSION_E2E,Real Layer 229 WebSocket/session/BFF delete/readback passed for an owner-created topic. Native provider and restart persistence remain unverified.
messages.getEmojiGameInfo,fb7e8ca7,messages,/mtproto.RPCGames/messages_getEmojiGameInfo,KNOWN_INCOMPLETE_STATIC,app/bff/apifull/internal/core/games.go: scores are stored in a local map keyed by caller-supplied peer/message IDs without verifying the game/message or player permissions; reads synthesize users and writes return empty updates. Emoji game info ignores its input and reads a caller-local short name.,BLOCKED_BY_IMPLEMENTATION_GAP,No full business-flow acceptance.
messages.summarizeText,abbbd346,messages,/mtproto.RPCMessages/messages_summarizeText,KNOWN_INCOMPLETE_STATIC,app/bff/messages/internal/core/messages.summarizeText_handler.go now returns METHOD_NOT_IMPL rather than echoing the source as a summary. No summarization provider is configured.,BLOCKED_BY_IMPLEMENTATION_GAP,TestMessagesSummarizeTextDoesNotReturnOriginalAsSummary passed; it verifies nil result and METHOD_NOT_IMPL. Actual summarization remains unavailable.
messages.editChatCreator,f743b857,messages,/mtproto.RPCChats/messages_editChatCreator,ROUTED_NOT_FUNCTIONALLY_ACCEPTED,/mtproto.RPCChats/messages_editChatCreator,NOT_ACCEPTED,Route evidence only; no full business-flow acceptance.
messages.getFutureChatCreatorAfterLeave,3b7d0ea6,messages,/mtproto.RPCChats/messages_getFutureChatCreatorAfterLeave,ROUTED_NOT_FUNCTIONALLY_ACCEPTED,/mtproto.RPCChats/messages_getFutureChatCreatorAfterLeave,NOT_ACCEPTED,Route evidence only; no full business-flow acceptance.
messages.editChatParticipantRank,a00f32b0,messages,/mtproto.RPCChats/messages_editChatParticipantRank,ROUTED_NOT_FUNCTIONALLY_ACCEPTED,/mtproto.RPCChats/messages_editChatParticipantRank,NOT_ACCEPTED,Route evidence only; no full business-flow acceptance.
messages.declineUrlAuth,35436bbc,messages,/mtproto.RPCSeamless/messages_declineUrlAuth,ROUTED_NOT_FUNCTIONALLY_ACCEPTED,/mtproto.RPCSeamless/messages_declineUrlAuth,NOT_ACCEPTED,Route evidence only; no full business-flow acceptance.
messages.checkUrlAuthMatchCode,c9a47b0b,messages,/mtproto.RPCSeamless/messages_checkUrlAuthMatchCode,ROUTED_NOT_FUNCTIONALLY_ACCEPTED,/mtproto.RPCSeamless/messages_checkUrlAuthMatchCode,NOT_ACCEPTED,Route evidence only; no full business-flow acceptance.
messages.composeMessageWithAI,daecc589,messages,/mtproto.RPCAiComposeTone/messages_composeMessageWithAI,KNOWN_INCOMPLETE_STATIC,app/bff/apifull/internal/core/ai_compose_tone.go now returns METHOD_NOT_IMPL instead of persisting the request and returning empty generated text. No AI backend is configured.,BLOCKED_BY_IMPLEMENTATION_GAP,"TestAIComposeMethodsFailClosedWithoutBackend passed against teamgram_audit; it checks nil result, METHOD_NOT_IMPL, and no persisted request. AI generation remains unavailable."
messages.reportReadMetrics,4067c5e6,messages,/mtproto.RPCReports/messages_reportReadMetrics,PARTIAL_COMPONENT_VERIFIED,"The handler validates each read metric and target peer, then persists an idempotent intake row through apifull_report when the canonical APIFull database is open. No analytics consumer or reporting dashboard is wired.",PARTIAL_COMPONENT_ONLY,Handler and report-provider path compile; the isolated database success path and full analytics workflow were not run in this environment.
messages.reportMusicListen,ddbcd819,messages,/mtproto.RPCReports/messages_reportMusicListen,PARTIAL_COMPONENT_VERIFIED,"The handler validates document and duration fields, then persists an idempotent intake row through apifull_report when the canonical APIFull database is open. No music analytics consumer is wired.",PARTIAL_COMPONENT_ONLY,Handler and report-provider path compile; the isolated database success path and full analytics workflow were not run in this environment.
messages.addPollAnswer,19bc4b6d,messages,/mtproto.RPCPolls/messages_addPollAnswer,PARTIAL_SESSION_VERIFIED,/mtproto.RPCPolls/messages_addPollAnswer,PARTIAL_ISOLATED_SESSION_E2E,"2026-10-06 production poll probe exercised the real group poll over DC2 WebSocket -> session -> BFF -> APIFull/MySQL: addPollAnswer returned Updates, unread returned messages.Messages, read returned messages.AffectedHistory, and raw deletePollAnswer returned Updates. Temporary poll data was removed."
messages.deletePollAnswer,ac8505a5,messages,/mtproto.RPCPolls/messages_deletePollAnswer,PARTIAL_SESSION_VERIFIED,/mtproto.RPCPolls/messages_deletePollAnswer,PARTIAL_ISOLATED_SESSION_E2E,"2026-10-06 production poll probe exercised the real group poll over DC2 WebSocket -> session -> BFF -> APIFull/MySQL: addPollAnswer returned Updates, unread returned messages.Messages, read returned messages.AffectedHistory, and raw deletePollAnswer returned Updates. Temporary poll data was removed."
messages.getUnreadPollVotes,43286cf2,messages,/mtproto.RPCPolls/messages_getUnreadPollVotes,PARTIAL_SESSION_VERIFIED,/mtproto.RPCPolls/messages_getUnreadPollVotes,PARTIAL_ISOLATED_SESSION_E2E,"2026-10-06 production poll probe exercised the real group poll over DC2 WebSocket -> session -> BFF -> APIFull/MySQL: addPollAnswer returned Updates, unread returned messages.Messages, read returned messages.AffectedHistory, and raw deletePollAnswer returned Updates. Temporary poll data was removed."
messages.readPollVotes,1720b4d8,messages,/mtproto.RPCPolls/messages_readPollVotes,PARTIAL_SESSION_VERIFIED,/mtproto.RPCPolls/messages_readPollVotes,PARTIAL_ISOLATED_SESSION_E2E,"2026-10-06 production poll probe exercised the real group poll over DC2 WebSocket -> session -> BFF -> APIFull/MySQL: addPollAnswer returned Updates, unread returned messages.Messages, read returned messages.AffectedHistory, and raw deletePollAnswer returned Updates. Temporary poll data was removed."
messages.setBotGuestChatResult,b8f106e3,messages,/mtproto.RPCInlineBot/messages_setBotGuestChatResult,KNOWN_INCOMPLETE_STATIC,app/bff/apifull/internal/core/inline_bot.go authenticates then returns METHOD_NOT_IMPL because no guest-chat result delivery provider exists; it does not persist the request or fabricate an inline message ID.,BLOCKED_BY_IMPLEMENTATION_GAP,Representative fail-closed tests verify nil METHOD_NOT_IMPL and zero persistence reads/writes; no guest-chat provider or business-flow acceptance exists.
messages.deleteParticipantReactions,a0b80cf8,messages,/mtproto.RPCReactions/messages_deleteParticipantReactions,PARTIAL_SESSION_VERIFIED,"The handler authenticates and authorizes the conversation peer, removes all shared reaction rows for the requested participant, persists the resulting list, and propagates storage errors. It does not provide cross-device update fan-out or a moderation workflow.",PARTIAL_ISOLATED_SESSION_E2E,"2026-10-07 backend-backend-1 production dual-user roundtrip over DC2 WebSocket -> gateway -> session -> APIFull verified a real private message reaction: the participant list count was 1 before the call, messages.deleteParticipantReactions returned BooleanTrue, and the count was 0 afterward. Temporary messages and the participant's reaction Redis keys were restored to their exact pre-probe values. Cross-device notifications and non-private peer coverage remain unverified."
messages.deleteParticipantReaction,e3b7f82c,messages,/mtproto.RPCReactions/messages_deleteParticipantReaction,PARTIAL_SESSION_VERIFIED,"The handler authenticates and authorizes the conversation peer, removes the requested participant's reaction for one message, builds a typed updateMessageReactions result, and persists the resulting list. It does not provide cross-device update fan-out.",PARTIAL_ISOLATED_SESSION_E2E,"2026-10-07 backend-backend-1 production dual-user roundtrip over DC2 WebSocket -> gateway -> session -> APIFull verified a real private message reaction: the participant list count was 1 before the call, messages.deleteParticipantReaction returned typed Updates, and the count was 0 afterward. Temporary messages and the participant's reaction Redis keys were restored to their exact pre-probe values. Channel/admin semantics and cross-device notifications remain unverified."
messages.getPersonalChannelHistory,55fb0996,messages,/mtproto.RPCChannels/messages_getPersonalChannelHistory,PARTIAL_ISOLATED_DB_VERIFIED,TestMessagesGetPersonalChannelHistoryRoundTrip (teamgram_audit); Layer 229 result and page encode pass; native channels remain unsupported,PARTIAL_ISOLATED_DB_ONLY,TestMessagesGetPersonalChannelHistoryRoundTrip (teamgram_audit); Layer 229 result and page encode pass; native channels remain unsupported
messages.getRichMessage,501569cf,messages,/mtproto.RPCMessages/messages_getRichMessage,PARTIAL_COMPONENT_VERIFIED,"The handler validates authentication, peer/id/request shape and nil message responses; rich-message entity hydration now propagates User/Chat provider failures and rejects channel results without an authoritative channel entity provider. Unknown IDs retain the protocol messageEmpty response.",PARTIAL_COMPONENT_ONLY,"Messages package regression passed. No valid rich-message session flow, native-channel hydration, restart persistence or production traffic was run."
messages.translateRichMessage,1a542004,messages,/mtproto.RPCMessages/messages_translateRichMessage,KNOWN_INCOMPLETE_STATIC,app/bff/messages/internal/core/messages.translateRichMessage_handler.go now returns METHOD_NOT_IMPL rather than echoing source text as translated output. No translation provider is configured.,BLOCKED_BY_IMPLEMENTATION_GAP,TestMessagesTranslateRichMessageDoesNotReturnOriginalAsTranslation passed; it verifies nil result and METHOD_NOT_IMPL. Actual translation remains unavailable.
messages.composeRichMessageWithAI,8d7ae6af,messages,/mtproto.RPCMessages/messages_composeRichMessageWithAI,KNOWN_INCOMPLETE_STATIC,app/bff/messages/internal/core/messages.composeRichMessageWithAI_handler.go now returns METHOD_NOT_IMPL rather than returning input text as the AI-generated result. No AI backend is configured.,BLOCKED_BY_IMPLEMENTATION_GAP,TestMessagesComposeRichMessageWithAIDoesNotReturnOriginalAsResult passed; it verifies nil result and METHOD_NOT_IMPL. Actual generation remains unavailable.
messages.requestChatJoinWebView,ba9ee679,messages,/mtproto.RPCMiniBotApps/messages_requestChatJoinWebView,KNOWN_INCOMPLETE_STATIC,app/bff/apifull/internal/core/mini_bot_apps.go authenticates then returns METHOD_NOT_IMPL because no chat-join authorization or WebView-session provider exists; it does not persist the request or synthesize an empty URL.,BLOCKED_BY_IMPLEMENTATION_GAP,Representative bot/WebView fail-closed tests verify nil METHOD_NOT_IMPL and zero persistence reads/writes; no chat-join WebView provider or business-flow acceptance exists.
updates.getState,edd4882a,updates,/mtproto.RPCUpdates/updates_getState,PARTIAL_ISOLATED_DB_VERIFIED,UpdatesGetState preserves the ordinary PTS/seq state and replaces QTS with apifull_secret_user_state.last_qts. TestUpdatesGetStateUsesAuthoritativeSecretQTS and TestMySQLSecretUpdatesReader passed; no public session/BFF flow was exercised.,PARTIAL_ISOLATED_DB_ONLY,Unit handler coverage plus isolated teamgram_audit state readback; no production restart or full Layer 229 session acceptance.
updates.getDifference,19c2f763,updates,/mtproto.RPCUpdates/updates_getDifference,PARTIAL_SESSION_VERIFIED,"Recipient-scoped encrypted messages are read from apifull_secret_message in QTS order, qts/qts_limit pagination selects differenceSlice versus difference, ordinary and service/file payloads are reconstructed, the returned state exposes authoritative QTS, and future QTS returns MAX_QTS_INVALID. Existing ordinary-PTS date and native channel hydration gaps remain.",PARTIAL_ISOLATED_SESSION_E2E,2026-10-06 production secret-chat/channel probes returned typed updates.Difference after real encrypted or channel updates over DC2 WebSocket -> session -> BFF -> MySQL. Full update retention/restart replay semantics remain open.
updates.getChannelDifference,3173d78,updates,/mtproto.RPCUpdates/updates_getChannelDifference,PARTIAL_SESSION_VERIFIED,"The BFF delegates to the durable channel snapshot and event log, and now validates InputChannel access hash and membership before replay. The biz service returns typed newMessages/OtherUpdates with hidden-history checks; old rows without event history use snapshot fallback. This phase did not run tests or build.",PARTIAL_ISOLATED_SESSION_E2E,"2026-10-07 r20 production probe verified one message replay before the access-hash guard was added. Wrong-hash difference rejection, other event shapes, and restart acceptance remain unverified; 103 pre-existing orphan channel events remain."
photos.updateProfilePhoto,9e82039,photos,/mtproto.RPCUserChannelProfiles/photos_updateProfilePhoto,PARTIAL_COMPONENT_VERIFIED,"The handler validates authentication, request and User/Media/Sync dependencies, requires a non-empty provider photo ID, reads the typed Photo from Media, and propagates sync or nil-response failures. Focused mutation tests cover provider errors, missing dependencies, typed response hydration, and sync failure.",PARTIAL_COMPONENT_ONLY,"Focused user/media/sync-client tests only; no full session, profile-photo persistence or production acceptance."
photos.uploadProfilePhoto,388a3b5,photos,/mtproto.RPCUserChannelProfiles/photos_uploadProfilePhoto,PARTIAL_COMPONENT_VERIFIED,"The handler validates authentication, upload input and permanent auth ownership, uploads through Media, requires a positive returned Photo, updates the User profile, hydrates the caller and publishes Sync updates with typed response checks. Focused mutation tests cover provider errors, missing dependencies and sync failure.",PARTIAL_COMPONENT_ONLY,"Focused user/media/sync-client tests only; no full session, profile-photo persistence or production acceptance."
photos.deletePhotos,87cf7f2f,photos,/mtproto.RPCUserChannelProfiles/photos_deletePhotos,PARTIAL_COMPONENT_VERIFIED,"The handler validates authentication and every InputPhoto, calls the User deletion provider, hydrates the replacement Photo when present, and propagates User/Media/Sync and nil-response failures. Focused mutation tests cover provider errors, missing dependencies and sync failure.",PARTIAL_COMPONENT_ONLY,"Focused user/media/sync-client tests only; no full session, profile-photo persistence or production acceptance."
photos.getUserPhotos,91cd32a8,photos,/mtproto.RPCUserChannelProfiles/photos_getUserPhotos,PARTIAL_SESSION_VERIFIED,"The handler validates the authenticated user and requested peer, resolves authoritative profile-photo IDs from the User/Media services, applies bounded offset/max_id pagination, and propagates provider errors.",PARTIAL_ISOLATED_SESSION_E2E,2026-10-06 production read-only probe returned photos.Photos and account.BusinessChatLinks through DC2 WebSocket -> session -> BFF. Both were valid empty results (zero photos/links); non-empty mutation and restart persistence remain open.
photos.uploadContactProfilePhoto,e14c4a71,photos,/mtproto.RPCUserChannelProfiles/photos_uploadContactProfilePhoto,PARTIAL_COMPONENT_VERIFIED,"The handler validates authentication, target user, upload input and permanent auth ownership, uploads through Media, requires a positive typed Photo, and persists the caller-scoped contact-photo reference. Missing providers and nil/invalid Media responses fail closed.",PARTIAL_COMPONENT_ONLY,"Focused Media/persistence path only; contact ownership, full session and production acceptance remain unverified."
upload.saveFilePart,b304a621,upload,/mtproto.RPCFiles/upload_saveFilePart,PARTIAL_SESSION_VERIFIED,"probe-media-flows.ts and probe-upload-repro.ts saved direct and multipart document, photo, and video parts over the main, exported, and cross-DC paths.",PARTIAL_ISOLATED_SESSION_E2E,"2026-10-06 backend-backend-1 r23 production probe prod-upload-1791274953030-20586: real DC2 WebSocket -> gateway -> session -> BFF -> DFS/media; saveFilePart returned Boolean, InputFile was consumed by messages.uploadMedia/sendMedia, history returned messages.Messages, and upload.getFile returned upload.File with exact payload bytes. Temporary self-message was deleted. Restart persistence and object-store failover remain open."
upload.getFile,be5335be,upload,/mtproto.RPCFiles/upload_getFile,PARTIAL_SESSION_VERIFIED,"probe-media-flows.ts downloaded document, multipart document, photo, and video payloads for sender and recipient; probe-upload-repro.ts also validated the main and cross-DC paths.",PARTIAL_ISOLATED_SESSION_E2E,2026-10-06 backend-backend-1 r23 production probe prod-upload-1791274953030-20586: upload.File returned through the live path and downloaded bytes matched the direct and big uploaded payloads. Temporary messages were deleted; object-store restart/failover remains open.
upload.saveBigFilePart,de7b673d,upload,/mtproto.RPCFiles/upload_saveBigFilePart,ROUTED_NOT_FUNCTIONALLY_ACCEPTED,/mtproto.RPCFiles/upload_saveBigFilePart,PARTIAL_ISOLATED_SESSION_E2E,"2026-10-06 backend-backend-1 r23 production probe prod-upload-1791274953030-20586: saveBigFilePart returned Boolean for a one-part InputFileBig, messages.uploadMedia/sendMedia consumed it, history returned messages.Messages, and upload.getFile read back the exact payload bytes. Temporary self-message was deleted. Multi-part restart persistence and object-store failover remain open."
upload.getWebFile,24e6818d,upload,/mtproto.RPCFiles/upload_getWebFile,PARTIAL_COMPONENT_VERIFIED,"app/bff/files/internal/core/upload.getWebFile_handler.go performs bounded HTTP(S) range reads, MIME/size/mtime handling, redirect and private-address/DNS rejection; focused range/metadata and rejection tests pass.",PARTIAL_COMPONENT_ONLY,"Focused files-core tests passed and the r4 image is deployed; no production external URL fetch was issued, so provider/network business-flow acceptance remains pending."
upload.getCdnFile,395f69da,upload,/mtproto.RPCFiles/upload_getCdnFile,KNOWN_INCOMPLETE_STATIC,app/bff/files/internal/core/upload.getCdnFile_handler.go: always returns CDN_METHOD_INVALID; no CDN token/file service exists.,BLOCKED_BY_IMPLEMENTATION_GAP,No full business-flow acceptance.
upload.reuploadCdnFile,9b2754a8,upload,/mtproto.RPCFiles/upload_reuploadCdnFile,KNOWN_INCOMPLETE_STATIC,app/bff/files/internal/core/upload.reuploadCdnFile_handler.go: always returns CDN_METHOD_INVALID; no CDN reupload/key service exists.,BLOCKED_BY_IMPLEMENTATION_GAP,No full business-flow acceptance.
upload.getCdnFileHashes,91dc3f31,upload,/mtproto.RPCFiles/upload_getCdnFileHashes,KNOWN_INCOMPLETE_STATIC,app/bff/files/internal/core/upload.getCdnFileHashes_handler.go: always returns CDN_METHOD_INVALID; no CDN hash service exists.,BLOCKED_BY_IMPLEMENTATION_GAP,No full business-flow acceptance.
upload.getFileHashes,9156982a,upload,/mtproto.RPCFiles/upload_getFileHashes,ROUTED_NOT_FUNCTIONALLY_ACCEPTED,/mtproto.RPCFiles/upload_getFileHashes,PARTIAL_ISOLATED_SESSION_E2E,2026-10-06 backend-backend-1 r23 production probe prod-upload-1791275264463-13018: upload.getFileHashes returned a vector for the live InputDocumentFileLocation after upload/save and upload.getFile; the hash path traversed session -> BFF -> DFS and returned the expected typed vector. Temporary media messages were deleted; restart persistence and large-file pagination remain open.
help.getConfig,c4f9186b,help,/mtproto.RPCConfiguration/help_getConfig,PARTIAL_SESSION_VERIFIED,/mtproto.RPCConfiguration/help_getConfig,PARTIAL_ISOLATED_SESSION_E2E,"2026-10-06 production DC2 WebSocket probe returned Config, NearestDc, help.CountriesList and help.TimezonesList through gateway -> session -> BFF. Countries are empty by the allowed phone-form exception; broader configuration fields remain partial."
help.getNearestDc,1fb33026,help,/mtproto.RPCConfiguration/help_getNearestDc,PARTIAL_SESSION_VERIFIED,/mtproto.RPCConfiguration/help_getNearestDc,PARTIAL_ISOLATED_SESSION_E2E,"2026-10-06 production DC2 WebSocket probe returned Config, NearestDc, help.CountriesList and help.TimezonesList through gateway -> session -> BFF. Countries are empty by the allowed phone-form exception; broader configuration fields remain partial."
help.getAppUpdate,522d5a7d,help,/mtproto.RPCConfiguration/help_getAppUpdate,KNOWN_INCOMPLETE_STATIC,app/bff/configuration/internal/core/help.getAppUpdate_handler.go: always returns NoAppUpdate without consulting a release/update source.,BLOCKED_BY_IMPLEMENTATION_GAP,No full business-flow acceptance.
help.getInviteText,4d392343,help,/mtproto.RPCConfiguration/help_getInviteText,KNOWN_INCOMPLETE_STATIC,app/bff/configuration/internal/core/help.getInviteText_handler.go: always returns empty invite text; no invite-text source is configured.,BLOCKED_BY_IMPLEMENTATION_GAP,No full business-flow acceptance.
help.getSupport,9cdf08cd,help,/mtproto.RPCConfiguration/help_getSupport,KNOWN_INCOMPLETE_STATIC,app/bff/configuration/internal/core/help.getSupport_handler.go: always returns an empty phone number and UserEmpty; no support contact is configured or resolved.,BLOCKED_BY_IMPLEMENTATION_GAP,No full business-flow acceptance.
help.setBotUpdatesStatus,ec22cfcd,help,/mtproto.RPCInternalBot/help_setBotUpdatesStatus,KNOWN_INCOMPLETE_STATIC,app/bff/apifull/internal/core/internal_bot.go: stores the request JSON and returns success; no webhook response or update-status state is delivered/read.,BLOCKED_BY_IMPLEMENTATION_GAP,No full business-flow acceptance.
help.getCdnConfig,52029342,help,/mtproto.RPCFiles/help_getCdnConfig,KNOWN_INCOMPLETE_STATIC,app/bff/files/internal/core/help.getCdnConfig_handler.go: always returns CDN_METHOD_INVALID; CDN configuration is not implemented.,BLOCKED_BY_IMPLEMENTATION_GAP,No full business-flow acceptance.
help.getRecentMeUrls,3dc0f114,help,/mtproto.RPCDeepLinks/help_getRecentMeUrls,KNOWN_INCOMPLETE_STATIC,app/bff/apifull/internal/core/deep_links.go now returns METHOD_NOT_IMPL instead of an empty URL/chat/user collection; no recent-link store or link-use write path exists.,BLOCKED_BY_IMPLEMENTATION_GAP,Focused test confirms the explicit unsupported error; no business-flow or production acceptance.
help.getTermsOfServiceUpdate,2ca51fd1,help,/mtproto.RPCTos/help_getTermsOfServiceUpdate,PARTIAL_SESSION_VERIFIED,"The handler reads the caller-scoped ToS acceptance marker from the shared APIFull store and returns either typed help.TermsOfServiceUpdate or help.TermsOfServiceUpdateEmpty with a one-hour expiry. The deployed content is the built-in country-empty placeholder; no configurable terms provider is wired.",PARTIAL_ISOLATED_SESSION_E2E,"2026-10-07 backend-backend-1 r16 production read-only probe used the raw Layer 229 constructor because the checked-in GramJS runtime does not export the request class. DC2 WebSocket -> gateway -> session -> Tos BFF -> APIFull MySQL returned help.TermsOfServiceUpdate for user 136907713 with the placeholder ID/text, popup=false and zero entities. The tos:136907713 KV value and active auth_users count were unchanged before/after; help.acceptTermsOfService, configurable content, and restart persistence remain unverified."
help.acceptTermsOfService,ee72f79a,help,/mtproto.RPCTos/help_acceptTermsOfService,PARTIAL_SESSION_VERIFIED,"The handler validates the caller through session metadata and persists the accepted DataJSON in the shared APIFull store; acceptance is caller-scoped and storage errors are propagated. The deployed terms payload is still the built-in country-empty placeholder, with no configurable terms provider or version history.",PARTIAL_ISOLATED_SESSION_E2E,"2026-10-07 backend-backend-1 production reversible roundtrip used user 136907714's registered auth key over DC2 WebSocket -> gateway -> session -> Tos BFF -> APIFull MySQL. help.acceptTermsOfService returned a successful Boolean, tos:136907714 changed to {""country"":""""}, and a follow-up help.getTermsOfServiceUpdate returned typed help.TermsOfServiceUpdateEmpty. The original empty KV row was restored and matched exactly; no permanent production data remained. Configurable terms, versioning, restart persistence, and the non-empty content provider remain unverified."
help.getDeepLinkInfo,3fedc75f,help,/mtproto.RPCDeepLinks/help_getDeepLinkInfo,KNOWN_INCOMPLETE_STATIC,app/bff/apifull/internal/core/deep_links.go now validates a non-empty path and returns METHOD_NOT_IMPL; no deep-link resolver or preview service exists.,BLOCKED_BY_IMPLEMENTATION_GAP,Focused tests cover unsupported behavior and empty-path validation; no business-flow or production acceptance.
help.getAppConfig,61e3f854,help,/mtproto.RPCConfiguration/help_getAppConfig,PARTIAL_COMPONENT_VERIFIED,"The configuration handler authenticates through the live BFF route and returns typed help.AppConfig with the current static empty JSON object and hash 0; no dynamic app-config provider or cache-not-modified branch is wired.",PARTIAL_ISOLATED_SESSION_E2E,"2026-10-07 r19 backend-backend-1 production read-only probe returned help.AppConfig(hash=0, config.value=0) through DC2 WebSocket -> gateway -> session -> configuration BFF. Dynamic app configuration and cache-not-modified behavior remain unverified."
help.saveAppLog,6f02f748,help,,KNOWN_INCOMPLETE_STATIC,No recoverable prior ledger evidence; requires method-level implementation audit.,BLOCKED_BY_IMPLEMENTATION_GAP,No production acceptance evidence.
help.getPassportConfig,c661ad08,help,,KNOWN_INCOMPLETE_STATIC,No recoverable prior ledger evidence; requires method-level implementation audit.,BLOCKED_BY_IMPLEMENTATION_GAP,No production acceptance evidence.
help.getSupportName,d360e72c,help,,KNOWN_INCOMPLETE_STATIC,No recoverable prior ledger evidence; requires method-level implementation audit.,BLOCKED_BY_IMPLEMENTATION_GAP,No production acceptance evidence.
help.getUserInfo,38a08d3,help,,PARTIAL_SESSION_VERIFIED,"app/bff/apifull/internal/core/tsf.go reads caller- or target-user scoped TSF info from the shared APIFull store and reconstructs MessageEntity values; an empty row returns typed help.UserInfo.",PARTIAL_ISOLATED_SESSION_E2E,2026-10-07 r19 backend-backend-1 production raw Layer 229 probe encoded help.getUserInfo#38a08d3 with InputUserSelf and returned help.UserInfo(entities=0) through DC2 WebSocket -> gateway -> session -> APIFull. Non-empty TSF data and edit/read persistence remain unverified.
help.editUserInfo,66b91b70,help,,PARTIAL_COMPONENT_VERIFIED,"app/bff/apifull/internal/core/tsf.go validates the caller, serializes message/entities, and stores target-user scoped TSF info for subsequent reads.",PARTIAL_COMPONENT_ONLY,"TestB18User81018 verifies edit/readback on the isolated APIFull core; no full session path, user-service source of truth, or production persistence acceptance."
help.getPromoData,c0977421,help,,KNOWN_INCOMPLETE_STATIC,No recoverable prior ledger evidence; requires method-level implementation audit.,BLOCKED_BY_IMPLEMENTATION_GAP,No production acceptance evidence.
help.hidePromoData,1e251c95,help,/mtproto.RPCPromoData/help_hidePromoData,PARTIAL_SESSION_VERIFIED,"Validates the authenticated caller and promo peer, persists the caller-scoped hidden promo peer list in the APIFull store, and returns BoolTrue; the promo catalogue remains a built-in local catalogue.",PARTIAL_ISOLATED_SESSION_E2E,"2026-10-07 backend-backend-1 production user 136907714 over DC2 WebSocket -> gateway -> session -> APIFull/MySQL hid the peer returned by help.getPromoData, read back a different/empty promo result, and restored the original apifull_kv promo:hide row byte-for-byte. No timeout or 5xx; the production store for this path is MySQL, not Redis."
help.dismissSuggestion,f50dbaa1,help,/mtproto.RPCConfiguration/help_dismissSuggestion,KNOWN_INCOMPLETE_STATIC,app/bff/configuration/internal/core/help.dismissSuggestion_handler.go: always returns BoolTrue without persisting which peer/suggestion was dismissed.,BLOCKED_BY_IMPLEMENTATION_GAP,No full business-flow acceptance.
help.getCountriesList,735787a8,help,/mtproto.RPCConfiguration/help_getCountriesList,PARTIAL_SESSION_VERIFIED,/mtproto.RPCConfiguration/help_getCountriesList,PARTIAL_ISOLATED_SESSION_E2E,"2026-10-06 production DC2 WebSocket probe returned Config, NearestDc, help.CountriesList and help.TimezonesList through gateway -> session -> BFF. Countries are empty by the allowed phone-form exception; broader configuration fields remain partial."
help.getPremiumPromo,b81b93d4,help,/mtproto.RPCPremium/help_getPremiumPromo,KNOWN_INCOMPLETE_STATIC,app/bff/premium/internal/core/help.getPremiumPromo_handler.go: hard-codes that Premium is unavailable and returns no purchase options/media; no premium offer catalogue is configured.,BLOCKED_BY_IMPLEMENTATION_GAP,No full business-flow acceptance.
help.getPeerColors,da80f42f,help,/mtproto.RPCAccentColors/help_getPeerColors,PARTIAL_COMPONENT_VERIFIED,HelpGetPeerColors authenticates and returns the built-in seven-color peer palette as typed help.PeerColors; dynamic configuration is not wired.,PARTIAL_ISOLATED_SESSION_E2E,"2026-10-07 r19 backend-backend-1 production read-only probe returned help.PeerColors(hash=0, colors=7) through DC2 WebSocket -> gateway -> session -> APIFull. Dynamic configuration remains unverified."
help.getPeerProfileColors,abcfa9fd,help,/mtproto.RPCAccentColors/help_getPeerProfileColors,PARTIAL_COMPONENT_VERIFIED,HelpGetPeerProfileColors authenticates and returns the built-in seven-color profile palette with profile color sets; dynamic configuration is not wired.,PARTIAL_ISOLATED_SESSION_E2E,"2026-10-07 r19 backend-backend-1 production read-only probe returned help.PeerColors(hash=0, colors=7) through DC2 WebSocket -> gateway -> session -> APIFull. Dynamic configuration remains unverified."
help.getTimezonesList,49b30240,help,/mtproto.RPCTimezones/help_getTimezonesList,PARTIAL_SESSION_VERIFIED,/mtproto.RPCTimezones/help_getTimezonesList,PARTIAL_ISOLATED_SESSION_E2E,"2026-10-06 production DC2 WebSocket probe returned Config, NearestDc, help.CountriesList and help.TimezonesList through gateway -> session -> BFF. Countries are empty by the allowed phone-form exception; broader configuration fields remain partial."
channels.readHistory,cc104937,channels,/mtproto.RPCChannels/channels_readHistory,PARTIAL_SESSION_VERIFIED,"app/bff/apifull/internal/core/channels.go validates the input access hash and caller membership before persisting the channel read cursor. The focused isolated WebSocket lifecycle wrote a fresh channel message, confirmed a member's typed Bool read receipt, and rejected nonmember and wrong-access-hash reads. Native channel history still has no fallback.",PARTIAL_ISOLATED_SESSION_E2E,"Isolated WebSocket/session/BFF flow passed member channels.readHistory after write plus USER_NOT_PARTICIPANT and CHANNEL_INVALID boundaries, then deleted the temporary channel. The APIFull teamgram_audit cursor round trip and no-backwards checks remain covered separately; production traffic, restart persistence, and native-channel providers remain unverified."
channels.deleteMessages,84c1fd4e,channels,/mtproto.RPCChannels/channels_deleteMessages,PARTIAL_ISOLATED_DB_VERIFIED,Deletes APIFull channel messages through the domain transaction after validating InputChannel access hash; creator-only deletion is enforced by the domain path. Native channel messages and full BFF/session flow remain open.,PARTIAL_ISOLATED_DB_ONLY,"TestChannelDeleteMethods passed against teamgram_audit: empty/delete requests, non-creator rejection, pts accounting, Layer 229 affected-messages encoding, and readback. Native channel storage and full BFF/session flow remain unverified."
channels.reportSpam,f44a8315,channels,/mtproto.RPCReports/channels_reportSpam,PARTIAL_COMPONENT_VERIFIED,"The handler validates message IDs, channel and participant peers, then persists an idempotent moderation-intake row through apifull_report when the canonical APIFull database is open. Review and enforcement consumers are still absent.",PARTIAL_COMPONENT_ONLY,"Handler and report-provider path compile; no isolated database success path, moderator consumer, or full business-flow acceptance was run."
channels.getMessages,ad8c9a23,channels,/mtproto.RPCChannels/channels_getMessages,PARTIAL_SESSION_VERIFIED,"The focused isolated WebSocket lifecycle serially logged in three fixtures, created and named a public channel, invited a member, wrote a fresh message, and read the exact text by channels.getMessages after a history read. Wrong access hashes and nonmember channel reads were rejected; the temporary channel was deleted after verification. Native channel storage remains unsupported.",PARTIAL_ISOLATED_SESSION_E2E,"2026-10-07 r19 production read-only probes for user 136907714 over DC2 WebSocket -> gateway -> session -> APIFull/MySQL returned messages.Messages for existing owned APIFull channel message 7. Channel ID, message ID, sender, date, channel entity, and message text SHA-256 matched MySQL; the same row tuple matched before/after. Wrong access hash returned CHANNEL_INVALID and outsider user 136907713 returned USER_NOT_PARTICIPANT. No writes. Native channel storage, multi-ID ordering, and restart persistence remain unverified."
channels.getParticipants,77ced9d0,channels,/mtproto.RPCChannels/channels_getParticipants,PARTIAL_SESSION_VERIFIED,"probe-channel-members.ts joined a public channel, read the real roster as a member, rejected former/nonmembers and wrong hashes, and read the roster again after a container-safe reconnect.",PARTIAL_ISOLATED_SESSION_E2E,Current isolated WebSocket/session/BFF flow verified typed channels.ChannelParticipants and membership authorization. Native channel provider and full filter semantics remain unverified.
channels.getParticipant,a0ab6cc6,channels,/mtproto.RPCChannels/channels_getParticipant,PARTIAL_SESSION_VERIFIED,app/bff/apifull/channelview/members.go resolves persisted member/admin records after caller membership and participants-hidden checks; the APIFull core hydrates the returned user through user.getMutableUsersV2 when configured. Only self/user peers are supported and complete session/BFF acceptance remains unavailable.,PARTIAL_ISOLATED_SESSION_E2E,2026-10-06 production canonical-channel probe returned channels.ChannelParticipant for the invited user over DC2 WebSocket -> session -> BFF -> APIFull/MySQL; the temporary channel was deleted. Admin-right variants and restart persistence remain open.
channels.getChannels,a7f6bbb,channels,/mtproto.RPCChannels/channels_getChannels,PARTIAL_SESSION_VERIFIED,Uses persisted APIFull channel records and validates InputChannel access hashes. TestChannelsGetChannelsUsesStoredChannelAndValidatesHash passed against teamgram_audit and encoded the full response; native-channel hydration remains unavailable.,PARTIAL_ISOLATED_SESSION_E2E,2026-10-06 production canonical-channel probe returned messages.Chats for the newly created channel over DC2 WebSocket -> session -> BFF -> APIFull/MySQL; the temporary channel was deleted. Multi-channel pagination and restart persistence remain open.
channels.getFullChannel,8736a09,channels,/mtproto.RPCChannels/channels_getFullChannel,PARTIAL_SESSION_VERIFIED,The fourteen-user business flow and probe-channel-message-lifecycle.ts read full channel details for a member and rejected an outsider with USER_NOT_PARTICIPANT; wrong access hashes return CHANNEL_INVALID.,PARTIAL_ISOLATED_SESSION_E2E,Current isolated WebSocket/session/BFF flow verified typed channelFull details and member/access-hash authorization. Native channel provider and restart persistence remain unverified.
channels.createChannel,91006707,channels,/mtproto.RPCChannels/channels_createChannel,PARTIAL_SESSION_VERIFIED,"The fourteen-user flow plus channel, forum, reaction, poll, invite, and member probes created real temporary channels and consumed their typed Updates responses.",PARTIAL_ISOLATED_SESSION_E2E,"2026-10-07 backend-backend-1 r21 probe docker/production/probe-channel-username-resolution.ts created a broadcast channel as production user 136907714 through DC2 WebSocket -> gateway -> session -> APIFull/MySQL and received Updates with the channel entity. The owner assigned a username, a second authenticated user resolved it, and the owner deleted the temporary channel; MySQL readback confirmed zero remaining channel rows and active username rows. Native channel creation and restart persistence remain unverified."
channels.editAdmin,9a98ad68,channels,/mtproto.RPCChannels/channels_editAdmin,PARTIAL_ISOLATED_DB_VERIFIED,"app/bff/apifull/internal/domain/channel_members.go stores channel admin rights and rank transactionally; the core validates channel/user access, creator or add-admins permission, target membership and rank length, then returns an updateChannelParticipant event. Demotion clears persisted rights. Cross-service update delivery and complete session/BFF acceptance remain unavailable.",PARTIAL_ISOLATED_DB_ONLY,"TestChannelsEditAdminRoundTrip on teamgram_audit verifies promotion, promoted-admin delegation, admin-filter/readback, user hydration, demotion, outsider rejection, nonmember rejection and cleanup. UserClient is a stub and no live session/BFF/service flow was exercised."
channels.editTitle,566decd0,channels,/mtproto.RPCChannels/channels_editTitle,ISOLATED_DB_VERIFIED,TestChannelsEditTitleRoundTrip (teamgram_audit); Layer 229 Updates encode pass,ISOLATED_DB_ONLY,TestChannelsEditTitleRoundTrip (teamgram_audit); Layer 229 Updates encode pass
channels.editPhoto,f12e57c9,channels,/mtproto.RPCChannels/channels_editPhoto,PARTIAL_ISOLATED_DB_VERIFIED,"ChannelsEditPhoto validates channel membership and access hash, accepts inputChatPhotoEmpty, inputChatUploadedPhoto through the DFS profile-photo provider, or an existing inputPhoto, then persists photo_id/photo_dc_id/photo_has_video in apifull_channel and returns a typed ChatPhoto. TestChannelsEditPhotoPersistsUploadedPhotoAndClear covers fake DFS request propagation, DB readback, Layer 229 ChatPhoto encoding fields, and reversible clear; the deployed DFS path and native-channel photo store remain unverified.",PARTIAL_ISOLATED_DB_ONLY,Isolated teamgram_audit test passed with a fake DFS provider and durable apifull_channel photo fields; backend-backend-1 schema read-only check confirms photo_id/photo_dc_id/photo_has_video columns. No production photo write or real DFS upload was issued.
channels.checkUsername,10e6bd2c,channels,/mtproto.RPCUsernames/channels_checkUsername,PARTIAL_COMPONENT_VERIFIED,"ChannelsCheckUsername now validates authentication, request/channel/username shape and UserClient availability, maps provider predicates to typed Bool, and fails closed on nil/unknown responses or provider errors. Focused tests cover available/owned/occupied states and malformed provider responses.",PARTIAL_ISOLATED_SESSION_E2E,"2026-10-07 r19 production raw Layer 229 probe used owner 136907714's channel 3 and its valid access hash over DC2 WebSocket -> gateway -> session -> Usernames BFF -> User service/MySQL. A legal unused channel username returned BoolTrue; the username table still had zero rows for it afterward. Occupied/existing-self branches and full updateUsername write authorization remain unverified."
channels.updateUsername,3514b3de,channels,/mtproto.RPCUsernames/channels_updateUsername,PARTIAL_SESSION_VERIFIED,"The handler validates channel identity and creator/admin rights using both the ordinary channel plugin and APIFull channel projection, writes the username through UserClient, and synchronizes apifull_channel.username. Isolated probes verified creator update, nonmember resolution, and public message-link generation from the persisted username; native-channel authorization/update and production traffic remain unverified.",PARTIAL_ISOLATED_SESSION_E2E,"2026-10-07 backend-backend-1 r21 probe docker/production/probe-channel-username-resolution.ts set a generated channel username as the owner and received BooleanTrue; non-member user 136907713 then resolved the matching APIFull Channel. The owner cleared the username and deleted the temporary channel, and SQL confirmed no active username or channel row remained. Native-channel update and restart persistence remain unverified."
channels.joinChannel,7f6a1e22,channels,/mtproto.RPCChannels/channels_joinChannel7F6A1E22,PARTIAL_SESSION_VERIFIED,"probe-channel-members.ts joined a public channel, rejected duplicate joins, and read the member roster; wrong access hashes and non-public/private cases fail closed.",PARTIAL_ISOLATED_SESSION_E2E,Current isolated WebSocket/session/BFF flow verified typed join results and persisted membership. Private invite-link joins and native channel providers remain unverified.
channels.leaveChannel,f836aa95,channels,/mtproto.RPCChannels/channels_leaveChannel,PARTIAL_SESSION_VERIFIED,"probe-channel-members.ts removed a member, then confirmed the former member and nonmember could not read the roster.",PARTIAL_ISOLATED_SESSION_E2E,Current isolated WebSocket/session/BFF flow verified typed leave Updates and membership removal. Cross-client update delivery and native providers remain unverified.
channels.inviteToChannel,c9e33d54,channels,/mtproto.RPCChannels/channels_inviteToChannelC9E33D54,PARTIAL_SESSION_VERIFIED,"The fourteen-user flow and channel-member/reaction probes invited real users, read their membership, and exercised wrong-hash and nonmember rejection. The focused channel-message lifecycle independently invited Bob and observed the typed messages.InvitedUsers result before the member read/write flow.",PARTIAL_ISOLATED_SESSION_E2E,Current isolated WebSocket/session/BFF flow verified typed invite results and roster/message authorization boundaries. Target privacy/approval and native provider semantics remain unverified.
channels.deleteChannel,c0111fe3,channels,/mtproto.RPCChannels/channels_deleteChannel,PARTIAL_SESSION_VERIFIED,"ChannelsDeleteChannel validates caller, InputChannel access hash, and creator ownership, then deletes the channel and all APIFull-owned member, message, hidden-message, sequence, read-state, event, and group-call rows in one MySQL transaction. TestChannelsDeleteChannelOwnerTransactionRoundTrip verifies outsider and wrong-hash rejection, owner deletion, Layer 229 encoding, zero post-delete row counts, and legacy KV cleanup on teamgram_audit. The focused isolated WebSocket lifecycle also deleted its temporary channel as the creator and confirmed subsequent channels.getFullChannel returned CHANNEL_INVALID.",PARTIAL_ISOLATED_SESSION_E2E,"2026-10-07 r20 production DC2 WebSocket -> gateway -> session -> APIFull -> MySQL probe used user 136907714 to create channel 1791347558218704174 and send one persisted message/event, then deleted it as creator. The typed Updates response was followed by zero channel, member, message, sequence, event, hidden, content-read, read-state, and admin-log rows. The original 103 orphan events remain; no manual schema migration or infrastructure restart was performed."
channels.exportMessageLink,e63fadeb,channels,/mtproto.RPCChannels/channels_exportMessageLink,PARTIAL_SESSION_VERIFIED,"ChannelsExportMessageLink validates the exact channel access hash, caller membership, persisted public username, and source message before returning https://t.me/<username>/<id>. The isolated WebSocket probe verified creator and member links plus nonmember, wrong-hash, and private-channel rejection. Grouped/thread links remain METHOD_NOT_IMPL.",PARTIAL_ISOLATED_SESSION_E2E,"Isolated WebSocket/session/BFF flow created a public channel, persisted its username, posted a message, and returned the same public link to creator and member. It rejected a nonmember, wrong access hash, and private channel. No production traffic or restart-persistence acceptance."
channels.toggleSignatures,418d549c,channels,/mtproto.RPCChannels/channels_toggleSignatures,ISOLATED_DB_VERIFIED,TestChannelSettingsRoundTrip (teamgram_audit): signature flags are persisted and read through channel/full-channel methods; non-owner write is rejected.,ISOLATED_DB_ONLY,TestChannelSettingsRoundTrip (teamgram_audit): signature flags are persisted and read through channel/full-channel methods; non-owner write is rejected.
channels.getAdminedPublicChannels,f8b036af,channels,/mtproto.RPCChannels/channels_getAdminedPublicChannels,PARTIAL_ISOLATED_DB_VERIFIED,"ChannelsGetAdminedPublicChannels reads canonical APIFull channel rows, filters creator-owned public usernames and returns hydrated typed Chats. TestChannelsGetAdminedPublicChannelsUsesCanonicalRows verifies public/private filtering and username fields against teamgram_audit; delegated admin/native channel coverage remains unverified.",PARTIAL_ISOLATED_DB_ONLY,TestChannelsGetAdminedPublicChannelsUsesCanonicalRows passed against isolated teamgram_audit and encoded the stored public channel. No production channel listing or native provider read was issued.
channels.editBanned,96e6cd81,channels,/mtproto.RPCChannels/channels_editBanned,PARTIAL_ISOLATED_DB_VERIFIED,"APIFull persists per-member banned rights/actor/date, validates channel access hash and ban_users permission, resolves target users, prevents delegated admins from modifying other admins, normalizes expired rights, and returns participant updates; isolated MySQL test verifies restriction/kick/unban and readback. Restrictions are not yet proven to be enforced by the message-send path.",PARTIAL_ISOLATED_DB_ONLY,"TestChannelsEditBannedRoundTrip passed against isolated teamgram_audit and encoded the participant update; no real session/BFF chain was run, and message-send enforcement remains unverified."
channels.getAdminLog,33ddf480,channels,/mtproto.RPCChannels/channels_getAdminLog,PARTIAL_COMPONENT_VERIFIED,app/bff/apifull/internal/domain/channel_admin_log.go persists immutable join/leave/invite/toggle-ban/toggle-admin snapshots in the same MySQL transaction as membership changes; channels.getAdminLog validates access and filters events. Compile and source checks passed; isolated runtime and session readback remain pending.,PARTIAL_COMPONENT_ONLY,"Current r4 image contains the implementation and startup created apifull_channel_admin_log; no production channel write was issued, so this is not production business-flow acceptance."
channels.setStickers,ea8ca4f9,channels,/mtproto.RPCChannels/channels_setStickers,KNOWN_INCOMPLETE_STATIC,app/bff/apifull/internal/core/channels.go authenticates then returns METHOD_NOT_IMPL because no authoritative data store or workflow exists.,BLOCKED_BY_IMPLEMENTATION_GAP,TestChannelsUnsupportedDataMethodsFailClosed passed against isolated teamgram_audit and verifies nil METHOD_NOT_IMPL.
channels.readMessageContents,eab5dc38,channels,/mtproto.RPCChannels/channels_readMessageContents,PARTIAL_ISOLATED_DB_VERIFIED,"APIFull validates the InputChannel access hash, member status, positive message IDs, and canonical channel-message existence, then records per-user content-read receipts in apifull_channel_message_content_read with idempotent upsert semantics. The channel message model still stores only text and does not expose a complete media-unread/content provider.",PARTIAL_ISOLATED_DB_ONLY,"TestChannelsReadMessageContentsPersistsMemberReceipt and TestMarkChannelMessageContentsReadIsDurableAndIdempotent pass against 127.0.0.1:13306/teamgram_audit, including retry, wrong-hash, nonmember, missing-message, and restart-safe domain behavior. Full Layer 229 session delivery and native media-unread propagation remain unverified."
channels.deleteHistory,9baa9647,channels,/mtproto.RPCChannels/channels_deleteHistory9BAA9647,PARTIAL_SESSION_VERIFIED,"The focused isolated WebSocket lifecycle wrote a fresh channel message, had the invited member perform private channels.deleteHistory, confirmed that member's history no longer contained the text while the owner still could read it, and rejected nonmember and wrong-access-hash deletes. Native channel storage remains unsupported.",PARTIAL_ISOLATED_SESSION_E2E,"Isolated WebSocket/session/BFF flow verified member-scoped hide semantics, owner visibility, USER_NOT_PARTICIPANT and CHANNEL_INVALID boundaries, and final creator channel cleanup. No production traffic, restart persistence, or native-channel provider was exercised."
channels.togglePreHistoryHidden,eabbb94c,channels,/mtproto.RPCChannels/channels_togglePreHistoryHidden,PARTIAL_SESSION_VERIFIED,"ChannelsTogglePreHistoryHidden validates channel access and creator permission, persists hidden_prehistory, and returns a hydrated typed Chat. TestChannelSettingsRoundTrip verifies persistence, full-channel encoding, and non-owner rejection; native-channel enforcement remains unverified.",PARTIAL_ISOLATED_SESSION_E2E,"2026-10-07 r20 production DC2 WebSocket -> gateway -> session -> APIFull -> MySQL probe enabled and reset hidden prehistory on a temporary owner-created channel. Each call returned Updates; channels.getFullChannel and apifull_channel.hidden_prehistory read back true, then false. The temporary channel was deleted and confirmed absent. Native channel provider and non-owner production behavior remain unverified."
channels.getLeftChannels,8341ecc0,channels,/mtproto.RPCTakeout/channels_getLeftChannels,KNOWN_INCOMPLETE_STATIC,"app/bff/apifull/internal/core/takeout.go authenticates then returns METHOD_NOT_IMPL; no authoritative left-channel membership/history store or takeout consumer exists, so it does not fabricate an empty Chats list.",BLOCKED_BY_IMPLEMENTATION_GAP,TestChannelsGetLeftChannelsFailsClosedWithoutHistoryProvider covers authenticated refusal; no authoritative left-channel provider or full business-flow acceptance.
channels.getGroupsForDiscussion,f5dad378,channels,/mtproto.RPCChannels/channels_getGroupsForDiscussion,PARTIAL_SESSION_VERIFIED,APIFull reads the persistent channel roster and returns creator/admin-owned megagroups with exact access hashes; missing storage fails closed. The paired setDiscussionGroup path validates broadcast/megagroup roles and stores the link transactionally.,PARTIAL_ISOLATED_SESSION_E2E,Real production DC1 WebSocket/session/BFF probe returned messages.Chats with five eligible discussion groups. A temporary broadcast channel flow exercised the call before linking and cleaned up the probe channel; restart persistence and delegated-admin coverage remain unverified.
channels.setDiscussionGroup,40582bb2,channels,/mtproto.RPCChannels/channels_setDiscussionGroup,PARTIAL_SESSION_VERIFIED,"APIFull validates the broadcast owner/admin rights, requires a megagroup discussion target, and persists or clears discussion_group_id in one transaction. InputChannelEmpty clears the mapping; invalid channel roles fail closed.",PARTIAL_ISOLATED_SESSION_E2E,"Real production DC1 flow created a temporary broadcast channel, linked it to an owned megagroup, sent a reply, read it through messages.getReplies/getDiscussionMessage, cleared the mapping and deleted the temporary channel. Delegated-admin and restart acceptance remain unverified."
channels.editLocation,58e63f6d,channels,/mtproto.RPCChannels/channels_editLocation,PARTIAL_ISOLATED_DB_VERIFIED,"Persists and reads channel latitude, longitude, and address in apifull_channel; validates access hash, creator permission, coordinate ranges, address length, and inputGeoPointEmpty clearing. Native channel storage and full BFF/session acceptance remain open.",PARTIAL_ISOLATED_DB_ONLY,"TestChannelsEditLocationRoundTrip passed against teamgram_audit: location write/readback, Layer 229 channelFull encoding, outsider and bad-hash rejection, and clear semantics. Full BFF/session flow and native channel provider remain unverified."
channels.toggleSlowMode,edd49ef0,channels,/mtproto.RPCChannels/channels_toggleSlowMode,PARTIAL_SESSION_VERIFIED,"ChannelsToggleSlowMode validates the caller, InputChannel access hash, membership and creator permission, persists slowmode_seconds through UpdateChannelSettings, and returns hydrated typed Updates/Chat data. TestChannelSettingsRoundTrip verifies write/readback, full-channel encoding, and non-owner rejection; native-channel enforcement remains unverified.",PARTIAL_ISOLATED_SESSION_E2E,"2026-10-07 r20 production DC2 WebSocket -> gateway -> session -> APIFull -> MySQL probe created a temporary broadcast channel, sent channels.toggleSlowMode(seconds=17) as its creator, and read 17 from both channels.getFullChannel and apifull_channel.slowmode_seconds. It reset the setting to 0 and verified both read paths, then deleted the temporary channel and confirmed the channel row was absent. GramJS lacked this constructor, so the probe encoded the verified Layer 229 TL request #edd49ef0 directly."
channels.getInactiveChannels,11e831ee,channels,,PARTIAL_SESSION_VERIFIED,"app/bff/apifull/internal/core/channels.go validates the caller, queries domain.ListInactiveChannels against canonical apifull_channel/apifull_channel_message activity with a 30-day cutoff, and returns typed messages.inactiveChats with ordered dates/chats/users. Focused core and domain tests cover typed Layer 229 encoding and message-activity cutoff.",PARTIAL_ISOLATED_SESSION_E2E,"2026-10-07 r19 read-only DC2 WebSocket -> gateway -> session -> BFF -> MySQL probe for user 136907714 returned messages.InactiveChats with 0 dates/chats/users; production MySQL showed 6 owned channels and 0 meeting the same 30-day cutoff. Exact empty-result path matched; no writes. Non-empty inactive channel encoding and cleanup/discovery behavior remain unverified."
channels.convertToGigagroup,b290c69,channels,,KNOWN_INCOMPLETE_STATIC,No recoverable prior ledger evidence; requires method-level implementation audit.,BLOCKED_BY_IMPLEMENTATION_GAP,No production acceptance evidence.
channels.getSendAs,e785a43f,channels,,PARTIAL_SESSION_VERIFIED,"Handler now validates authentication, exact channel access hash and membership, then reads the authoritative APIFull channel/member roster and filters send-as identities to the owner or admins with posting/anonymous rights. Invalid KV preferences and malformed User responses fail closed. Focused SendAs tests and compile checks pass.",PARTIAL_ISOLATED_SESSION_E2E,"Real production DC1 WebSocket/session/BFF probe returned channels.SendAsPeers for an existing channel with typed channel/user entities and no timeout, 500, or panic. Layer 229 client negotiated the legacy peer vector; Layer 229 SendAsPeer constructor and restart/multi-session acceptance remain unverified."
channels.deleteParticipantHistory,367544db,channels,/mtproto.RPCChannels/channels_deleteParticipantHistory,PARTIAL_ISOLATED_DB_VERIFIED,"ChannelsDeleteParticipantHistory validates channel membership/access hash, requires delete_messages administrator rights, deletes the participant-scoped APIFull channel history transactionally, and returns MessagesAffectedHistory with pts accounting. TestChannelsDeleteParticipantHistoryDeletesStoredMessages verifies denied member access, admin deletion, Layer 229 encoding, empty readback and continued message sequencing; native-channel history remains unverified.",PARTIAL_ISOLATED_DB_ONLY,"TestChannelsDeleteParticipantHistoryDeletesStoredMessages passed against isolated teamgram_audit, including permission boundary, durable delete and pts/encoding checks. No production channel history was modified."
channels.toggleJoinToSend,e4cb9580,channels,/mtproto.RPCChatInvites/channels_toggleJoinToSend,PARTIAL_SESSION_VERIFIED,"The ChatInvites path validates channel invite-admin permission, persists join_to_send in the APIFull-backed KV store, returns typed Updates and rejects non-admin requests. The isolated four-fixture channel-invite probe toggled on/off and checked CHAT_ADMIN_REQUIRED, then cleaned the temporary channel; native channel settings and restart persistence remain unverified.",PARTIAL_ISOLATED_SESSION_E2E,"docker/web-isolated/probe-channel-invites.ts passed through isolated WebSocket/session/BFF: toggleJoinToSend on/off returned Updates, non-admin returned CHAT_ADMIN_REQUIRED, and cleanup deleted the temporary channel/invites. No production traffic or writes."
channels.toggleJoinRequest,ecc2618,channels,/mtproto.RPCChatInvites/channels_toggleJoinRequest,PARTIAL_SESSION_VERIFIED,"The ChatInvites path applies the toggle to persisted APIFull exported invites for channel admins, returns typed Updates, and rejects non-admin and wrong-access-hash requests. The isolated four-fixture channel-invite probe toggled on/off, checked CHAT_ADMIN_REQUIRED and CHANNEL_INVALID boundaries, and cleaned the temporary channel/invites; native channel invite storage and restart persistence remain unverified.",PARTIAL_ISOLATED_SESSION_E2E,"docker/web-isolated/probe-channel-invites.ts passed through isolated WebSocket/session/BFF with four fixtures: toggleJoinRequest on/off returned Updates, non-admin returned CHAT_ADMIN_REQUIRED, wrong hash returned CHANNEL_INVALID, and cleanup deleted all invites/channel. No production traffic or writes."
channels.reorderUsernames,b45ced1d,channels,,KNOWN_INCOMPLETE_STATIC,No recoverable prior ledger evidence; requires method-level implementation audit.,BLOCKED_BY_IMPLEMENTATION_GAP,No production acceptance evidence.
channels.toggleUsername,50f24105,channels,,KNOWN_INCOMPLETE_STATIC,No recoverable prior ledger evidence; requires method-level implementation audit.,BLOCKED_BY_IMPLEMENTATION_GAP,No production acceptance evidence.
channels.deactivateAllUsernames,a245dd3,channels,,KNOWN_INCOMPLETE_STATIC,No recoverable prior ledger evidence; requires method-level implementation audit.,BLOCKED_BY_IMPLEMENTATION_GAP,No production acceptance evidence.
channels.toggleForum,3ff75734,channels,/mtproto.RPCForums/channels_toggleForum,PARTIAL_SESSION_VERIFIED,"ChannelsToggleForum validates channel membership/access hash and topic-management permission, then persists forum settings in the APIFull MySQL-backed store.",PARTIAL_ISOLATED_SESSION_E2E,"2026-10-06 production backend-backend-1 forum probe enabled forum mode on a temporary megagroup over DC2 WebSocket -> session -> BFF -> APIFull/MySQL, then created/read/edited/pinned/reordered topics and deleted the channel. Cross-session admin variants and restart persistence remain open."
channels.toggleAntiSpam,68f3e4eb,channels,,KNOWN_INCOMPLETE_STATIC,No recoverable prior ledger evidence; requires method-level implementation audit.,BLOCKED_BY_IMPLEMENTATION_GAP,No production acceptance evidence.
channels.reportAntiSpamFalsePositive,a850a693,channels,/mtproto.RPCAntiSpam/channels_reportAntiSpamFalsePositive,KNOWN_INCOMPLETE_STATIC,Saves request JSON only; no moderation state changes.,BLOCKED_BY_IMPLEMENTATION_GAP,No full business-flow acceptance.
channels.toggleParticipantsHidden,6a6e7854,channels,/mtproto.RPCChannels/channels_toggleParticipantsHidden,PARTIAL_SESSION_VERIFIED,"ChannelsToggleParticipantsHidden validates the caller, InputChannel access hash, membership and creator permission, persists participants_hidden through UpdateChannelSettings, and the member listing path hides roster/counts for readers. TestChannelSettingsRoundTrip verifies write/readback, full-channel encoding, hidden roster behavior and non-owner rejection; native-channel enforcement remains unverified.",PARTIAL_ISOLATED_SESSION_E2E,"2026-10-07 r20 production DC2 WebSocket -> gateway -> session -> APIFull -> MySQL probe enabled and reset participant hiding on a temporary owner-created channel. Each call returned Updates; channels.getFullChannel and apifull_channel.participants_hidden read back true, then false. The temporary channel was deleted and confirmed absent. Hidden-roster behavior for a non-owner and native channel provider remain unverified in production."
channels.updateColor,d8aa3671,channels,/mtproto.RPCAccentColors/channels_updateColor,KNOWN_INCOMPLETE_STATIC,"app/bff/apifull/internal/core/accent_colors.go and internal/domain/domain.go now persist channel peer/profile color on apifull_channel and hydrate the response; account accent state is no longer overwritten. Access hash is checked; the isolated channel model only represents creator ownership, so broader admin rights and full production-path acceptance remain open.",PARTIAL_ISOLATED_DB_ONLY,TestChannelsUpdateColorRoundTrip passed on teamgram_audit: channel color/profile color persist and return in Layer 229 Chat encoding; account color remains unchanged; outsider and invalid access are rejected. The isolated APIFull path has creator-only authorization; broader admin permissions and the full BFF/session flow were not verified.
channels.toggleViewForumAsMessages,9738bb15,channels,/mtproto.RPCForums/channels_toggleViewForumAsMessages,PARTIAL_ISOLATED_DB_VERIFIED,"ChannelsToggleViewForumAsMessages validates channel forum access, persists view_as_messages in the MySQL-backed APIFull forum settings, and returns updateChannelViewForumAsMessages. TestForumTopicsCreateGetDelete and TestForumChannelAuthorization verify typed update, settings readback, admin permission and wrong-hash/outsider rejection; native forum storage remains unverified.",PARTIAL_ISOLATED_DB_ONLY,Forum focused tests passed against isolated teamgram_audit with MySQL-backed apifull_kv and Layer 229 update encoding. No production forum mutation was issued.
channels.getChannelRecommendations,25a71742,channels,/mtproto.RPCChannelRecommendations/channels_getChannelRecommendations,PARTIAL_SESSION_VERIFIED,"The session route and BFF/APIFull handler are wired. The handler reads creator-owned canonical channels and optionally excludes the requested InputChannel; this is a durable owned-channel list, not a similarity or external recommendation provider.",PARTIAL_ISOLATED_SESSION_E2E,"Production user 136907714 over DC2 WebSocket -> gateway -> session -> BFF -> APIFull returned messages.Chats with all 6 channels from apifull_channel when channel was omitted and 5 when a valid InputChannel was supplied. Response encoding and optional exclusion succeeded; recommendation ranking/provider semantics remain unimplemented and probe shutdown emitted only client disconnect noise after both responses."
channels.updateEmojiStatus,f0d3e6a8,channels,/mtproto.RPCEmojiStatus/channels_updateEmojiStatus,KNOWN_INCOMPLETE_STATIC,APIFull now returns METHOD_NOT_IMPL instead of persisting request JSON and returning empty Updates; no channel emoji-status store or update path exists.,BLOCKED_BY_IMPLEMENTATION_GAP,No channel emoji-status service or update delivery exists; handler now fails closed.
channels.setBoostsToUnblockRestrictions,ad399cee,channels,/mtproto.RPCBoosts/channels_setBoostsToUnblockRestrictions,KNOWN_INCOMPLETE_STATIC,app/bff/apifull/internal/core/boosts.go: boost state is one per-user local record and returned IDs/counts are synthesized; no boost inventory/balance is consumed and no channel/story state is updated. channels.setBoostsToUnblockRestrictions only saves the request.,BLOCKED_BY_IMPLEMENTATION_GAP,No full business-flow acceptance.
channels.setEmojiStickers,3cd930b7,channels,/mtproto.RPCChats/channels_setEmojiStickers,ROUTED_NOT_FUNCTIONALLY_ACCEPTED,/mtproto.RPCChats/channels_setEmojiStickers,NOT_ACCEPTED,Route evidence only; no full business-flow acceptance.
channels.restrictSponsoredMessages,9ae91519,channels,/mtproto.RPCSponsoredMessages/channels_restrictSponsoredMessages,KNOWN_INCOMPLETE_STATIC,app/bff/sponsoredmessages/internal/core/channels.restrictSponsoredMessages_handler.go: stores a local restriction flag but no ad retrieval/delivery path reads it.,BLOCKED_BY_IMPLEMENTATION_GAP,No full business-flow acceptance.
channels.searchPosts,f2c4f24d,channels,/mtproto.RPCMessages/channels_searchPosts,KNOWN_INCOMPLETE_STATIC,"The handler validates channel access and delegates text/hashtag search to the canonical per-channel APIFull message table; offset_id filters message IDs and offset_rate is currently applied as a local row offset. Bot requests and paid-Stars search fail closed. This does not provide a global/native post index or full Layer 229 ranking semantics.",BLOCKED_BY_IMPLEMENTATION_GAP,No global post index or paid-search provider is configured; offset_rate is only a per-channel SQL row offset and no production session acceptance is recorded.
channels.updatePaidMessagesPrice,4b12327b,channels,/mtproto.RPCPaidMessage/channels_updatePaidMessagesPrice,KNOWN_INCOMPLETE_STATIC,Stores a price only; message sending and billing do not enforce it.,BLOCKED_BY_IMPLEMENTATION_GAP,No full business-flow acceptance.
channels.toggleAutotranslation,167fc0a1,channels,/mtproto.RPCTranslation/channels_toggleAutotranslation,ROUTED_NOT_FUNCTIONALLY_ACCEPTED,/mtproto.RPCTranslation/channels_toggleAutotranslation,NOT_ACCEPTED,Route evidence only; no full business-flow acceptance.
channels.getMessageAuthor,ece2a0e6,channels,/mtproto.RPCSavedMessageDialogs/channels_getMessageAuthor,PARTIAL_SESSION_VERIFIED,"The handler resolves the protocol-native channel message ID through the APIFull channel provider and hydrates the user author through UserGetMutableUsers. It validates the canonical channel access hash and membership, reads channel_messages.message_data.from_id for native channels, and uses canonical APIFull tables for APIFull-owned channels. Missing or anonymous authors return UserEmpty; a legacy channel with an invalid hash fails closed. Focused handler tests and go build ./... pass. The new isolated database authorization regression remains unrun because APIFULL_MYSQL_DSN is unset and the isolated host port is unreachable.",PARTIAL_ISOLATED_SESSION_E2E,"2026-10-07 backend-backend-1 r19 read-only production probe over DC2 WebSocket -> gateway -> session -> BFF -> APIFull/User -> production MySQL: channel 1 native message ID 1 returned User(id=136907714); user message-box ID 5 returned UserEmpty; invalid access hash returned CHANNEL_INVALID. Before/after MySQL row hashes matched and writes=0. A separate r19 two-user real-chain probe passed private message/search/read/edit, reactions, poll vote/read, forum group, scheduled-message, and native-channel flows. No production outsider-membership denial or anonymous-post fixture was exercised, so coverage remains partial."
channels.checkSearchPostsFlood,22567115,channels,/mtproto.RPCMessages/channels_checkSearchPostsFlood,PARTIAL_SESSION_VERIFIED,Redis-backed per-user UTC-day quota uses atomic INCR+EXPIRE with configured TotalDaily; missing Redis/config fails closed. Stars pricing remains configuration-only.,PARTIAL_ISOLATED_SESSION_E2E,2026-10-06 backend-backend-1 r24 production probe over DC2 WebSocket -> gateway -> session -> BFF -> Redis returned SearchPostsFlood for 11 sequential checks: remains 9..0 for the first 10 and query_is_free=false with next-UTC-day wait on the 11th. Probe counter key was deleted and verified absent; no business search or paid Stars provider is configured.
channels.setMainProfileTab,3583fcb1,channels,/mtproto.RPCUserChannelProfiles/channels_setMainProfileTab,PARTIAL_SESSION_VERIFIED,"The handler requires a non-empty channel and the caller's channel-admin marker, serializes the selected ProfileTab, and persists it in the shared APIFull store under profile-tab:<channel_id>; storage errors are propagated.",PARTIAL_ISOLATED_SESSION_E2E,"2026-10-07 backend-backend-1 production reversible roundtrip used user 136907714's registered auth key and owned channel 1 (access hash verified from production MySQL) over DC2 WebSocket -> gateway -> session -> UserChannelProfiles BFF -> APIFull MySQL. channels.setMainProfileTab returned BooleanTrue and profile-tab:1 contained profileTabPosts; the original absent KV row was restored and matched exactly. Cross-session updates, restart persistence, and additional profile-tab consumers remain unverified."
bots.sendCustomRequest,aa2769ed,bots,/mtproto.RPCInternalBot/bots_sendCustomRequest,KNOWN_INCOMPLETE_STATIC,app/bff/apifull/internal/core/internal_bot.go: echoes and stores the submitted JSON; it does not invoke a bot API method.,BLOCKED_BY_IMPLEMENTATION_GAP,No full business-flow acceptance.
bots.answerWebhookJSONQuery,e6213f4d,bots,/mtproto.RPCInternalBot/bots_answerWebhookJSONQuery,KNOWN_INCOMPLETE_STATIC,app/bff/apifull/internal/core/internal_bot.go: stores the request JSON and returns success; no webhook response or update-status state is delivered/read.,BLOCKED_BY_IMPLEMENTATION_GAP,No full business-flow acceptance.
bots.setBotCommands,517165a,bots,/mtproto.RPCBots/bots_setBotCommands,PARTIAL_COMPONENT_VERIFIED,"APIFull accepts only the default command scope with an empty language code and delegates to the User service. The User service permits the bot to update only its own registry record or its recorded creator to update that bot; command replacement is transactional in the canonical bot_commands table. Existing APIFull Redis command writes have been removed. The User/APIFull packages build; the provider-backed fixture was updated but not run.",PARTIAL_COMPONENT_ONLY,"The provider path is wired to the canonical User service and bot_commands table, but no DB-backed command readback, live bot session, localized commands, scoped overrides, or production acceptance has been performed."
bots.resetBotCommands,3d8de0f9,bots,/mtproto.RPCBots/bots_resetBotCommands,PARTIAL_COMPONENT_VERIFIED,"APIFull accepts only the default command scope with an empty language code and delegates an empty command set to the User service's transactional canonical replacement operation. The provider deletes the bot's existing global command rows; other scopes and localized commands fail closed. The User/APIFull packages build; the provider-backed fixture was updated but not run.",PARTIAL_COMPONENT_ONLY,"No DB-backed reset/readback, live bot session, localized commands, scoped overrides, or production acceptance has been performed."
bots.getBotCommands,e34c0dd6,bots,/mtproto.RPCBots/bots_getBotCommands,PARTIAL_COMPONENT_VERIFIED,"APIFull accepts only the default command scope with an empty language code and reads commands through the authoritative UserGetBotInfo provider. The User service now propagates bot_commands read errors rather than returning a partial registry response. The User/APIFull packages build; the provider-backed fixture was updated but not run.",PARTIAL_COMPONENT_ONLY,"No DB-backed readback, live bot session, localized commands, scoped overrides, or production acceptance has been performed."
bots.setBotMenuButton,4504d54f,bots,/mtproto.RPCBotMenuButton/bots_setBotMenuButton,ROUTED_NOT_FUNCTIONALLY_ACCEPTED,/mtproto.RPCBotMenuButton/bots_setBotMenuButton,NOT_ACCEPTED,Route evidence only; no full business-flow acceptance.
bots.getBotMenuButton,9c60eb28,bots,/mtproto.RPCBotMenuButton/bots_getBotMenuButton,ROUTED_NOT_FUNCTIONALLY_ACCEPTED,/mtproto.RPCBotMenuButton/bots_getBotMenuButton,NOT_ACCEPTED,Route evidence only; no full business-flow acceptance.
bots.setBotBroadcastDefaultAdminRights,788464e1,bots,/mtproto.RPCBotAdminRight/bots_setBotBroadcastDefaultAdminRights,KNOWN_INCOMPLETE_STATIC,app/bff/apifull/internal/core/bot_admin_right.go authenticates then returns METHOD_NOT_IMPL because no bot default-rights provider is connected to channel or chat operations; it does not persist the request.,BLOCKED_BY_IMPLEMENTATION_GAP,Representative bot/WebView fail-closed tests verify nil METHOD_NOT_IMPL and zero persistence reads/writes; no default-rights provider or business-flow acceptance exists.
bots.setBotGroupDefaultAdminRights,925ec9ea,bots,/mtproto.RPCBotAdminRight/bots_setBotGroupDefaultAdminRights,KNOWN_INCOMPLETE_STATIC,app/bff/apifull/internal/core/bot_admin_right.go authenticates then returns METHOD_NOT_IMPL because no bot default-rights provider is connected to channel or chat operations; it does not persist the request.,BLOCKED_BY_IMPLEMENTATION_GAP,Representative bot/WebView fail-closed tests verify nil METHOD_NOT_IMPL and zero persistence reads/writes; no default-rights provider or business-flow acceptance exists.
bots.setBotInfo,10cf3123,bots,/mtproto.RPCBots/bots_setBotInfo,KNOWN_INCOMPLETE_STATIC,app/bff/apifull/internal/core/bots.go authenticates then returns METHOD_NOT_IMPL because no authoritative bot-profile provider exists; it does not persist the request or claim a successful update.,BLOCKED_BY_IMPLEMENTATION_GAP,Focused bot tests cover fail-closed behavior; no bot-profile provider or business-flow acceptance exists.
bots.getBotInfo,dcd914fd,bots,/mtproto.RPCBots/bots_getBotInfoDCD914FD,PARTIAL_COMPONENT_VERIFIED,"APIFull validates InputUserSelf or a regular InputUser access hash, then reads the bot profile and description from the authoritative User service bot/profile provider; malformed, missing bot records, and dependency failures are rejected. Language-specific bot info is not available from the current User RPC.",BLOCKED_BY_IMPLEMENTATION_GAP,"The canonical User service contract is wired, but no live bot-profile session or production registry readback was accepted; localized profiles and other bot registry operations remain incomplete."
bots.reorderUsernames,9709b1c2,bots,/mtproto.RPCFragment/bots_reorderUsernames,KNOWN_INCOMPLETE_STATIC,app/bff/apifull/internal/core/fragment.go: no trusted Fragment username ordering provider; valid requests fail closed.,BLOCKED_BY_IMPLEMENTATION_GAP,No Fragment provider.
bots.toggleUsername,53ca973,bots,/mtproto.RPCFragment/bots_toggleUsername,KNOWN_INCOMPLETE_STATIC,app/bff/apifull/internal/core/fragment.go: no trusted Fragment username activation provider; valid requests fail closed.,BLOCKED_BY_IMPLEMENTATION_GAP,No Fragment provider.
bots.canSendMessage,1359f4e6,bots,/mtproto.RPCMiniBotApps/bots_canSendMessage,KNOWN_INCOMPLETE_STATIC,app/bff/apifull/internal/core/mini_bot_apps.go authenticates then returns METHOD_NOT_IMPL because no bot permission or message-delivery provider exists; it does not synthesize a Bool result or persist the request.,BLOCKED_BY_IMPLEMENTATION_GAP,Representative bot/WebView fail-closed tests verify nil METHOD_NOT_IMPL and zero persistence reads/writes; no bot permission provider or business-flow acceptance exists.
bots.allowSendMessage,f132e3ef,bots,/mtproto.RPCMiniBotApps/bots_allowSendMessage,KNOWN_INCOMPLETE_STATIC,app/bff/apifull/internal/core/mini_bot_apps.go authenticates then returns METHOD_NOT_IMPL because no bot permission or message-delivery provider exists; it does not persist the request or synthesize Updates.,BLOCKED_BY_IMPLEMENTATION_GAP,Representative bot/WebView fail-closed tests verify nil METHOD_NOT_IMPL and zero persistence reads/writes; no bot permission provider or business-flow acceptance exists.
bots.invokeWebViewCustomMethod,87fc5e7,bots,/mtproto.RPCMiniBotApps/bots_invokeWebViewCustomMethod,KNOWN_INCOMPLETE_STATIC,app/bff/apifull/internal/core/mini_bot_apps.go authenticates then returns METHOD_NOT_IMPL because no Bot WebView custom-method provider exists; it does not persist the request or return an empty DataJSON success.,BLOCKED_BY_IMPLEMENTATION_GAP,Representative bot/WebView fail-closed tests verify nil METHOD_NOT_IMPL and zero persistence reads/writes; no custom-method provider or business-flow acceptance exists.
bots.getPopularAppBots,c2510192,bots,/mtproto.RPCMainMiniBotApps/bots_getPopularAppBots,KNOWN_INCOMPLETE_STATIC,app/bff/apifull/internal/core/main_mini_bot_apps.go authenticates then returns METHOD_NOT_IMPL because no popular-app-bot catalogue or recommendation provider exists; it does not return an empty list or touch persistence.,BLOCKED_BY_IMPLEMENTATION_GAP,Representative bot/WebView fail-closed tests verify nil METHOD_NOT_IMPL and zero persistence reads/writes; no recommendation provider or business-flow acceptance exists.
bots.addPreviewMedia,17aeb75a,bots,/mtproto.RPCMainMiniBotApps/bots_addPreviewMedia,ROUTED_NOT_FUNCTIONALLY_ACCEPTED,/mtproto.RPCMainMiniBotApps/bots_addPreviewMedia,NOT_ACCEPTED,Route evidence only; no full business-flow acceptance.
bots.editPreviewMedia,8525606f,bots,/mtproto.RPCMainMiniBotApps/bots_editPreviewMedia,ROUTED_NOT_FUNCTIONALLY_ACCEPTED,/mtproto.RPCMainMiniBotApps/bots_editPreviewMedia,NOT_ACCEPTED,Route evidence only; no full business-flow acceptance.
bots.deletePreviewMedia,2d0135b3,bots,/mtproto.RPCMainMiniBotApps/bots_deletePreviewMedia,ROUTED_NOT_FUNCTIONALLY_ACCEPTED,/mtproto.RPCMainMiniBotApps/bots_deletePreviewMedia,NOT_ACCEPTED,Route evidence only; no full business-flow acceptance.
bots.reorderPreviewMedias,b627f3aa,bots,/mtproto.RPCMainMiniBotApps/bots_reorderPreviewMedias,ROUTED_NOT_FUNCTIONALLY_ACCEPTED,/mtproto.RPCMainMiniBotApps/bots_reorderPreviewMedias,NOT_ACCEPTED,Route evidence only; no full business-flow acceptance.
bots.getPreviewInfo,423ab3ad,bots,/mtproto.RPCMainMiniBotApps/bots_getPreviewInfo,ROUTED_NOT_FUNCTIONALLY_ACCEPTED,/mtproto.RPCMainMiniBotApps/bots_getPreviewInfo,NOT_ACCEPTED,Route evidence only; no full business-flow acceptance.
bots.getPreviewMedias,a2a5594d,bots,/mtproto.RPCMainMiniBotApps/bots_getPreviewMedias,ROUTED_NOT_FUNCTIONALLY_ACCEPTED,/mtproto.RPCMainMiniBotApps/bots_getPreviewMedias,NOT_ACCEPTED,Route evidence only; no full business-flow acceptance.
bots.updateUserEmojiStatus,ed9f30c5,bots,/mtproto.RPCEmojiStatus/bots_updateUserEmojiStatus,KNOWN_INCOMPLETE_STATIC,APIFull now returns METHOD_NOT_IMPL instead of storing request JSON and returning true; no bot business-connection permission or target-status service exists.,BLOCKED_BY_IMPLEMENTATION_GAP,No bot business-status provider exists; handler now fails closed.
bots.toggleUserEmojiStatusPermission,6de6392,bots,/mtproto.RPCEmojiStatus/bots_toggleUserEmojiStatusPermission,KNOWN_INCOMPLETE_STATIC,APIFull now returns METHOD_NOT_IMPL instead of storing request JSON and returning true; no bot permission state is consumed by other handlers.,BLOCKED_BY_IMPLEMENTATION_GAP,No authoritative bot permission store/service exists; handler now fails closed.
bots.checkDownloadFileParams,50077589,bots,/mtproto.RPCMiniBotApps/bots_checkDownloadFileParams,KNOWN_INCOMPLETE_STATIC,app/bff/apifull/internal/core/mini_bot_apps.go authenticates then returns METHOD_NOT_IMPL because no Bot file authorization or download provider exists; it does not return a synthetic false result or touch persistence.,BLOCKED_BY_IMPLEMENTATION_GAP,Representative bot/WebView fail-closed tests verify nil METHOD_NOT_IMPL and zero persistence reads/writes; no download provider or business-flow acceptance exists.
bots.getAdminedBots,b0711d83,bots,/mtproto.RPCBots/bots_getAdminedBots,PARTIAL_COMPONENT_VERIFIED,"APIFull authenticates the caller and queries the canonical User service bot registry by bots.creator_user_id, then hydrates the registered bots as User entities in stable bot ID order. A child bot's manager_bot_id does not grant its parent bot or the parent's human creator ownership of the child. The User/APIFull packages build; no DB-backed readback or live bot session was run.",PARTIAL_COMPONENT_ONLY,No production database readback or live bot session acceptance; registry ownership reflects creator_user_id and does not model delegated human administrators.
bots.updateStarRefProgram,778b5ab3,bots,/mtproto.RPCAffiliatePrograms/bots_updateStarRefProgram,KNOWN_INCOMPLETE_STATIC,app/bff/apifull/internal/core/affiliate_programs.go authenticates then returns METHOD_NOT_IMPL because no affiliate program or referral-bot provider exists.,BLOCKED_BY_IMPLEMENTATION_GAP,Static source review plus APIFull core test-binary compilation. No provider or business-flow acceptance.
bots.setCustomVerification,8b89dfbd,bots,/mtproto.RPCBotVerificationIcons/bots_setCustomVerification,KNOWN_INCOMPLETE_STATIC,app/bff/apifull/internal/core/bot_verification_icons.go authenticates then returns METHOD_NOT_IMPL because no bot verification record or serving provider exists; it does not persist the request or description.,BLOCKED_BY_IMPLEMENTATION_GAP,Representative bot/WebView fail-closed tests verify nil METHOD_NOT_IMPL and zero persistence reads/writes; no verification provider or business-flow acceptance exists.
bots.getBotRecommendations,a1b70815,bots,/mtproto.RPCBotVerificationIcons/bots_getBotRecommendations,KNOWN_INCOMPLETE_STATIC,app/bff/apifull/internal/core/bot_verification_icons.go authenticates then returns METHOD_NOT_IMPL because no bot recommendation provider exists; it does not synthesize an empty Users result or touch persistence.,BLOCKED_BY_IMPLEMENTATION_GAP,Representative bot/WebView fail-closed tests verify nil METHOD_NOT_IMPL and zero persistence reads/writes; no recommendation provider or business-flow acceptance exists.
bots.checkUsername,87f2219b,bots,/mtproto.RPCBots/bots_checkUsername,PARTIAL_SESSION_VERIFIED,"APIFull validates syntax and the required `bot` suffix, then queries the global User username registry and propagates storage errors. `bots.createBot` performs the authoritative username reservation in the same transaction that creates the bot user and registry record; the check remains advisory.",PARTIAL_ISOLATED_SESSION_E2E,"2026-10-07 r19 production raw Layer 229 probe over DC2 WebSocket -> gateway -> session -> APIFull -> User service/MySQL checked a legal unoccupied bot username and received BoolTrue; the username row count was 0 before and after. Occupied-name behavior and create/check race/rollback are not covered by this read-only probe."
bots.createBot,e5b17f2b,bots,/mtproto.RPCBots/bots_createBot,KNOWN_INCOMPLETE_STATIC,"The standard create path and `via_deeplink` parent-bot path delegate to the canonical User registry. One MySQL transaction validates the authenticated human creator, locks and validates the parent bot's access hash and `bot_can_manage_bots` capability, inserts the bot user, reserves the global username, and inserts the child registry row with a cryptographically generated token. New bots default to `bot_can_manage_bots=false`; only operators may grant the capability through a controlled database operation, and no client-facing grant API exists. Both Bot schema migrations now guard existing columns/indexes so they can run on the baseline schema or an upgraded database. Migration and database/session acceptance remain outstanding.",BLOCKED_BY_IMPLEMENTATION_GAP,The guarded schema migrations have not been applied; isolated-session/production create-readback acceptance remains outstanding.
bots.exportBotToken,bd0d99eb,bots,/mtproto.RPCBots/bots_exportBotToken,KNOWN_INCOMPLETE_STATIC,"User service validates the bot account, access hash and recorded creator before returning or rotating its token under a row lock. Bot profile data and debug logs no longer expose bot API tokens. The User and APIFull package trees compile; no database-backed owner/rotation acceptance has been run.",NOT_ACCEPTED,"No isolated session or production acceptance for owner isolation, token rotation, or token invalidation."
bots.requestWebViewButton,31a2a35e,bots,/mtproto.RPCMiniBotApps/bots_requestWebViewButton,KNOWN_INCOMPLETE_STATIC,app/bff/apifull/internal/core/mini_bot_apps.go authenticates then returns METHOD_NOT_IMPL because no bot button request/approval or WebView provider exists; it does not remember the URL or synthesize a RequestedButton.,BLOCKED_BY_IMPLEMENTATION_GAP,Representative bot/WebView fail-closed tests verify nil METHOD_NOT_IMPL and zero persistence reads/writes; no button provider or business-flow acceptance exists.
bots.getRequestedWebViewButton,bf25b7f3,bots,/mtproto.RPCMiniBotApps/bots_getRequestedWebViewButton,KNOWN_INCOMPLETE_STATIC,app/bff/apifull/internal/core/mini_bot_apps.go authenticates then returns METHOD_NOT_IMPL because no requested-button store or bot provider exists; it does not build a generic button from caller-local state.,BLOCKED_BY_IMPLEMENTATION_GAP,Representative bot/WebView fail-closed tests verify nil METHOD_NOT_IMPL and zero persistence reads/writes; no requested-button provider or business-flow acceptance exists.
bots.getAccessSettings,213853a3,bots,/mtproto.RPCBots/bots_getAccessSettings,KNOWN_INCOMPLETE_STATIC,app/bff/apifull/internal/core/bots.go authenticates then returns METHOD_NOT_IMPL because no bot access-policy provider exists; it does not return synthetic empty settings or read local state.,BLOCKED_BY_IMPLEMENTATION_GAP,Focused bot tests cover fail-closed behavior; no access-policy provider or bot business-flow acceptance exists.
bots.editAccessSettings,31813cd8,bots,/mtproto.RPCBots/bots_editAccessSettings,KNOWN_INCOMPLETE_STATIC,app/bff/apifull/internal/core/bots.go authenticates then returns METHOD_NOT_IMPL because no bot access-policy provider exists; it does not persist the request.,BLOCKED_BY_IMPLEMENTATION_GAP,Focused bot tests cover fail-closed behavior; no access-policy provider or bot business-flow acceptance exists.
bots.setJoinChatResults,e71a4810,bots,/mtproto.RPCBots/bots_setJoinChatResults,KNOWN_INCOMPLETE_STATIC,app/bff/apifull/internal/core/bots.go authenticates then returns METHOD_NOT_IMPL because no bot join-chat-result provider exists; it does not persist the request.,BLOCKED_BY_IMPLEMENTATION_GAP,Focused bot tests cover fail-closed behavior; no join-chat provider or bot business-flow acceptance exists.
payments.getPaymentForm,37148dbb,payments,/mtproto.RPCPayments/payments_getPaymentForm,PARTIAL_COMPONENT_VERIFIED,"APIFull accepts only inputInvoiceSlug with inputStorePaymentPremiumSubscription and rejects restore, upgrade, gift and other products. The signed provider form must bind buyer and beneficiary to the caller, identify premium_subscription, include 1-36 Premium months, and contain a structurally valid paymentForm.",BLOCKED_BY_IMPLEMENTATION_GAP,"APIFull and User packages compile. No external provider is configured, no tests or live session settlement were run, and provider month/price matching is not production-accepted."
payments.getPaymentReceipt,2478d1cc,payments,/mtproto.RPCPayments/payments_getPaymentReceipt,PARTIAL_ISOLATED_DB_VERIFIED,"Reads provider-settled receipts from the durable apifull_payment_receipt ledger after validating the authenticated owner, peer and message ID; unsupported or missing receipts fail closed.",PARTIAL_ISOLATED_DB_ONLY,"TestPaymentReceiptReadbackUsesSettledLedger passed against 127.0.0.1:13306/teamgram_audit: a provider-verified receipt was persisted by the payment state machine and read back with typed transaction, currency, amount and title. External provider settlement and live session acceptance remain unverified."
payments.validateRequestedInfo,b6c8f12b,payments,/mtproto.RPCPayments/payments_validateRequestedInfo,PARTIAL_COMPONENT_VERIFIED,"Only the authenticated caller's Premium self-subscription invoice reaches the configured provider; APIFull requires a verified HMAC response and saves requested info only after provider success.",BLOCKED_BY_IMPLEMENTATION_GAP,"APIFull and User packages compile. No external provider is configured, and no tests or full session flow were run."
payments.sendPaymentForm,2d03522f,payments,/mtproto.RPCPayments/payments_sendPaymentForm,PARTIAL_COMPONENT_VERIFIED,"APIFull rejects non-Premium invoices before opening a payment request, serializes by user/request key, and sends the provider an explicit Premium self-beneficiary constraint. It accepts only an HMAC-signed response bound to buyer, beneficiary, form, request key, invoice fingerprint, product, month count, transaction, currency and amount. It persists the signed response, then asks User to grant Premium under a provider/transaction idempotency key; settled retries repeat the grant safely. BFF supports TEAMGRAM_PAYMENT_PROVIDER_* deployment overrides, while an unconfigured provider still fails closed.",BLOCKED_BY_IMPLEMENTATION_GAP,"APIFull and User packages compile. No external provider is configured, no tests or live settlement were run, the premium-grant migration is unapplied, and production provider behavior/refunds/reconciliation are unverified."
payments.getSavedInfo,227d824b,payments,/mtproto.RPCPayments/payments_getSavedInfo,PARTIAL_COMPONENT_VERIFIED,APIFull core reads the authenticated user's persisted payment info and saved-credential marker from the configured persist store and encodes Payments.SavedInfo; malformed or empty records are treated as absent.,PARTIAL_COMPONENT_ONLY,"TestPaymentInfoMethodsUsePersistence passes with a persistence spy. No payment provider, database-backed payment profile, or full session/business-flow acceptance is configured."
payments.clearSavedInfo,d83d70c1,payments,/mtproto.RPCPayments/payments_clearSavedInfo,PARTIAL_COMPONENT_VERIFIED,"APIFull core authenticates, validates the request, and clears the caller's persisted payment info and credential marker independently before returning BoolTrue.",PARTIAL_COMPONENT_ONLY,"TestPaymentInfoMethodsUsePersistence verifies both keys are cleared. No payment provider, database-backed payment profile, or full session/business-flow acceptance is configured."
payments.getBankCardData,2e79d779,payments,/mtproto.RPCPayments/payments_getBankCardData,KNOWN_INCOMPLETE_STATIC,The handler authenticates then returns METHOD_NOT_IMPL because no canonical payment or paid-content provider exists; it does not return a synthetic success or mutate local payment state.,BLOCKED_BY_IMPLEMENTATION_GAP,TestPaidProductMethodsFailClosedWithoutPersistence passed in the isolated APIFull test package and verifies nil METHOD_NOT_IMPL without persistence.
payments.exportInvoice,f91b065,payments,/mtproto.RPCPayments/payments_exportInvoice,KNOWN_INCOMPLETE_STATIC,"app/bff/apifull/internal/core/payments.go: validates non-empty invoice input, then always returns PAYMENT_UNSUPPORTED; invoice export is unavailable.",BLOCKED_BY_IMPLEMENTATION_GAP,No full business-flow acceptance.
payments.assignAppStoreTransaction,80ed747d,payments,/mtproto.RPCPremium/payments_assignAppStoreTransaction,KNOWN_INCOMPLETE_STATIC,"The premium handler fails closed because there is no App Store receipt verifier or entitlement grant workflow; APIFull's generic HMAC payment provider does not validate Apple transactions.",BLOCKED_BY_IMPLEMENTATION_GAP,No App Store verification provider or entitlement delivery acceptance.
payments.assignPlayMarketTransaction,dffd50d3,payments,/mtproto.RPCPremium/payments_assignPlayMarketTransaction,KNOWN_INCOMPLETE_STATIC,"The premium handler fails closed because there is no Play receipt verifier or entitlement grant workflow; APIFull's generic HMAC payment provider does not validate Google Play transactions.",BLOCKED_BY_IMPLEMENTATION_GAP,No Play verification provider or entitlement delivery acceptance.
payments.getPremiumGiftCodeOptions,2757ba54,payments,/mtproto.RPCGiveaways/payments_getPremiumGiftCodeOptions,KNOWN_INCOMPLETE_STATIC,app/bff/apifull/internal/core/giveaways.go authenticates then returns METHOD_NOT_IMPL because no giveaway catalog distribution or settlement provider exists.,BLOCKED_BY_IMPLEMENTATION_GAP,Static source review plus APIFull core test-binary compilation. No provider or business-flow acceptance.
payments.checkGiftCode,8e51b4c1,payments,/mtproto.RPCGiftCodes/payments_checkGiftCode,KNOWN_INCOMPLETE_STATIC,app/bff/apifull/internal/core/gift_codes.go: checks only the caller’s stored slug and fabricates a Chat; it does not validate a code or return its entitlement.,BLOCKED_BY_IMPLEMENTATION_GAP,No full business-flow acceptance.
payments.applyGiftCode,f6e26854,payments,/mtproto.RPCGiftCodes/payments_applyGiftCode,KNOWN_INCOMPLETE_STATIC,app/bff/apifull/internal/core/gift_codes.go: stores the submitted slug and returns empty Updates; no code redemption or Premium/Stars entitlement is applied.,BLOCKED_BY_IMPLEMENTATION_GAP,No full business-flow acceptance.
payments.getGiveawayInfo,f4239425,payments,/mtproto.RPCGiveaways/payments_getGiveawayInfo,KNOWN_INCOMPLETE_STATIC,app/bff/apifull/internal/core/giveaways.go authenticates then returns METHOD_NOT_IMPL because no giveaway catalog distribution or settlement provider exists.,BLOCKED_BY_IMPLEMENTATION_GAP,Static source review plus APIFull core test-binary compilation. No provider or business-flow acceptance.
payments.launchPrepaidGiveaway,5ff58f20,payments,/mtproto.RPCGiveaways/payments_launchPrepaidGiveaway,KNOWN_INCOMPLETE_STATIC,app/bff/apifull/internal/core/giveaways.go authenticates then returns METHOD_NOT_IMPL because no giveaway catalog distribution or settlement provider exists.,BLOCKED_BY_IMPLEMENTATION_GAP,Static source review plus APIFull core test-binary compilation. No provider or business-flow acceptance.
payments.getStarsTopupOptions,c00ec7d3,payments,/mtproto.RPCStars/payments_getStarsTopupOptions,PARTIAL_COMPONENT_VERIFIED,Reads active durable catalog rows from apifull_stars_offer and returns typed StarsTopupOption values; empty catalog still fails closed. External Stars checkout/settlement provider is not connected.,PARTIAL_COMPONENT_ONLY,Component or isolated focused evidence only; no production provider/business-flow acceptance.
payments.getStarsStatus,4ea9b3bf,payments,/mtproto.RPCStars/payments_getStarsStatus,PARTIAL_ISOLATED_DB_VERIFIED,"Reads the authenticated user's balance and signed transaction history from the durable apifull_stars/apifull_star_tx ledger; an unprovisioned account still fails closed. External Stars checkout, settlement and entitlement providers remain separate gaps.",PARTIAL_ISOLATED_DB_ONLY,"TestStarsReadMethodsUseDurableLedger passed against 127.0.0.1:13306/teamgram_audit: a seeded ledger balance was returned with the correct typed StarsStatus and no synthetic records. Production DC2 request for user 136907714 returned METHOD_NOT_IMPL because that user has no apifull_stars or apifull_star_tx rows; those tables contain 4 and 51 rows for other users. This is not counted as a production pass."
payments.getStarsTransactions,69da4557,payments,/mtproto.RPCStars/payments_getStarsTransactions,PARTIAL_SESSION_VERIFIED,"Validates peer, direction, pagination and reads the authenticated user's durable apifull_star_tx entries with the current balance; no synthetic transactions are created. External Stars checkout and settlement remain separate gaps.",PARTIAL_ISOLATED_SESSION_E2E,"TestStarsReadMethodsUseDurableLedger passed against 127.0.0.1:13306/teamgram_audit. Production DC2 read-only request for user 136907714 returned payments.StarsStatus with balance=0 and history=0; the user's apifull_stars/apifull_star_tx row counts were both 0 before and after, while other accounts have 4 balance rows and 51 transactions globally. Only the empty-ledger branch was exercised; non-empty production history and settlement remain unverified."
payments.sendStarsForm,7998c914,payments,/mtproto.RPCStars/payments_sendStarsForm,KNOWN_INCOMPLETE_STATIC,app/bff/apifull/internal/core/stars.go now returns METHOD_NOT_IMPL instead of debiting a locally simulated Stars balance from the submitted invoice. There is no canonical Stars payment form/charge provider; actual payment processing remains unimplemented.,BLOCKED_BY_IMPLEMENTATION_GAP,"TestStarsDebitMySQL and TestStarsCreditStatusAmount passed against teamgram_audit. They verify the rejected request changes no balance, Stars transaction, payment ledger, or charge key. This is safe rejection only; no payment provider flow was exercised."
payments.refundStarsCharge,25ae8f4a,payments,/mtproto.RPCStars/payments_refundStarsCharge,KNOWN_INCOMPLETE_STATIC,"app/bff/apifull/internal/core/stars.go now authenticates and returns METHOD_NOT_IMPL without mutating simulated wallet, history, payment ledger, or charge records because no Stars payment provider/refund path exists.",BLOCKED_BY_IMPLEMENTATION_GAP,"TestStarsRefundUnavailableMySQL passed against teamgram_audit and verifies METHOD_NOT_IMPL plus unchanged balance, SQL transaction count, transaction history, payment ledger, and charge record. Real provider refund remains unavailable."
payments.getStarsRevenueStats,d91ffad6,payments,/mtproto.RPCStars/payments_getStarsRevenueStats,KNOWN_INCOMPLETE_STATIC,"app/bff/apifull/internal/core/stars.go now authenticates then returns METHOD_NOT_IMPL because no authoritative Stars offer catalog, revenue data source, withdrawal provider, or ads-account URL provider exists; it no longer returns empty options, zero revenue, or empty URLs as success.",BLOCKED_BY_IMPLEMENTATION_GAP,TestStarsCatalogAndRevenueUnavailable verifies nil result and METHOD_NOT_IMPL for all five methods; TestPaymentsUnauthed covers authorization. No authoritative provider/catalog or business-flow acceptance exists.
payments.getStarsRevenueWithdrawalUrl,2433dc92,payments,/mtproto.RPCStars/payments_getStarsRevenueWithdrawalUrl,KNOWN_INCOMPLETE_STATIC,"app/bff/apifull/internal/core/stars.go now authenticates then returns METHOD_NOT_IMPL because no authoritative Stars offer catalog, revenue data source, withdrawal provider, or ads-account URL provider exists; it no longer returns empty options, zero revenue, or empty URLs as success.",BLOCKED_BY_IMPLEMENTATION_GAP,TestStarsCatalogAndRevenueUnavailable verifies nil result and METHOD_NOT_IMPL for all five methods; TestPaymentsUnauthed covers authorization. No authoritative provider/catalog or business-flow acceptance exists.
payments.getStarsRevenueAdsAccountUrl,d1d7efc5,payments,/mtproto.RPCStars/payments_getStarsRevenueAdsAccountUrl,KNOWN_INCOMPLETE_STATIC,"app/bff/apifull/internal/core/stars.go now authenticates then returns METHOD_NOT_IMPL because no authoritative Stars offer catalog, revenue data source, withdrawal provider, or ads-account URL provider exists; it no longer returns empty options, zero revenue, or empty URLs as success.",BLOCKED_BY_IMPLEMENTATION_GAP,TestStarsCatalogAndRevenueUnavailable verifies nil result and METHOD_NOT_IMPL for all five methods; TestPaymentsUnauthed covers authorization. No authoritative provider/catalog or business-flow acceptance exists.
payments.getStarsTransactionsByID,2dca16b8,payments,/mtproto.RPCStars/payments_getStarsTransactionsByID,PARTIAL_ISOLATED_DB_VERIFIED,"Validates authenticated ownership and reads requested transaction IDs from the durable apifull_star_tx ledger, returning only records owned by the caller. External Stars checkout and settlement remain separate gaps.",PARTIAL_ISOLATED_DB_ONLY,TestStarsReadMethodsUseDurableLedger passed against 127.0.0.1:13306/teamgram_audit: a transaction ID read back with the authenticated balance and typed history. Production settlement/provider and live session acceptance remain unverified.
payments.getStarsGiftOptions,d3c96bc8,payments,/mtproto.RPCStars/payments_getStarsGiftOptions,PARTIAL_COMPONENT_VERIFIED,Reads active durable gift catalog rows from apifull_stars_offer and returns typed StarsGiftOption values; empty catalog still fails closed. External gift checkout/settlement provider is not connected.,PARTIAL_COMPONENT_ONLY,Component or isolated focused evidence only; no production provider/business-flow acceptance.
payments.getStarsSubscriptions,32512c5,payments,/mtproto.RPCStarSubscriptions/payments_getStarsSubscriptions,KNOWN_INCOMPLETE_STATIC,app/bff/apifull/internal/core/star_subscriptions.go authenticates then returns METHOD_NOT_IMPL because no recurring charge provider or entitlement lifecycle exists.,BLOCKED_BY_IMPLEMENTATION_GAP,Static source review plus APIFull core test-binary compilation. No provider or business-flow acceptance.
payments.changeStarsSubscription,c7770878,payments,/mtproto.RPCStarSubscriptions/payments_changeStarsSubscription,KNOWN_INCOMPLETE_STATIC,app/bff/apifull/internal/core/star_subscriptions.go authenticates then returns METHOD_NOT_IMPL because no recurring charge provider or entitlement lifecycle exists.,BLOCKED_BY_IMPLEMENTATION_GAP,Static source review plus APIFull core test-binary compilation. No provider or business-flow acceptance.
payments.fulfillStarsSubscription,cc5bebb3,payments,/mtproto.RPCStarSubscriptions/payments_fulfillStarsSubscription,KNOWN_INCOMPLETE_STATIC,app/bff/apifull/internal/core/star_subscriptions.go authenticates then returns METHOD_NOT_IMPL because no recurring charge provider or entitlement lifecycle exists.,BLOCKED_BY_IMPLEMENTATION_GAP,Static source review plus APIFull core test-binary compilation. No provider or business-flow acceptance.
payments.getStarsGiveawayOptions,bd1efd3e,payments,/mtproto.RPCGiveaways/payments_getStarsGiveawayOptions,KNOWN_INCOMPLETE_STATIC,app/bff/apifull/internal/core/giveaways.go authenticates then returns METHOD_NOT_IMPL because no giveaway catalog distribution or settlement provider exists.,BLOCKED_BY_IMPLEMENTATION_GAP,Static source review plus APIFull core test-binary compilation. No provider or business-flow acceptance.
payments.getStarGifts,c4563590,payments,/mtproto.RPCGifts/payments_getStarGifts,PARTIAL_SESSION_VERIFIED,"Reads the durable apifull_gift catalog, de-duplicates by slug, and returns typed StarGifts with the required documentEmpty media union; global inventory synchronization and Stars settlement are not connected.",PARTIAL_ISOLATED_SESSION_E2E,"2026-10-07 backend-backend-1 production read-only probe for user 136907714 used a valid permanent auth key over DC2 WebSocket -> gateway -> session -> APIFull/MySQL and returned payments.StarGifts with 2 items (IDs 1 and 5), each StarGift with DocumentEmpty sticker and 120 encoded bytes. MySQL had 35 apifull_gift rows and 2 unique slugs (db-gift, prod-gift); probe writes=0. External inventory, real Stars settlement, and non-empty sticker media remain unverified."
payments.saveStarGift,2a2a697c,payments,/mtproto.RPCGifts/payments_saveStarGift,PARTIAL_COMPONENT_VERIFIED,Validates supported local saved-gift references and persists saved state through the durable gift ledger; message/chat gift ownership and external settlement remain unavailable.,PARTIAL_COMPONENT_ONLY,Component or isolated focused evidence only; no production provider/business-flow acceptance.
payments.convertStarGift,74bf076b,payments,/mtproto.RPCGifts/payments_convertStarGift,PARTIAL_COMPONENT_VERIFIED,Validates supported local saved-gift references and persists conversion through the durable gift ledger; message/chat gift ownership and external settlement remain unavailable.,PARTIAL_COMPONENT_ONLY,Component or isolated focused evidence only; no production provider/business-flow acceptance.
payments.botCancelStarsSubscription,6dfa0622,payments,/mtproto.RPCStarSubscriptions/payments_botCancelStarsSubscription,KNOWN_INCOMPLETE_STATIC,app/bff/apifull/internal/core/star_subscriptions.go authenticates then returns METHOD_NOT_IMPL because no recurring charge provider or entitlement lifecycle exists.,BLOCKED_BY_IMPLEMENTATION_GAP,Static source review plus APIFull core test-binary compilation. No provider or business-flow acceptance.
payments.getConnectedStarRefBots,5869a553,payments,/mtproto.RPCAffiliatePrograms/payments_getConnectedStarRefBots,KNOWN_INCOMPLETE_STATIC,app/bff/apifull/internal/core/affiliate_programs.go authenticates then returns METHOD_NOT_IMPL because no affiliate program or referral-bot provider exists.,BLOCKED_BY_IMPLEMENTATION_GAP,Static source review plus APIFull core test-binary compilation. No provider or business-flow acceptance.
payments.getConnectedStarRefBot,b7d998f0,payments,/mtproto.RPCAffiliatePrograms/payments_getConnectedStarRefBot,KNOWN_INCOMPLETE_STATIC,app/bff/apifull/internal/core/affiliate_programs.go authenticates then returns METHOD_NOT_IMPL because no affiliate program or referral-bot provider exists.,BLOCKED_BY_IMPLEMENTATION_GAP,Static source review plus APIFull core test-binary compilation. No provider or business-flow acceptance.
payments.getSuggestedStarRefBots,d6b48f7,payments,/mtproto.RPCAffiliatePrograms/payments_getSuggestedStarRefBots,KNOWN_INCOMPLETE_STATIC,app/bff/apifull/internal/core/affiliate_programs.go authenticates then returns METHOD_NOT_IMPL because no affiliate program or referral-bot provider exists.,BLOCKED_BY_IMPLEMENTATION_GAP,Static source review plus APIFull core test-binary compilation. No provider or business-flow acceptance.
payments.connectStarRefBot,7ed5348a,payments,/mtproto.RPCAffiliatePrograms/payments_connectStarRefBot,KNOWN_INCOMPLETE_STATIC,app/bff/apifull/internal/core/affiliate_programs.go authenticates then returns METHOD_NOT_IMPL because no affiliate program or referral-bot provider exists.,BLOCKED_BY_IMPLEMENTATION_GAP,Static source review plus APIFull core test-binary compilation. No provider or business-flow acceptance.
payments.editConnectedStarRefBot,e4fca4a3,payments,/mtproto.RPCAffiliatePrograms/payments_editConnectedStarRefBot,KNOWN_INCOMPLETE_STATIC,app/bff/apifull/internal/core/affiliate_programs.go authenticates then returns METHOD_NOT_IMPL because no affiliate program or referral-bot provider exists.,BLOCKED_BY_IMPLEMENTATION_GAP,Static source review plus APIFull core test-binary compilation. No provider or business-flow acceptance.
payments.getStarGiftUpgradePreview,9c9abcb1,payments,/mtproto.RPCGifts/payments_getStarGiftUpgradePreview,KNOWN_INCOMPLETE_STATIC,app/bff/apifull/internal/core/gifts.go authenticates then returns METHOD_NOT_IMPL because no gift catalog inventory ownership auction or Stars settlement provider exists.,BLOCKED_BY_IMPLEMENTATION_GAP,Static source review plus APIFull core test-binary compilation. No provider or business-flow acceptance.
payments.upgradeStarGift,aed6e4f5,payments,/mtproto.RPCGifts/payments_upgradeStarGift,KNOWN_INCOMPLETE_STATIC,app/bff/apifull/internal/core/gifts.go authenticates then returns METHOD_NOT_IMPL because no gift catalog inventory ownership auction or Stars settlement provider exists.,BLOCKED_BY_IMPLEMENTATION_GAP,Static source review plus APIFull core test-binary compilation. No provider or business-flow acceptance.
payments.transferStarGift,7f18176a,payments,/mtproto.RPCGifts/payments_transferStarGift,PARTIAL_COMPONENT_VERIFIED,"Transfers a locally owned gift under a row lock with durable ownership checks and typed Updates acknowledgement; global inventory, resale and Stars settlement remain unavailable.",PARTIAL_COMPONENT_ONLY,Component or isolated focused evidence only; no production provider/business-flow acceptance.
payments.getUniqueStarGift,a1974d72,payments,/mtproto.RPCGifts/payments_getUniqueStarGift,PARTIAL_SESSION_VERIFIED,Looks up a durable gift by slug and returns a typed UniqueStarGift with required documentEmpty media; external catalog and ownership provider remain unavailable.,PARTIAL_ISOLATED_SESSION_E2E,"2026-10-07 backend-backend-1 production read-only probe for user 136907714 queried slug prod-gift over DC2 WebSocket -> gateway -> session -> APIFull/MySQL and returned payments.UniqueStarGift with gift ID 1 and DocumentEmpty sticker; the same probe first read the non-empty payments.StarGifts catalog. Probe writes=0. External catalog synchronization, ownership/settlement and non-empty sticker media remain unverified."
payments.getSavedStarGifts,a319e569,payments,/mtproto.RPCGifts/payments_getSavedStarGifts,PARTIAL_COMPONENT_VERIFIED,"app/bff/apifull/internal/core/gifts.go reads the caller-owned saved gift ledger with validated self peer, offset and limit pagination. Catalog inventory, resale/auction and Stars settlement remain unavailable.",PARTIAL_COMPONENT_ONLY,Gift ledger/domain mapping and validation tests pass; APIFULL runtime MySQL acceptance and external catalog/settlement provider are unavailable.
payments.getSavedStarGift,b455a106,payments,/mtproto.RPCGifts/payments_getSavedStarGift,PARTIAL_COMPONENT_VERIFIED,"app/bff/apifull/internal/core/gifts.go reads the caller-owned saved gift ledger by saved ID or slug, validates supported constructors and returns typed SavedStarGifts. Catalog inventory, resale/auction and Stars settlement remain unavailable.",PARTIAL_COMPONENT_ONLY,Gift ledger/domain mapping and validation tests pass; APIFULL runtime MySQL acceptance and external catalog/settlement provider are unavailable.
payments.getStarGiftWithdrawalUrl,d06e93a8,payments,/mtproto.RPCGifts/payments_getStarGiftWithdrawalUrl,KNOWN_INCOMPLETE_STATIC,app/bff/apifull/internal/core/gifts.go authenticates then returns METHOD_NOT_IMPL because no gift catalog inventory ownership auction or Stars settlement provider exists.,BLOCKED_BY_IMPLEMENTATION_GAP,Static source review plus APIFull core test-binary compilation. No provider or business-flow acceptance.
payments.toggleChatStarGiftNotifications,60eaefa1,payments,/mtproto.RPCGifts/payments_toggleChatStarGiftNotifications,KNOWN_INCOMPLETE_STATIC,app/bff/apifull/internal/core/gifts.go authenticates then returns METHOD_NOT_IMPL because no gift catalog inventory ownership auction or Stars settlement provider exists.,BLOCKED_BY_IMPLEMENTATION_GAP,Static source review plus APIFull core test-binary compilation. No provider or business-flow acceptance.
payments.toggleStarGiftsPinnedToTop,1513e7b0,payments,/mtproto.RPCGifts/payments_toggleStarGiftsPinnedToTop,KNOWN_INCOMPLETE_STATIC,app/bff/apifull/internal/core/gifts.go authenticates then returns METHOD_NOT_IMPL because no gift catalog inventory ownership auction or Stars settlement provider exists.,BLOCKED_BY_IMPLEMENTATION_GAP,Static source review plus APIFull core test-binary compilation. No provider or business-flow acceptance.
payments.canPurchaseStore,4fdc5ea7,payments,/mtproto.RPCPremium/payments_canPurchaseStore,KNOWN_INCOMPLETE_STATIC,app/bff/premium has no store capability or provider verification path and returns METHOD_NOT_IMPL instead of a synthetic Bool result.,BLOCKED_BY_IMPLEMENTATION_GAP,go test ./app/bff/premium/internal/core -run ^TestStorePurchaseChecksFailClosedWithoutProvider$ -count=1 passed.
payments.getResaleStarGifts,7a5fa236,payments,/mtproto.RPCGifts/payments_getResaleStarGifts,KNOWN_INCOMPLETE_STATIC,app/bff/apifull/internal/core/gifts.go authenticates then returns METHOD_NOT_IMPL because no gift catalog inventory ownership auction or Stars settlement provider exists.,BLOCKED_BY_IMPLEMENTATION_GAP,Static source review plus APIFull core test-binary compilation. No provider or business-flow acceptance.
payments.updateStarGiftPrice,edbe6ccb,payments,/mtproto.RPCGifts/payments_updateStarGiftPrice,KNOWN_INCOMPLETE_STATIC,app/bff/apifull/internal/core/gifts.go authenticates then returns METHOD_NOT_IMPL because no gift catalog inventory ownership auction or Stars settlement provider exists.,BLOCKED_BY_IMPLEMENTATION_GAP,Static source review plus APIFull core test-binary compilation. No provider or business-flow acceptance.
payments.createStarGiftCollection,1f4a0e87,payments,/mtproto.RPCGiftCollections/payments_createStarGiftCollection,KNOWN_INCOMPLETE_STATIC,app/bff/apifull/internal/core/gift_collections.go authenticates then returns METHOD_NOT_IMPL because no gift ownership collection store exists.,BLOCKED_BY_IMPLEMENTATION_GAP,Static source review plus APIFull core test-binary compilation. No provider or business-flow acceptance.
payments.updateStarGiftCollection,4fddbee7,payments,/mtproto.RPCGiftCollections/payments_updateStarGiftCollection,KNOWN_INCOMPLETE_STATIC,app/bff/apifull/internal/core/gift_collections.go authenticates then returns METHOD_NOT_IMPL because no gift ownership collection store exists.,BLOCKED_BY_IMPLEMENTATION_GAP,Static source review plus APIFull core test-binary compilation. No provider or business-flow acceptance.
payments.reorderStarGiftCollections,c32af4cc,payments,/mtproto.RPCGiftCollections/payments_reorderStarGiftCollections,KNOWN_INCOMPLETE_STATIC,app/bff/apifull/internal/core/gift_collections.go authenticates then returns METHOD_NOT_IMPL because no gift ownership collection store exists.,BLOCKED_BY_IMPLEMENTATION_GAP,Static source review plus APIFull core test-binary compilation. No provider or business-flow acceptance.
payments.deleteStarGiftCollection,ad5648e8,payments,/mtproto.RPCGiftCollections/payments_deleteStarGiftCollection,KNOWN_INCOMPLETE_STATIC,app/bff/apifull/internal/core/gift_collections.go authenticates then returns METHOD_NOT_IMPL because no gift ownership collection store exists.,BLOCKED_BY_IMPLEMENTATION_GAP,Static source review plus APIFull core test-binary compilation. No provider or business-flow acceptance.
payments.getStarGiftCollections,981b91dd,payments,/mtproto.RPCGiftCollections/payments_getStarGiftCollections,KNOWN_INCOMPLETE_STATIC,app/bff/apifull/internal/core/gift_collections.go authenticates then returns METHOD_NOT_IMPL because no gift ownership collection store exists.,BLOCKED_BY_IMPLEMENTATION_GAP,Static source review plus APIFull core test-binary compilation. No provider or business-flow acceptance.
payments.getUniqueStarGiftValueInfo,4365af6b,payments,/mtproto.RPCGifts/payments_getUniqueStarGiftValueInfo,KNOWN_INCOMPLETE_STATIC,app/bff/apifull/internal/core/gifts.go authenticates then returns METHOD_NOT_IMPL because no gift catalog inventory ownership auction or Stars settlement provider exists.,BLOCKED_BY_IMPLEMENTATION_GAP,Static source review plus APIFull core test-binary compilation. No provider or business-flow acceptance.
payments.checkCanSendGift,c0c4edc9,payments,/mtproto.RPCGifts/payments_checkCanSendGift,KNOWN_INCOMPLETE_STATIC,app/bff/apifull/internal/core/gifts.go authenticates then returns METHOD_NOT_IMPL because no gift catalog inventory ownership auction or Stars settlement provider exists.,BLOCKED_BY_IMPLEMENTATION_GAP,Static source review plus APIFull core test-binary compilation. No provider or business-flow acceptance.
payments.getStarGiftAuctionState,5c9ff4d6,payments,/mtproto.RPCGifts/payments_getStarGiftAuctionState,KNOWN_INCOMPLETE_STATIC,app/bff/apifull/internal/core/gifts.go authenticates then returns METHOD_NOT_IMPL because no gift catalog inventory ownership auction or Stars settlement provider exists.,BLOCKED_BY_IMPLEMENTATION_GAP,Static source review plus APIFull core test-binary compilation. No provider or business-flow acceptance.
payments.getStarGiftAuctionAcquiredGifts,6ba2cbec,payments,/mtproto.RPCGifts/payments_getStarGiftAuctionAcquiredGifts,KNOWN_INCOMPLETE_STATIC,app/bff/apifull/internal/core/gifts.go authenticates then returns METHOD_NOT_IMPL because no gift catalog inventory ownership auction or Stars settlement provider exists.,BLOCKED_BY_IMPLEMENTATION_GAP,Static source review plus APIFull core test-binary compilation. No provider or business-flow acceptance.
payments.getStarGiftActiveAuctions,a5d0514d,payments,/mtproto.RPCGifts/payments_getStarGiftActiveAuctions,KNOWN_INCOMPLETE_STATIC,app/bff/apifull/internal/core/gifts.go authenticates then returns METHOD_NOT_IMPL because no gift catalog inventory ownership auction or Stars settlement provider exists.,BLOCKED_BY_IMPLEMENTATION_GAP,Static source review plus APIFull core test-binary compilation. No provider or business-flow acceptance.
payments.resolveStarGiftOffer,e9ce781c,payments,/mtproto.RPCGifts/payments_resolveStarGiftOffer,KNOWN_INCOMPLETE_STATIC,app/bff/apifull/internal/core/gifts.go authenticates then returns METHOD_NOT_IMPL because no gift catalog inventory ownership auction or Stars settlement provider exists.,BLOCKED_BY_IMPLEMENTATION_GAP,Static source review plus APIFull core test-binary compilation. No provider or business-flow acceptance.
payments.sendStarGiftOffer,8fb86b41,payments,/mtproto.RPCGifts/payments_sendStarGiftOffer,KNOWN_INCOMPLETE_STATIC,app/bff/apifull/internal/core/gifts.go authenticates then returns METHOD_NOT_IMPL because no gift catalog inventory ownership auction or Stars settlement provider exists.,BLOCKED_BY_IMPLEMENTATION_GAP,Static source review plus APIFull core test-binary compilation. No provider or business-flow acceptance.
payments.getStarGiftUpgradeAttributes,6d038b58,payments,/mtproto.RPCGifts/payments_getStarGiftUpgradeAttributes,KNOWN_INCOMPLETE_STATIC,app/bff/apifull/internal/core/gifts.go authenticates then returns METHOD_NOT_IMPL because no gift catalog inventory ownership auction or Stars settlement provider exists.,BLOCKED_BY_IMPLEMENTATION_GAP,Static source review plus APIFull core test-binary compilation. No provider or business-flow acceptance.
payments.getCraftStarGifts,fd05dd00,payments,/mtproto.RPCGifts/payments_getCraftStarGifts,KNOWN_INCOMPLETE_STATIC,app/bff/apifull/internal/core/gifts.go authenticates then returns METHOD_NOT_IMPL because no gift catalog inventory ownership auction or Stars settlement provider exists.,BLOCKED_BY_IMPLEMENTATION_GAP,Static source review plus APIFull core test-binary compilation. No provider or business-flow acceptance.
payments.craftStarGift,b0f9684f,payments,/mtproto.RPCGifts/payments_craftStarGift,KNOWN_INCOMPLETE_STATIC,app/bff/apifull/internal/core/gifts.go authenticates then returns METHOD_NOT_IMPL because no gift catalog inventory ownership auction or Stars settlement provider exists.,BLOCKED_BY_IMPLEMENTATION_GAP,Static source review plus APIFull core test-binary compilation. No provider or business-flow acceptance.
stickers.createStickerSet,9021ab67,stickers,/mtproto.RPCStickers/stickers_createStickerSet,KNOWN_INCOMPLETE_STATIC,"app/bff/apifull/internal/core/stickers.go authenticates first, then returns METHOD_NOT_IMPL for sticker RPCs because no authoritative sticker catalog/media provider is wired; local synthetic catalogues and request-only writes are not exposed.",BLOCKED_BY_IMPLEMENTATION_GAP,Focused fail-closed tests cover authenticated and unauthenticated sticker handlers; no provider-backed acceptance exists.
stickers.removeStickerFromSet,f7760f51,stickers,/mtproto.RPCStickers/stickers_removeStickerFromSet,KNOWN_INCOMPLETE_STATIC,"app/bff/apifull/internal/core/stickers.go authenticates first, then returns METHOD_NOT_IMPL for sticker RPCs because no authoritative sticker catalog/media provider is wired; local synthetic catalogues and request-only writes are not exposed.",BLOCKED_BY_IMPLEMENTATION_GAP,Focused fail-closed tests cover authenticated and unauthenticated sticker handlers; no provider-backed acceptance exists.
stickers.changeStickerPosition,ffb6d4ca,stickers,/mtproto.RPCStickers/stickers_changeStickerPosition,KNOWN_INCOMPLETE_STATIC,"app/bff/apifull/internal/core/stickers.go authenticates first, then returns METHOD_NOT_IMPL for sticker RPCs because no authoritative sticker catalog/media provider is wired; local synthetic catalogues and request-only writes are not exposed.",BLOCKED_BY_IMPLEMENTATION_GAP,Focused fail-closed tests cover authenticated and unauthenticated sticker handlers; no provider-backed acceptance exists.
stickers.addStickerToSet,8653febe,stickers,/mtproto.RPCStickers/stickers_addStickerToSet,KNOWN_INCOMPLETE_STATIC,"app/bff/apifull/internal/core/stickers.go authenticates first, then returns METHOD_NOT_IMPL for sticker RPCs because no authoritative sticker catalog/media provider is wired; local synthetic catalogues and request-only writes are not exposed.",BLOCKED_BY_IMPLEMENTATION_GAP,Focused fail-closed tests cover authenticated and unauthenticated sticker handlers; no provider-backed acceptance exists.
stickers.setStickerSetThumb,a76a5392,stickers,/mtproto.RPCStickers/stickers_setStickerSetThumb,KNOWN_INCOMPLETE_STATIC,"app/bff/apifull/internal/core/stickers.go authenticates first, then returns METHOD_NOT_IMPL for sticker RPCs because no authoritative sticker catalog/media provider is wired; local synthetic catalogues and request-only writes are not exposed.",BLOCKED_BY_IMPLEMENTATION_GAP,Focused fail-closed tests cover authenticated and unauthenticated sticker handlers; no provider-backed acceptance exists.
stickers.checkShortName,284b3639,stickers,/mtproto.RPCStickers/stickers_checkShortName,KNOWN_INCOMPLETE_STATIC,"app/bff/apifull/internal/core/stickers.go authenticates first, then returns METHOD_NOT_IMPL for sticker RPCs because no authoritative sticker catalog/media provider is wired; local synthetic catalogues and request-only writes are not exposed.",BLOCKED_BY_IMPLEMENTATION_GAP,Focused fail-closed tests cover authenticated and unauthenticated sticker handlers; no provider-backed acceptance exists.
stickers.suggestShortName,4dafc503,stickers,/mtproto.RPCStickers/stickers_suggestShortName,KNOWN_INCOMPLETE_STATIC,"app/bff/apifull/internal/core/stickers.go authenticates first, then returns METHOD_NOT_IMPL for sticker RPCs because no authoritative sticker catalog/media provider is wired; local synthetic catalogues and request-only writes are not exposed.",BLOCKED_BY_IMPLEMENTATION_GAP,Focused fail-closed tests cover authenticated and unauthenticated sticker handlers; no provider-backed acceptance exists.
stickers.changeSticker,f5537ebc,stickers,/mtproto.RPCStickers/stickers_changeSticker,KNOWN_INCOMPLETE_STATIC,"app/bff/apifull/internal/core/stickers.go authenticates first, then returns METHOD_NOT_IMPL for sticker RPCs because no authoritative sticker catalog/media provider is wired; local synthetic catalogues and request-only writes are not exposed.",BLOCKED_BY_IMPLEMENTATION_GAP,Focused fail-closed tests cover authenticated and unauthenticated sticker handlers; no provider-backed acceptance exists.
stickers.renameStickerSet,124b1c00,stickers,/mtproto.RPCStickers/stickers_renameStickerSet,KNOWN_INCOMPLETE_STATIC,"app/bff/apifull/internal/core/stickers.go authenticates first, then returns METHOD_NOT_IMPL for sticker RPCs because no authoritative sticker catalog/media provider is wired; local synthetic catalogues and request-only writes are not exposed.",BLOCKED_BY_IMPLEMENTATION_GAP,Focused fail-closed tests cover authenticated and unauthenticated sticker handlers; no provider-backed acceptance exists.
stickers.deleteStickerSet,87704394,stickers,/mtproto.RPCStickers/stickers_deleteStickerSet,KNOWN_INCOMPLETE_STATIC,"app/bff/apifull/internal/core/stickers.go authenticates first, then returns METHOD_NOT_IMPL for sticker RPCs because no authoritative sticker catalog/media provider is wired; local synthetic catalogues and request-only writes are not exposed.",BLOCKED_BY_IMPLEMENTATION_GAP,Focused fail-closed tests cover authenticated and unauthenticated sticker handlers; no provider-backed acceptance exists.
stickers.replaceSticker,4696459a,stickers,/mtproto.RPCStickers/stickers_replaceSticker,KNOWN_INCOMPLETE_STATIC,"app/bff/apifull/internal/core/stickers.go authenticates first, then returns METHOD_NOT_IMPL for sticker RPCs because no authoritative sticker catalog/media provider is wired; local synthetic catalogues and request-only writes are not exposed.",BLOCKED_BY_IMPLEMENTATION_GAP,Focused fail-closed tests cover authenticated and unauthenticated sticker handlers; no provider-backed acceptance exists.
phone.getCallConfig,55451fa9,phone,/mtproto.RPCVoipCalls/phone_getCallConfig,KNOWN_INCOMPLETE_STATIC,"The handler returns call configuration only when TURN host and a valid non-loopback port are configured with either static username/password or a shared secret for per-user coturn REST credentials (default TTL one hour, maximum 24 hours). BFF supports TEAMGRAM_TURN_* deployment environment overrides; no credentials are hardcoded, and the checked-in production config still supplies no relay credentials, so the handler fails closed.",BLOCKED_BY_IMPLEMENTATION_GAP,"The 2026-10-06 production read-only probe proved DataJSON encoding but did not test TURN connectivity. No production TURN secret or static credentials, media negotiation, or relay acceptance is configured."
phone.requestCall,42ff96ed,phone,/mtproto.RPCVoipCalls/phone_requestCall,PARTIAL_COMPONENT_VERIFIED,"APIFull validates both users and creates a durable call row with access hash and g_a hash. TURN details are returned only when relay credentials are configured; the checked-in config has no credentials. Remote notification, relay connectivity, and real media negotiation remain unavailable.",PARTIAL_COMPONENT_ONLY,"No live two-user session, configured TURN relay, signaling acceptance, or production media path was exercised in this phase."
phone.acceptCall,3bd2b4a0,phone,/mtproto.RPCVoipCalls/phone_acceptCall,PARTIAL_COMPONENT_VERIFIED,acceptCall enforces the participant transition and stores g_b. This remains call-control state; it does not establish an audio/video relay.,PARTIAL_COMPONENT_ONLY,"No live two-user session, configured TURN relay, signaling acceptance, or production media path was exercised in this phase."
phone.confirmCall,2efe1722,phone,/mtproto.RPCVoipCalls/phone_confirmCall,PARTIAL_COMPONENT_VERIFIED,"confirmCall requires configured TURN credentials before persisting the confirmed state, then returns the correct peer public key and per-viewer relay credentials.",PARTIAL_COMPONENT_ONLY,"The state-machine component covers key direction, protocol, connection and fingerprint persistence; live relay connectivity, media negotiation, and a production two-user session remain unverified."
phone.receivedCall,17d54f61,phone,/mtproto.RPCVoipCalls/phone_receivedCall,PARTIAL_COMPONENT_VERIFIED,"APIFull core validates the input call access hash and participant authorization, then durably transitions apifull_call from requested to received through domain.TransitionCall.",PARTIAL_COMPONENT_ONLY,"The request-to-received path is covered by the component call state-machine test. No live two-user session, restart acceptance, or production call service/media path was exercised."
phone.discardCall,b2cbc1c0,phone,/mtproto.RPCVoipCalls/phone_discardCall,PARTIAL_COMPONENT_VERIFIED,"discardCall authorizes the caller, persists terminal state/reason/duration and returns a typed phoneCallDiscarded result.",PARTIAL_COMPONENT_ONLY,voip state-machine tests cover discard persistence and terminal transition; no live two-user session or production media path was exercised.
phone.setCallRating,59ead627,phone,/mtproto.RPCVoipCalls/phone_setCallRating,PARTIAL_COMPONENT_VERIFIED,"APIFull core validates rating/comment and call access, then writes an authenticated rating artifact to apifull_call_artifact with retry replacement per user/call.",PARTIAL_COMPONENT_ONLY,Component code compiles and domain.SaveCallArtifact provides durable authorization/insert behavior. No isolated DB or full session/provider acceptance was executed.
phone.saveCallDebug,277add7e,phone,/mtproto.RPCVoipCalls/phone_saveCallDebug,PARTIAL_COMPONENT_VERIFIED,"APIFull core validates the debug payload and call participant/access hash, then stores the bounded debug artifact in apifull_call_artifact.",PARTIAL_COMPONENT_ONLY,Component code compiles and domain.SaveCallArtifact provides durable authorization/insert behavior. No isolated DB or full session/provider acceptance was executed.
phone.sendSignalingData,ff7a9383,phone,/mtproto.RPCVoipCalls/phone_sendSignalingData,PARTIAL_COMPONENT_VERIFIED,"APIFull core validates the participant/access hash, stores the bounded signaling artifact, and pushes phoneCallSignalingData to the other participant through Sync.",PARTIAL_COMPONENT_ONLY,"Component code compiles and the handler has a Sync push path. No live two-user session, TURN/media negotiation, or production signaling acceptance was executed."
phone.createGroupCall,48cdc6d8,phone,/mtproto.RPCGroupCalls/phone_createGroupCall,PARTIAL_SESSION_VERIFIED,Isolated WebSocket group-call probes exercise create get join leave participants check title invite and discard with persisted readback. Wrong call or invitee access hashes and nonmembers are rejected. Media signaling and cross-client delivery remain unavailable.,PARTIAL_ISOLATED_SESSION_E2E,"2026-10-07 backend-backend-1 production probe docker/production/probe-group-call-control.ts created a temporary self-owned call over DC2 WebSocket -> gateway -> session -> BFF -> APIFull/MySQL, then discarded it and confirmed no row remained. Existing isolated multi-user coverage remains the broader permission evidence."
phone.joinGroupCall,8fb53057,phone,/mtproto.RPCGroupCalls/phone_joinGroupCall,PARTIAL_SESSION_VERIFIED,Isolated WebSocket group-call probes exercise create get join leave participants check title invite and discard with persisted readback. Wrong call or invitee access hashes and nonmembers are rejected. Media signaling and cross-client delivery remain unavailable.,PARTIAL_ISOLATED_SESSION_E2E,"2026-10-07 backend-backend-1 production probe docker/production/probe-group-call-control.ts joined the temporary creator-owned call through DC2 WebSocket and the request completed with typed Updates; cleanup discarded the call. Existing isolated invitee and permission coverage remains the broader evidence."
phone.leaveGroupCall,500377f9,phone,/mtproto.RPCGroupCalls/phone_leaveGroupCall,PARTIAL_SESSION_VERIFIED,Isolated WebSocket group-call probes exercise create get join leave participants check title invite and discard with persisted readback. Wrong call or invitee access hashes and nonmembers are rejected. Media signaling and cross-client delivery remain unavailable.,PARTIAL_ISOLATED_SESSION_E2E,Isolated WebSocket group-call probes exercise create get join leave participants check title invite and discard with persisted readback. Wrong call or invitee access hashes and nonmembers are rejected. Media signaling and cross-client delivery remain unavailable.
phone.inviteToGroupCall,7b393160,phone,/mtproto.RPCGroupCalls/phone_inviteToGroupCall,PARTIAL_SESSION_VERIFIED,Isolated WebSocket group-call probes exercise create get join leave participants check title invite and discard with persisted readback. Wrong call or invitee access hashes and nonmembers are rejected. Media signaling and cross-client delivery remain unavailable.,PARTIAL_ISOLATED_SESSION_E2E,Isolated WebSocket group-call probes exercise create get join leave participants check title invite and discard with persisted readback. Wrong call or invitee access hashes and nonmembers are rejected. Media signaling and cross-client delivery remain unavailable.
phone.discardGroupCall,7a777135,phone,/mtproto.RPCGroupCalls/phone_discardGroupCall,PARTIAL_SESSION_VERIFIED,Isolated WebSocket group-call probes exercise create get join leave participants check title invite and discard with persisted readback. Wrong call or invitee access hashes and nonmembers are rejected. Media signaling and cross-client delivery remain unavailable.,PARTIAL_ISOLATED_SESSION_E2E,"2026-10-07 backend-backend-1 production probe docker/production/probe-group-call-control.ts discarded the temporary call through DC2 WebSocket and a follow-up getGroupCall returned GROUPCALL_INVALID; direct MySQL checks found zero rows in the call and dependent tables. Existing isolated multi-user coverage remains the broader permission evidence."
phone.toggleGroupCallSettings,974392f2,phone,/mtproto.RPCGroupCalls/phone_toggleGroupCallSettings,PARTIAL_SESSION_VERIFIED,"Persists creator-authorized join-muted, messages-enabled and paid-message settings; rejects no-op updates and negative Stars values.",PARTIAL_ISOLATED_SESSION_E2E,"2026-10-07 backend-backend-1 production probe docker/production/probe-group-call-settings.ts toggled settings on a temporary call over DC2 WebSocket, read them through phone.getGroupCall and matched apifull_group_call_settings; discard cleanup removed all rows."
phone.getGroupCall,41845db,phone,/mtproto.RPCGroupCalls/phone_getGroupCall,PARTIAL_SESSION_VERIFIED,Isolated WebSocket group-call probes exercise create get join leave participants check title invite and discard with persisted readback. Wrong call or invitee access hashes and nonmembers are rejected. Media signaling and cross-client delivery remain unavailable.,PARTIAL_ISOLATED_SESSION_E2E,"2026-10-07 r19 read-only DC2 WebSocket -> gateway -> session -> APIFull/MySQL probe for production user 136907714 returned phone.GroupCall for an owned persisted call; call ID/access hash matched MySQL, participantsCount=1 matched JSON_LENGTH(participants)=1, and the response marked the caller as self participant. Persisted participants SHA-256 was identical before/after. Media signaling and cross-client delivery remain unverified."
phone.getGroupParticipants,c558d8ab,phone,/mtproto.RPCGroupCalls/phone_getGroupParticipants,PARTIAL_SESSION_VERIFIED,Isolated WebSocket group-call probes exercise create get join leave participants check title invite and discard with persisted readback. Wrong call or invitee access hashes and nonmembers are rejected. Media signaling and cross-client delivery remain unavailable.,PARTIAL_ISOLATED_SESSION_E2E,"2026-10-07 r19 read-only DC2 WebSocket -> gateway -> session -> APIFull/MySQL probe for production user 136907714 returned phone.GroupParticipants for an owned persisted call; count=1 and version=1 matched JSON_LENGTH(participants)=1, and the page contained the caller as self participant. Persisted participants SHA-256 was identical before/after. Multi-page/filter behavior, media signaling, and cross-client delivery remain unverified."
phone.checkGroupCall,b59cf977,phone,/mtproto.RPCGroupCalls/phone_checkGroupCall,PARTIAL_SESSION_VERIFIED,Isolated WebSocket group-call probes exercise create get join leave participants check title invite and discard with persisted readback. Wrong call or invitee access hashes and nonmembers are rejected. Media signaling and cross-client delivery remain unavailable.,PARTIAL_ISOLATED_SESSION_E2E,"2026-10-07 r19 read-only DC2 WebSocket -> gateway -> session -> APIFull/MySQL probe for production user 136907714 called phone.checkGroupCall with the persisted participant source and one absent source; only the existing caller source was returned. The source was backed by the same apifull_group_call participants JSON read by phone.getGroupCall/getGroupParticipants. No writes. Remote source delivery and media signaling remain unverified."
phone.toggleGroupCallRecord,f128c708,phone,/mtproto.RPCGroupCalls/phone_toggleGroupCallRecord,PARTIAL_SESSION_VERIFIED,"Creator-authorized recording control now persists RecordActive, RecordVideo, optional title and portrait state in apifull_group_call_settings; getGroupCall exposes the active video flag. No recorder, segment store or media consumer is wired.",PARTIAL_ISOLATED_SESSION_E2E,"2026-10-07 backend-backend-1 production probe docker/production/probe-group-call-settings.ts started and stopped recording control on a temporary call over DC2 WebSocket; phone.getGroupCall and apifull_group_call_settings matched, and discard cleanup removed all rows. This validates control state only, not captured media."
phone.editGroupCallParticipant,a5273abf,phone,/mtproto.RPCGroupCalls/phone_editGroupCallParticipant,PARTIAL_SESSION_VERIFIED,"Persists authorized participant mute, volume, raise-hand, video and presentation state; rejects nonmembers and no-op updates.",PARTIAL_ISOLATED_SESSION_E2E,"2026-10-07 backend-backend-1 production probe docker/production/probe-group-call-settings.ts joined the creator, edited its mute/video/raise-hand state over DC2 WebSocket, and matched apifull_group_call_participant; discard cleanup removed the participant row."
phone.editGroupCallTitle,1ca6ac0a,phone,/mtproto.RPCGroupCalls/phone_editGroupCallTitle,PARTIAL_SESSION_VERIFIED,Isolated WebSocket group-call probes exercise create get join leave participants check title invite and discard with persisted readback. Wrong call or invitee access hashes and nonmembers are rejected. Media signaling and cross-client delivery remain unavailable.,PARTIAL_ISOLATED_SESSION_E2E,Isolated WebSocket group-call probes exercise create get join leave participants check title invite and discard with persisted readback. Wrong call or invitee access hashes and nonmembers are rejected. Media signaling and cross-client delivery remain unavailable.
phone.getGroupCallJoinAs,ef7c213a,phone,/mtproto.RPCGroupCalls/phone_getGroupCallJoinAs,PARTIAL_COMPONENT_VERIFIED,Reads the caller's saved join-as peer only for the matching peer and validates user/channel access hashes plus channel membership before returning it.,PARTIAL_COMPONENT_ONLY,"Focused join-as isolation test covers canonical channel rows, access hashes and per-user/per-peer isolation. No live session or call-service integration."
phone.exportGroupCallInvite,e6aa647f,phone,/mtproto.RPCGroupCalls/phone_exportGroupCallInvite,PARTIAL_COMPONENT_VERIFIED,Generates a durable bearer invite hash bound to the authorized group call and returns a typed link; notification/deep-link delivery and media control remain unavailable.,PARTIAL_ISOLATED_SESSION_E2E,"2026-10-07 backend-backend-1 production probe docker/production/probe-group-call-control.ts returned a typed phone.ExportedGroupCallInvite with an invite_hash link for a temporary creator-owned call; discard cleanup removed the invite row. Notification/deep-link delivery and media control remain unavailable."
phone.toggleGroupCallStartSubscription,219c34e6,phone,/mtproto.RPCGroupCalls/phone_toggleGroupCallStartSubscription,PARTIAL_COMPONENT_VERIFIED,Persists the caller's scheduled-start subscription after validating call access and the Bool input; readback is exposed through phone.getGroupCall.,PARTIAL_ISOLATED_SESSION_E2E,"2026-10-07 backend-backend-1 production probe docker/production/probe-group-call-control.ts enabled the subscription and read it back as schedule_start_subscribed=true through phone.getGroupCall; discard cleanup removed the subscription row. Notification fan-out remains unavailable."
phone.startScheduledGroupCall,5680e342,phone,/mtproto.RPCGroupCalls/phone_startScheduledGroupCall,PARTIAL_COMPONENT_VERIFIED,"Creator-only start persists scheduled-start state, rejects unscheduled calls and rejects duplicate starts.",PARTIAL_COMPONENT_ONLY,Focused group-call mutation test covers scheduled state and duplicate rejection. No live session or media-provider acceptance.
phone.saveDefaultGroupCallJoinAs,575e1f8c,phone,/mtproto.RPCGroupCalls/phone_saveDefaultGroupCallJoinAs,PARTIAL_COMPONENT_VERIFIED,"Validates canonical user/channel peers, access hashes and membership before storing a per-user default join-as preference; reads it back only for the matching peer.",PARTIAL_COMPONENT_ONLY,"Focused join-as isolation test covers canonical channel rows, access hashes and per-user/per-peer isolation. No live session or call-service integration."
phone.joinGroupCallPresentation,cbea6bc4,phone,/mtproto.RPCGroupCalls/phone_joinGroupCallPresentation,PARTIAL_COMPONENT_VERIFIED,"Validates JSON presentation parameters and an authorized participant, then persists active presentation state and returns a participant update.",PARTIAL_COMPONENT_ONLY,"Focused group-call mutation test covers JSON validation, state readback and authorization. No media relay or live session acceptance."
phone.leaveGroupCallPresentation,1c50d144,phone,/mtproto.RPCGroupCalls/phone_leaveGroupCallPresentation,PARTIAL_COMPONENT_VERIFIED,Clears presentation parameters and paused state for an authorized participant and returns the updated participant.,PARTIAL_COMPONENT_ONLY,Focused group-call mutation test covers state cleanup. No media relay or live session acceptance.
phone.getGroupCallStreamChannels,1ab21940,phone,/mtproto.RPCGroupCalls/phone_getGroupCallStreamChannels,KNOWN_INCOMPLETE_STATIC,app/bff/apifull/internal/core/group_calls.go authenticates then returns METHOD_NOT_IMPL because no media control plane relay authorization or Stars donor ledger exists.,BLOCKED_BY_IMPLEMENTATION_GAP,TestGroupCallMediaAndStarsFailClosedWithoutProviders passed against isolated teamgram_audit and verifies nil METHOD_NOT_IMPL.
phone.getGroupCallStreamRtmpUrl,5af4c73a,phone,/mtproto.RPCGroupCalls/phone_getGroupCallStreamRtmpUrl,KNOWN_INCOMPLETE_STATIC,app/bff/apifull/internal/core/group_calls.go authenticates then returns METHOD_NOT_IMPL because no media control plane relay authorization or Stars donor ledger exists.,BLOCKED_BY_IMPLEMENTATION_GAP,TestGroupCallMediaAndStarsFailClosedWithoutProviders passed against isolated teamgram_audit and verifies nil METHOD_NOT_IMPL.
phone.saveCallLog,41248786,phone,/mtproto.RPCVoipCalls/phone_saveCallLog,PARTIAL_COMPONENT_VERIFIED,"APIFull core validates the call participant/access hash and file descriptor, then stores the bounded call-log artifact in apifull_call_artifact.",PARTIAL_COMPONENT_ONLY,"Component code compiles and domain.SaveCallArtifact provides durable authorization/insert behavior. No file-service consumer, isolated DB, or full session/provider acceptance was executed."
phone.createConferenceCall,7d0444bb,phone,/mtproto.RPCConferenceCalls/phone_createConferenceCall7D0444BB,PARTIAL_ISOLATED_DB_VERIFIED,"Creates an idempotent conference call record with creator, access hash, control block and settings in the APIFull durable store; duplicate creator requests read back the existing call. External signaling/media control remains unavailable.",PARTIAL_ISOLATED_DB_ONLY,TestConferenceBroadcastAndChainReadback and TestConferenceParticipantInviteAndDeleteReadback passed against isolated teamgram_audit; no production session or media control-plane acceptance.
phone.deleteConferenceCallParticipants,8ca60525,phone,/mtproto.RPCConferenceCalls/phone_deleteConferenceCallParticipants,PARTIAL_ISOLATED_DB_VERIFIED,"Authorizes the conference creator, removes requested non-creator participants from the durable call membership and returns a typed participant update containing the remaining membership.",PARTIAL_ISOLATED_DB_ONLY,TestConferenceParticipantInviteAndDeleteReadback passed against isolated teamgram_audit; cross-client signaling and production session acceptance remain unverified.
phone.sendConferenceCallBroadcast,c6701900,phone,/mtproto.RPCConferenceCalls/phone_sendConferenceCallBroadcast,PARTIAL_ISOLATED_DB_VERIFIED,"Validates the conference creator and call access, replaces the durable conference chain head in `apifull_group_call_conference`, and returns a typed `updateGroupCallChainBlocks`; external media signaling and cross-client delivery remain unavailable.",PARTIAL_ISOLATED_DB_ONLY,"TestConferenceBroadcastAndChainReadback passed against 127.0.0.1:13306/teamgram_audit: creator authorization, durable block replacement, typed update and wrong-access rejection all passed. No media/control-plane fanout or production session acceptance."
phone.inviteConferenceCallParticipant,bcf22685,phone,/mtproto.RPCConferenceCalls/phone_inviteConferenceCallParticipant,PARTIAL_ISOLATED_DB_VERIFIED,"Validates the target InputUser through the user provider, persists conference membership and returns a typed participant update containing the full current membership.",PARTIAL_ISOLATED_DB_ONLY,TestConferenceParticipantInviteAndDeleteReadback passed against isolated teamgram_audit; invitation delivery and production session acceptance remain unverified.
phone.declineConferenceCallInvite,3c479971,phone,/mtproto.RPCConferenceCalls/phone_declineConferenceCallInvite,PARTIAL_ISOLATED_DB_VERIFIED,"Resolves the persisted conference invite message, validates the embedded call id/access hash and invitee membership, removes the declining user from the durable participant list, and returns a typed participant update.",PARTIAL_ISOLATED_DB_ONLY,"TestConferenceParticipantDeclineRemovesInvitee passed against isolated teamgram_audit; real invite message delivery, cross-client signaling and production session acceptance remain unverified."
phone.getGroupCallChainBlocks,ee9f88a6,phone,/mtproto.RPCConferenceCalls/phone_getGroupCallChainBlocks,PARTIAL_ISOLATED_DB_VERIFIED,"Authorizes the caller against the durable conference record and reads the persisted chain head with sub-chain/offset/limit validation, returning a typed `updateGroupCallChainBlocks`; multi-block media chain storage and external signaling remain unavailable.",PARTIAL_ISOLATED_DB_ONLY,TestConferenceBroadcastAndChainReadback passed against 127.0.0.1:13306/teamgram_audit: the broadcast block was read back through the Layer 229 response and wrong access was rejected. No media/control-plane fanout or production session acceptance.
phone.sendGroupCallMessage,b1d11410,phone,/mtproto.RPCGroupCalls/phone_sendGroupCallMessageB1D11410,PARTIAL_COMPONENT_VERIFIED,"Persists an authorized group-call text message with random-id idempotency, message settings and send-as validation, then returns a typed update.",PARTIAL_ISOLATED_SESSION_E2E,"2026-10-07 backend-backend-1 production probe probe-group-call-settings.ts sent a real group-call text over DC2 WebSocket -> gateway -> session -> BFF -> APIFull/MySQL; the client received typed Updates, the message JSON/text and random_id were read back from production MySQL, and discard cleanup removed the call and dependent rows. Cross-client delivery, media relay and restart persistence remain open."
phone.sendGroupCallEncryptedMessage,e5afa56d,phone,/mtproto.RPCConferenceCalls/phone_sendGroupCallEncryptedMessage,KNOWN_INCOMPLETE_STATIC,Returns true after storing request JSON; message is not encrypted or delivered.,BLOCKED_BY_IMPLEMENTATION_GAP,No full business-flow acceptance.
phone.deleteGroupCallMessages,f64f54f7,phone,/mtproto.RPCGroupCalls/phone_deleteGroupCallMessages,PARTIAL_COMPONENT_VERIFIED,Deletes persisted group-call messages with creator or sender authorization and returns the deleted IDs update.,PARTIAL_ISOLATED_SESSION_E2E,"2026-10-07 backend-backend-1 production probe probe-group-call-settings.ts deleted the real message over DC2 WebSocket -> gateway -> session -> BFF -> APIFull/MySQL; the client received typed Updates and production MySQL readback changed the message row to deleted=1 before discard removed all call rows. Cross-client update delivery and restart persistence remain open."
phone.deleteGroupCallParticipantMessages,1dbfeca0,phone,/mtproto.RPCGroupCalls/phone_deleteGroupCallParticipantMessages,PARTIAL_COMPONENT_VERIFIED,Deletes a participant's persisted group-call messages with creator or self authorization and returns the deleted IDs update.,PARTIAL_ISOLATED_SESSION_E2E,"2026-10-07 backend-backend-1 production probe probe-group-call-settings.ts completed participant-scoped deletion over DC2 WebSocket -> gateway -> session -> BFF -> APIFull/MySQL and received typed Updates; the follow-up discard cleanup left zero group-call, participant, settings or message rows. Cross-client update delivery and restart persistence remain open."
phone.getGroupCallStars,6f636302,phone,/mtproto.RPCGroupCalls/phone_getGroupCallStars,KNOWN_INCOMPLETE_STATIC,app/bff/apifull/internal/core/group_calls.go authenticates then returns METHOD_NOT_IMPL because no media control plane relay authorization or Stars donor ledger exists.,BLOCKED_BY_IMPLEMENTATION_GAP,TestGroupCallMediaAndStarsFailClosedWithoutProviders passed against isolated teamgram_audit and verifies nil METHOD_NOT_IMPL.
phone.saveDefaultSendAs,4167add1,phone,/mtproto.RPCGroupCalls/phone_saveDefaultSendAs,PARTIAL_COMPONENT_VERIFIED,"Persists a validated per-call send-as peer after checking group-call membership, user/channel access and participant ownership.",PARTIAL_COMPONENT_ONLY,group_calls.go stores the durable send-as record and phone.getGroupCall reads it back; no live session or call-service acceptance.
langpack.getLangPack,f2f2330a,langpack,/mtproto.RPCLangpack/langpack_getLangPack,PARTIAL_SESSION_VERIFIED,r20 生产客户端链路返回 LangPackDifference，内含 3064 条英文字符串。 语言目录来自随 BFF 编译嵌入的 Web 客户端 fallback.strings。,PARTIAL_ISOLATED_SESSION_E2E,r20 生产客户端链路返回 LangPackDifference，内含 3064 条英文字符串。
langpack.getStrings,efea3803,langpack,/mtproto.RPCLangpack/langpack_getStrings,PARTIAL_SESSION_VERIFIED,r20 生产客户端链路按键读取 Month1 和 SettingsFoldersDesc，返回 2 条且重复请求键去重。 语言目录来自随 BFF 编译嵌入的 Web 客户端 fallback.strings。,PARTIAL_ISOLATED_SESSION_E2E,r20 生产客户端链路按键读取 Month1 和 SettingsFoldersDesc，返回 2 条且重复请求键去重。
langpack.getDifference,cd984aa5,langpack,/mtproto.RPCLangpack/langpack_getDifference,PARTIAL_SESSION_VERIFIED,r20 生产客户端链路从 version 0 读取 3064 条完整差分，从当前 version 1 读取 0 条。 语言目录来自随 BFF 编译嵌入的 Web 客户端 fallback.strings。,PARTIAL_ISOLATED_SESSION_E2E,r20 生产客户端链路从 version 0 读取 3064 条完整差分，从当前 version 1 读取 0 条。
langpack.getLanguages,42c6978f,langpack,/mtproto.RPCLangpack/langpack_getLanguages,PARTIAL_SESSION_VERIFIED,r20 生产客户端链路返回单项 en 语言目录，构造器为 LangPackLanguage。 语言目录来自随 BFF 编译嵌入的 Web 客户端 fallback.strings。,PARTIAL_ISOLATED_SESSION_E2E,r20 生产客户端链路返回单项 en 语言目录，构造器为 LangPackLanguage。
langpack.getLanguage,6a596502,langpack,/mtproto.RPCLangpack/langpack_getLanguage,PARTIAL_SESSION_VERIFIED,r20 生产客户端链路返回 en 的 LangPackLanguage 元数据。 语言目录来自随 BFF 编译嵌入的 Web 客户端 fallback.strings。,PARTIAL_ISOLATED_SESSION_E2E,r20 生产客户端链路返回 en 的 LangPackLanguage 元数据。
folders.editPeerFolders,6847d0ab,folders,/mtproto.RPCFolders/folders_editPeerFolders,PARTIAL_SESSION_VERIFIED,"The isolated WebSocket baseline probe moved a real direct dialog into a custom folder, archive, and back out; getDialogs read each placement and a second user was rejected with FOLDER_ID_INVALID. The baseline used the pre-candidate BFF.",PARTIAL_ISOLATED_SESSION_E2E,Real isolated WebSocket -> session -> BFF movement/readback and cross-user rejection passed. Cache/filter writes still lack atomic rollback and candidate changes have not been deployed.
stats.getBroadcastStats,ab42441a,stats,/mtproto.RPCStatistics/stats_getBroadcastStats,PARTIAL_SESSION_VERIFIED,Uses persisted APIFull channel member count instead of stale caller boost keys and validates channel access hash and administrator status. Other analytics remain incomplete.,PARTIAL_ISOLATED_SESSION_E2E,"2026-10-07 backend-backend-1 production owner read-only probe for user 136907714 and broadcast channel 1790103377888636343 returned stats.BroadcastStats with followers.current=1, viewsPerPost.current=0, zero recent post/message interaction rows, and 472 encoded bytes; writes=0. The prior isolated tests also cover persisted member count and ordinary-member CHAT_ADMIN_REQUIRED. External analytics and non-empty interaction data remain unverified."
stats.loadAsyncGraph,621d5fa0,stats,/mtproto.RPCStatistics/stats_loadAsyncGraph,KNOWN_INCOMPLETE_STATIC,"app/bff/apifull/internal/core/statistics.go: authenticates, rejects an empty token, and returns METHOD_NOT_IMPL; no graph loader exists and the token is not persisted or echoed.",BLOCKED_BY_IMPLEMENTATION_GAP,No full business-flow acceptance.
stats.getMegagroupStats,dcdf8607,stats,/mtproto.RPCStatistics/stats_getMegagroupStats,PARTIAL_ISOLATED_DB_VERIFIED,Uses persisted APIFull channel member count instead of stale caller boost keys and validates channel access hash and administrator status. Other analytics remain incomplete.,PARTIAL_ISOLATED_SESSION_E2E,TestStatsUsePersistedChannelMemberCount passed against teamgram_audit. The fourteen-user isolated WebSocket flow also verified owner typed responses and ordinary-member CHAT_ADMIN_REQUIRED.
stats.getMessagePublicForwards,5f150144,stats,/mtproto.RPCStatistics/stats_getMessagePublicForwards5F150144,KNOWN_INCOMPLETE_STATIC,"app/bff/apifull/internal/core/statistics.go: both message-forward constructors (5f150144 and 5630281b) validate the channel access hash, creator, and local source message, then return METHOD_NOT_IMPL; ChannelMessage stores no forward metadata and APIFull has no reverse public-forward index.",BLOCKED_BY_IMPLEMENTATION_GAP,No full business-flow acceptance.
stats.getMessageStats,b6e0a3f5,stats,/mtproto.RPCStatistics/stats_getMessageStats,PARTIAL_SESSION_VERIFIED,Uses persisted channel read cursors to compute views after channel access-hash and admin authorization. Reactions and complete analytics remain unavailable.,PARTIAL_ISOLATED_SESSION_E2E,"2026-10-07 backend-backend-1 production probe docker/production/probe-message-stats-readonly.ts queried an existing owned channel message over DC2 WebSocket; returned StatsGraph count matched the production apifull_channel_read_state query. Read-only."
stats.getStoryStats,374fef40,stats,/mtproto.RPCStatistics/stats_getStoryStats,KNOWN_INCOMPLETE_STATIC,app/bff/apifull/internal/core/statistics.go authenticates then returns METHOD_NOT_IMPL because Stories handlers have no authoritative story provider; it no longer exposes locally synthesized views as complete stats.,BLOCKED_BY_IMPLEMENTATION_GAP,Focused fail-closed test added; no full business-flow acceptance.
stats.getStoryPublicForwards,a6437ef6,stats,/mtproto.RPCStatistics/stats_getStoryPublicForwards,KNOWN_INCOMPLETE_STATIC,"app/bff/apifull/internal/core/statistics.go: validates the caller-owned stored story, then returns METHOD_NOT_IMPL; the userStoryStore has no forward records or reverse public-forward lookup.",BLOCKED_BY_IMPLEMENTATION_GAP,No full business-flow acceptance.
stats.getPollStats,c27dfa68,stats,/mtproto.RPCStatistics/stats_getPollStats,PARTIAL_COMPONENT_VERIFIED,"Validates the authenticated poll peer and message through the message provider, reads persisted ballots from the shared store, and returns a typed stats_PollStats with a durable vote count; provider absence and malformed poll data still fail closed.",PARTIAL_COMPONENT_ONLY,TestPollStatsReadsPersistedBallots passed with a provider-backed poll fixture and persisted ballot store; no live session or production analytics acceptance.
chatlists.exportChatlistInvite,8472478e,chatlists,/mtproto.RPCFolders/chatlists_exportChatlistInvite,ROUTED_NOT_FUNCTIONALLY_ACCEPTED,/mtproto.RPCFolders/chatlists_exportChatlistInvite,NOT_ACCEPTED,Route evidence only; no full business-flow acceptance.
chatlists.deleteExportedInvite,719c5c5e,chatlists,/mtproto.RPCFolders/chatlists_deleteExportedInvite,ROUTED_NOT_FUNCTIONALLY_ACCEPTED,/mtproto.RPCFolders/chatlists_deleteExportedInvite,NOT_ACCEPTED,Route evidence only; no full business-flow acceptance.
chatlists.editExportedInvite,653db63d,chatlists,/mtproto.RPCFolders/chatlists_editExportedInvite,ROUTED_NOT_FUNCTIONALLY_ACCEPTED,/mtproto.RPCFolders/chatlists_editExportedInvite,NOT_ACCEPTED,Route evidence only; no full business-flow acceptance.
chatlists.getExportedInvites,ce03da83,chatlists,/mtproto.RPCFolders/chatlists_getExportedInvites,ROUTED_NOT_FUNCTIONALLY_ACCEPTED,/mtproto.RPCFolders/chatlists_getExportedInvites,NOT_ACCEPTED,Route evidence only; no full business-flow acceptance.
chatlists.checkChatlistInvite,41c10fff,chatlists,/mtproto.RPCFolders/chatlists_checkChatlistInvite,ROUTED_NOT_FUNCTIONALLY_ACCEPTED,/mtproto.RPCFolders/chatlists_checkChatlistInvite,NOT_ACCEPTED,Route evidence only; no full business-flow acceptance.
chatlists.joinChatlistInvite,a6b1e39a,chatlists,/mtproto.RPCFolders/chatlists_joinChatlistInvite,ROUTED_NOT_FUNCTIONALLY_ACCEPTED,/mtproto.RPCFolders/chatlists_joinChatlistInvite; allocates/reuses a caller-local filter ID and applies selected peers to dialog folders. State remains local; no end-to-end or real-data acceptance.,NOT_ACCEPTED,Route evidence only; no full business-flow acceptance.
chatlists.getChatlistUpdates,89419521,chatlists,/mtproto.RPCFolders/chatlists_getChatlistUpdates,PARTIAL_ISOLATED_DB_VERIFIED,"app/bff/apifull/internal/core/folders.go now derives missing peers from a known local invite and returns hydrated peer entities; unknown invite sources fail with METHOD_NOT_IMPL, and stale slugs fail with INVITE_HASH_INVALID. Direct core teamgram_audit tests cover the valid channel read, missing source, and hidden updates; invite creation/session flow remains unverified.",PARTIAL_ISOLATED_DB_ONLY,TestChatlistGetUpdatesReturnsInvitePeers read one saved channel from teamgram_audit; companion tests cover missing source and hidden state. No full invite/session flow or production acceptance.
chatlists.joinChatlistUpdates,e089f8f5,chatlists,/mtproto.RPCFolders/chatlists_joinChatlistUpdates,ROUTED_NOT_FUNCTIONALLY_ACCEPTED,app/bff/apifull/internal/core/folders.go now checks every selected peer belongs to a known invite before changing folder or local join state; out-of-invite peers are rejected without mutation. Valid join/readback through the session path remains unaccepted.,NOT_ACCEPTED,TestChatlistJoinUpdatesRejectsPeersOutsideInvite verifies rejection without changing local state; no valid join/readback or full session acceptance.
chatlists.hideChatlistUpdates,66e486fb,chatlists,/mtproto.RPCFolders/chatlists_hideChatlistUpdates,ROUTED_NOT_FUNCTIONALLY_ACCEPTED,/mtproto.RPCFolders/chatlists_hideChatlistUpdates,NOT_ACCEPTED,Route evidence only; no full business-flow acceptance.
chatlists.getLeaveChatlistSuggestions,fdbcd714,chatlists,/mtproto.RPCFolders/chatlists_getLeaveChatlistSuggestions,KNOWN_INCOMPLETE_STATIC,No suggestion criteria/provider exists; handler now authenticates and returns METHOD_NOT_IMPL instead of listing every joined peer as a suggestion.,BLOCKED_BY_IMPLEMENTATION_GAP,TestChatlistLeaveSuggestionsUnavailable verifies authentication and METHOD_NOT_IMPL. A real suggestion source is absent.
chatlists.leaveChatlist,74fae13a,chatlists,/mtproto.RPCFolders/chatlists_leaveChatlist,ROUTED_NOT_FUNCTIONALLY_ACCEPTED,/mtproto.RPCFolders/chatlists_leaveChatlist; moves selected peers to the main folder and removes the local filter when no joined peers remain. Writes are non-atomic; no real-data acceptance.,NOT_ACCEPTED,Route evidence only; no full business-flow acceptance.
stories.canSendStory,30eb63f0,stories,/mtproto.RPCStories/stories_canSendStory30EB63F0,KNOWN_INCOMPLETE_STATIC,"app/bff/apifull/internal/core/stories.go authenticates first, then returns METHOD_NOT_IMPL for story RPCs because no authoritative story provider is wired; local synthetic story persistence is not exposed.",BLOCKED_BY_IMPLEMENTATION_GAP,Focused fail-closed tests cover authenticated and unauthenticated story handlers; no provider-backed acceptance exists.
stories.sendStory,8f9e6898,stories,/mtproto.RPCStories/stories_sendStory,KNOWN_INCOMPLETE_STATIC,"app/bff/apifull/internal/core/stories.go authenticates first, then returns METHOD_NOT_IMPL for story RPCs because no authoritative story provider is wired; local synthetic story persistence is not exposed.",BLOCKED_BY_IMPLEMENTATION_GAP,Focused fail-closed tests cover authenticated and unauthenticated story handlers; no provider-backed acceptance exists.
stories.editStory,2c63a72b,stories,/mtproto.RPCStories/stories_editStory,KNOWN_INCOMPLETE_STATIC,"app/bff/apifull/internal/core/stories.go authenticates first, then returns METHOD_NOT_IMPL for story RPCs because no authoritative story provider is wired; local synthetic story persistence is not exposed.",BLOCKED_BY_IMPLEMENTATION_GAP,Focused fail-closed tests cover authenticated and unauthenticated story handlers; no provider-backed acceptance exists.
stories.deleteStories,ae59db5f,stories,/mtproto.RPCStories/stories_deleteStories,KNOWN_INCOMPLETE_STATIC,"app/bff/apifull/internal/core/stories.go authenticates first, then returns METHOD_NOT_IMPL for story RPCs because no authoritative story provider is wired; local synthetic story persistence is not exposed.",BLOCKED_BY_IMPLEMENTATION_GAP,Focused fail-closed tests cover authenticated and unauthenticated story handlers; no provider-backed acceptance exists.
stories.togglePinned,9a75a1ef,stories,/mtproto.RPCStories/stories_togglePinned,PARTIAL_COMPONENT_VERIFIED,Persists the pinned flag for validated owned story IDs and returns the affected IDs.,PARTIAL_COMPONENT_ONLY,APIFull core compiles; no production story provider or update fan-out acceptance.
stories.getAllStories,eeb0d625,stories,/mtproto.RPCStories/stories_getAllStories,KNOWN_INCOMPLETE_STATIC,"app/bff/apifull/internal/core/stories.go authenticates first, then returns METHOD_NOT_IMPL for story RPCs because no authoritative story provider is wired; local synthetic story persistence is not exposed.",BLOCKED_BY_IMPLEMENTATION_GAP,Focused fail-closed tests cover authenticated and unauthenticated story handlers; no provider-backed acceptance exists.
stories.getPinnedStories,5821a5dc,stories,/mtproto.RPCStories/stories_getPinnedStories,PARTIAL_COMPONENT_VERIFIED,Reads the authenticated user's durable pinned story records with validated self peer and pagination; non-self peers remain unavailable until an authoritative story provider is wired.,PARTIAL_COMPONENT_ONLY,APIFull core compiles; no production story provider or cross-user acceptance.
stories.getStoriesArchive,b4352016,stories,/mtproto.RPCStories/stories_getStoriesArchive,PARTIAL_COMPONENT_VERIFIED,Reads the authenticated user's durable story archive with validated self peer and pagination; remote story providers remain unavailable.,PARTIAL_ISOLATED_SESSION_E2E,"2026-10-07 backend-backend-1 read-only probe docker/production/probe-stories-readonly.ts used user 136907714 over DC2 WebSocket -> gateway -> session -> APIFull/MySQL. stories.getStoriesArchive(InputPeerSelf,0,100) returned stories.Stories with IDs 1-8 matching the 8 records in apifull_kv story:136907714; KV SHA-256 was unchanged before/after and writes=0. Remote peers/providers and restart acceptance remain unverified."
stories.getStoriesByID,5774ca74,stories,/mtproto.RPCStories/stories_getStoriesByID,PARTIAL_COMPONENT_VERIFIED,Reads requested story IDs from the authenticated user's durable store and fails closed for unknown IDs or non-self peers.,PARTIAL_ISOLATED_SESSION_E2E,"2026-10-07 backend-backend-1 read-only probe docker/production/probe-stories-readonly.ts used user 136907714 over DC2 WebSocket -> gateway -> session -> APIFull/MySQL. stories.getStoriesByID(InputPeerSelf,[1,2,3]) returned stories.Stories with IDs 1-3 matching the stored records; KV SHA-256 was unchanged before/after and writes=0. Remote peers/providers and cross-user acceptance remain unverified."
stories.toggleAllStoriesHidden,7c2557c4,stories,/mtproto.RPCStories/stories_toggleAllStoriesHidden,PARTIAL_COMPONENT_VERIFIED,Persists the authenticated user's all-stories hidden flag and returns a typed Bool after input validation.,PARTIAL_COMPONENT_ONLY,APIFull core compiles; no production story provider or update fan-out acceptance.
stories.readStories,a556dac8,stories,/mtproto.RPCStories/stories_readStories,PARTIAL_COMPONENT_VERIFIED,Persists the authenticated user's read max ID and returns the durable story IDs at or below it.,PARTIAL_COMPONENT_ONLY,APIFull core compiles; no production update fan-out acceptance.
stories.incrementStoryViews,b2028afb,stories,/mtproto.RPCStories/stories_incrementStoryViews,PARTIAL_COMPONENT_VERIFIED,Increments durable view counts and records the authenticated viewer for owned stories after validating every requested ID.,PARTIAL_COMPONENT_ONLY,APIFull core compiles; no production story provider or cross-device update acceptance.
stories.getStoryViewsList,7ed23c57,stories,/mtproto.RPCStories/stories_getStoryViewsList,PARTIAL_COMPONENT_VERIFIED,Reads durable viewers and reactions for an owned story with typed pagination and count fields.,PARTIAL_COMPONENT_ONLY,APIFull core compiles; no production story provider or user hydration acceptance.
stories.getStoriesViews,28e16cc8,stories,/mtproto.RPCStories/stories_getStoriesViews,PARTIAL_COMPONENT_VERIFIED,Reads durable view counters and recent viewers for owned story IDs and rejects unknown IDs.,PARTIAL_COMPONENT_ONLY,APIFull core compiles; no production story provider or user hydration acceptance.
stories.exportStoryLink,7b8def20,stories,/mtproto.RPCStories/stories_exportStoryLink,KNOWN_INCOMPLETE_STATIC,"app/bff/apifull/internal/core/stories.go authenticates first, then returns METHOD_NOT_IMPL for story RPCs because no authoritative story provider is wired; local synthetic story persistence is not exposed.",BLOCKED_BY_IMPLEMENTATION_GAP,Focused fail-closed tests cover authenticated and unauthenticated story handlers; no provider-backed acceptance exists.
stories.report,19d8eb45,stories,/mtproto.RPCStories/stories_report19D8EB45,PARTIAL_COMPONENT_VERIFIED,"The handler validates story IDs and peer, then persists an idempotent story-report intake row through apifull_report when the canonical APIFull database is open. Story moderation and review consumers remain absent.",PARTIAL_COMPONENT_ONLY,"Handler and report-provider path compile; no isolated database success path, story moderation consumer, or full business-flow acceptance was run."
stories.activateStealthMode,57bbd166,stories,/mtproto.RPCStories/stories_activateStealthMode,KNOWN_INCOMPLETE_STATIC,"app/bff/apifull/internal/core/stories.go authenticates first, then returns METHOD_NOT_IMPL for story RPCs because no authoritative story provider is wired; local synthetic story persistence is not exposed.",BLOCKED_BY_IMPLEMENTATION_GAP,Focused fail-closed tests cover authenticated and unauthenticated story handlers; no provider-backed acceptance exists.
stories.sendReaction,7fd736b2,stories,/mtproto.RPCStories/stories_sendReaction,KNOWN_INCOMPLETE_STATIC,"app/bff/apifull/internal/core/stories.go authenticates first, then returns METHOD_NOT_IMPL for story RPCs because no authoritative story provider is wired; local synthetic story persistence is not exposed.",BLOCKED_BY_IMPLEMENTATION_GAP,Focused fail-closed tests cover authenticated and unauthenticated story handlers; no provider-backed acceptance exists.
stories.getPeerStories,2c4ada50,stories,/mtproto.RPCStories/stories_getPeerStories,KNOWN_INCOMPLETE_STATIC,"app/bff/apifull/internal/core/stories.go authenticates first, then returns METHOD_NOT_IMPL for story RPCs because no authoritative story provider is wired; local synthetic story persistence is not exposed.",BLOCKED_BY_IMPLEMENTATION_GAP,Focused fail-closed tests cover authenticated and unauthenticated story handlers; no provider-backed acceptance exists.
stories.getAllReadPeerStories,9b5ae7f9,stories,/mtproto.RPCStories/stories_getAllReadPeerStories,KNOWN_INCOMPLETE_STATIC,"app/bff/apifull/internal/core/stories.go authenticates first, then returns METHOD_NOT_IMPL for story RPCs because no authoritative story provider is wired; local synthetic story persistence is not exposed.",BLOCKED_BY_IMPLEMENTATION_GAP,Focused fail-closed tests cover authenticated and unauthenticated story handlers; no provider-backed acceptance exists.
stories.getPeerMaxIDs,78499170,stories,/mtproto.RPCStories/stories_getPeerMaxIDs78499170,KNOWN_INCOMPLETE_STATIC,"app/bff/apifull/internal/core/stories.go authenticates first, then returns METHOD_NOT_IMPL for story RPCs because no authoritative story provider is wired; local synthetic story persistence is not exposed.",BLOCKED_BY_IMPLEMENTATION_GAP,Focused fail-closed tests cover authenticated and unauthenticated story handlers; no provider-backed acceptance exists.
stories.getChatsToSend,a56a8b60,stories,/mtproto.RPCStories/stories_getChatsToSend,KNOWN_INCOMPLETE_STATIC,"app/bff/apifull/internal/core/stories.go authenticates first, then returns METHOD_NOT_IMPL for story RPCs because no authoritative story provider is wired; local synthetic story persistence is not exposed.",BLOCKED_BY_IMPLEMENTATION_GAP,Focused fail-closed tests cover authenticated and unauthenticated story handlers; no provider-backed acceptance exists.
stories.togglePeerStoriesHidden,bd0415c4,stories,/mtproto.RPCStories/stories_togglePeerStoriesHidden,PARTIAL_COMPONENT_VERIFIED,Persists the authenticated user's hidden-peer setting with validated peer input; the setting is not yet propagated through a story provider.,PARTIAL_COMPONENT_ONLY,APIFull core compiles; no production story provider or update fan-out acceptance.
stories.getStoryReactionsList,b9b2881f,stories,/mtproto.RPCStories/stories_getStoryReactionsList,PARTIAL_COMPONENT_VERIFIED,Reads durable reactions for an owned story with typed pagination and rejects unknown IDs.,PARTIAL_COMPONENT_ONLY,APIFull core compiles; no production story provider or user hydration acceptance.
stories.togglePinnedToTop,b297e9b,stories,/mtproto.RPCStories/stories_togglePinnedToTop,PARTIAL_COMPONENT_VERIFIED,Persists the authenticated user's pinned-to-top story order after validating owned IDs.,PARTIAL_COMPONENT_ONLY,APIFull core compiles; no production story provider or update fan-out acceptance.
stories.searchPosts,d1810907,stories,/mtproto.RPCStories/stories_searchPosts,KNOWN_INCOMPLETE_STATIC,"app/bff/apifull/internal/core/stories.go authenticates first, then returns METHOD_NOT_IMPL for story RPCs because no authoritative story provider is wired; local synthetic story persistence is not exposed.",BLOCKED_BY_IMPLEMENTATION_GAP,Focused fail-closed tests cover authenticated and unauthenticated story handlers; no provider-backed acceptance exists.
stories.createAlbum,a36396e5,stories,/mtproto.RPCStories/stories_createAlbum,PARTIAL_COMPONENT_VERIFIED,Creates a validated album in the authenticated user's durable story store and binds owned story IDs.,PARTIAL_COMPONENT_ONLY,APIFull core compiles; no production story provider or media acceptance.
stories.updateAlbum,5e5259b6,stories,/mtproto.RPCStories/stories_updateAlbum,PARTIAL_COMPONENT_VERIFIED,Updates a validated owned album title and story membership/order in durable storage.,PARTIAL_COMPONENT_ONLY,APIFull core compiles; no production story provider or media acceptance.
stories.reorderAlbums,8535fbd9,stories,/mtproto.RPCStories/stories_reorderAlbums,PARTIAL_COMPONENT_VERIFIED,Reorders validated owned albums durably while preserving omitted existing albums.,PARTIAL_COMPONENT_ONLY,APIFull core compiles; no production story provider or update fan-out acceptance.
stories.deleteAlbum,8d3456d0,stories,/mtproto.RPCStories/stories_deleteAlbum,PARTIAL_COMPONENT_VERIFIED,Deletes a validated owned album and unbinds its durable story membership.,PARTIAL_COMPONENT_ONLY,APIFull core compiles; no production story provider or update fan-out acceptance.
stories.getAlbums,25b3eac7,stories,/mtproto.RPCStories/stories_getAlbums,PARTIAL_COMPONENT_VERIFIED,Reads the authenticated user's durable album order and typed album metadata.,PARTIAL_COMPONENT_ONLY,APIFull core compiles; no production story provider or media acceptance.
stories.getAlbumStories,ac806d61,stories,/mtproto.RPCStories/stories_getAlbumStories,PARTIAL_COMPONENT_VERIFIED,Reads validated owned album story IDs from durable storage with pagination.,PARTIAL_COMPONENT_ONLY,APIFull core compiles; no production story provider or media acceptance.
stories.startLive,d069ccde,stories,/mtproto.RPCStories/stories_startLive,KNOWN_INCOMPLETE_STATIC,"app/bff/apifull/internal/core/stories.go authenticates first, then returns METHOD_NOT_IMPL for story RPCs because no authoritative story provider is wired; local synthetic story persistence is not exposed.",BLOCKED_BY_IMPLEMENTATION_GAP,Focused fail-closed tests cover authenticated and unauthenticated story handlers; no provider-backed acceptance exists.
premium.getBoostsList,60f67660,premium,/mtproto.RPCBoosts/premium_getBoostsList,KNOWN_INCOMPLETE_STATIC,app/bff/apifull/internal/core/boosts.go authenticates then returns METHOD_NOT_IMPL because no authoritative boost inventory balance or channel boost provider exists.,BLOCKED_BY_IMPLEMENTATION_GAP,Static source review plus APIFull core test-binary compilation. No provider or business-flow acceptance.
premium.getMyBoosts,be77b4a,premium,/mtproto.RPCBoosts/premium_getMyBoosts,KNOWN_INCOMPLETE_STATIC,app/bff/apifull/internal/core/boosts.go authenticates then returns METHOD_NOT_IMPL because no authoritative boost inventory balance or channel boost provider exists.,BLOCKED_BY_IMPLEMENTATION_GAP,Static source review plus APIFull core test-binary compilation. No provider or business-flow acceptance.
premium.applyBoost,6b7da746,premium,/mtproto.RPCBoosts/premium_applyBoost,KNOWN_INCOMPLETE_STATIC,app/bff/apifull/internal/core/boosts.go authenticates then returns METHOD_NOT_IMPL because no authoritative boost inventory balance or channel boost provider exists.,BLOCKED_BY_IMPLEMENTATION_GAP,Static source review plus APIFull core test-binary compilation. No provider or business-flow acceptance.
premium.getBoostsStatus,42f1f61,premium,/mtproto.RPCBoosts/premium_getBoostsStatus,KNOWN_INCOMPLETE_STATIC,app/bff/apifull/internal/core/boosts.go authenticates then returns METHOD_NOT_IMPL because no authoritative boost inventory balance or channel boost provider exists.,BLOCKED_BY_IMPLEMENTATION_GAP,Static source review plus APIFull core test-binary compilation. No provider or business-flow acceptance.
premium.getUserBoosts,39854d1f,premium,/mtproto.RPCBoosts/premium_getUserBoosts,KNOWN_INCOMPLETE_STATIC,app/bff/apifull/internal/core/boosts.go authenticates then returns METHOD_NOT_IMPL because no authoritative boost inventory balance or channel boost provider exists.,BLOCKED_BY_IMPLEMENTATION_GAP,Static source review plus APIFull core test-binary compilation. No provider or business-flow acceptance.
smsjobs.isEligibleToJoin,edc39d0,smsjobs,/mtproto.RPCSmsjobs/smsjobs_isEligibleToJoin,KNOWN_INCOMPLETE_STATIC,app/bff/apifull/internal/core/smsjobs.go: no SMS job provider or eligibility source; authenticated requests fail closed without local state.,BLOCKED_BY_IMPLEMENTATION_GAP,No SMS jobs provider.
smsjobs.join,a74ece2d,smsjobs,/mtproto.RPCSmsjobs/smsjobs_join,KNOWN_INCOMPLETE_STATIC,app/bff/apifull/internal/core/smsjobs.go: no SMS job enrollment provider; authenticated requests fail closed without local state.,BLOCKED_BY_IMPLEMENTATION_GAP,No SMS jobs provider.
smsjobs.leave,9898ad73,smsjobs,/mtproto.RPCSmsjobs/smsjobs_leave,KNOWN_INCOMPLETE_STATIC,app/bff/apifull/internal/core/smsjobs.go: no SMS job membership provider; authenticated requests fail closed without local state.,BLOCKED_BY_IMPLEMENTATION_GAP,No SMS jobs provider.
smsjobs.updateSettings,93fa0bf,smsjobs,/mtproto.RPCSmsjobs/smsjobs_updateSettings,KNOWN_INCOMPLETE_STATIC,app/bff/apifull/internal/core/smsjobs.go: no SMS job settings provider; authenticated requests fail closed without local state.,BLOCKED_BY_IMPLEMENTATION_GAP,No SMS jobs provider.
smsjobs.getStatus,10a698e8,smsjobs,/mtproto.RPCSmsjobs/smsjobs_getStatus,KNOWN_INCOMPLETE_STATIC,app/bff/apifull/internal/core/smsjobs.go: no SMS job status provider; authenticated requests fail closed without local state.,BLOCKED_BY_IMPLEMENTATION_GAP,No SMS jobs provider.
smsjobs.getSmsJob,778d902f,smsjobs,/mtproto.RPCSmsjobs/smsjobs_getSmsJob,KNOWN_INCOMPLETE_STATIC,app/bff/apifull/internal/core/smsjobs.go: no SMS job assignment provider; authenticated requests fail closed without local state.,BLOCKED_BY_IMPLEMENTATION_GAP,No SMS jobs provider.
smsjobs.finishJob,4f1ebf24,smsjobs,/mtproto.RPCSmsjobs/smsjobs_finishJob,KNOWN_INCOMPLETE_STATIC,app/bff/apifull/internal/core/smsjobs.go: no SMS job completion verifier; authenticated requests fail closed without local state.,BLOCKED_BY_IMPLEMENTATION_GAP,No SMS jobs provider.
fragment.getCollectibleInfo,be1e85ba,fragment,/mtproto.RPCFragmentCollectibles/fragment_getCollectibleInfo,KNOWN_INCOMPLETE_STATIC,app/bff/apifull/internal/core/fragment.go: no Fragment lookup or collectible owner/value/date provider; valid requests fail closed.,BLOCKED_BY_IMPLEMENTATION_GAP,No Fragment provider.
aicompose.createTone,4aa83913,aicompose,/mtproto.RPCAiComposeTone/aicompose_createTone,ROUTED_NOT_FUNCTIONALLY_ACCEPTED,/mtproto.RPCAiComposeTone/aicompose_createTone,NOT_ACCEPTED,Route evidence only; no full business-flow acceptance.
aicompose.updateTone,903bcf59,aicompose,/mtproto.RPCAiComposeTone/aicompose_updateTone,ROUTED_NOT_FUNCTIONALLY_ACCEPTED,/mtproto.RPCAiComposeTone/aicompose_updateTone,NOT_ACCEPTED,Route evidence only; no full business-flow acceptance.
aicompose.saveTone,1782cbb1,aicompose,/mtproto.RPCAiComposeTone/aicompose_saveTone,ROUTED_NOT_FUNCTIONALLY_ACCEPTED,/mtproto.RPCAiComposeTone/aicompose_saveTone,NOT_ACCEPTED,Route evidence only; no full business-flow acceptance.
aicompose.deleteTone,dd39316a,aicompose,/mtproto.RPCAiComposeTone/aicompose_deleteTone,ROUTED_NOT_FUNCTIONALLY_ACCEPTED,/mtproto.RPCAiComposeTone/aicompose_deleteTone,NOT_ACCEPTED,Route evidence only; no full business-flow acceptance.
aicompose.getTone,b2e8ba03,aicompose,/mtproto.RPCAiComposeTone/aicompose_getTone,ROUTED_NOT_FUNCTIONALLY_ACCEPTED,/mtproto.RPCAiComposeTone/aicompose_getTone,NOT_ACCEPTED,Route evidence only; no full business-flow acceptance.
aicompose.getTones,abd59201,aicompose,/mtproto.RPCAiComposeTone/aicompose_getTones,ROUTED_NOT_FUNCTIONALLY_ACCEPTED,/mtproto.RPCAiComposeTone/aicompose_getTones,NOT_ACCEPTED,Route evidence only; no full business-flow acceptance.
aicompose.getToneExample,d1b4ab14,aicompose,/mtproto.RPCAiComposeTone/aicompose_getToneExample,KNOWN_INCOMPLETE_STATIC,app/bff/apifull/internal/core/ai_compose_tone.go now returns METHOD_NOT_IMPL instead of ignoring the requested tone and returning empty from/to text. No AI backend is configured.,BLOCKED_BY_IMPLEMENTATION_GAP,TestAIComposeMethodsFailClosedWithoutBackend passed against teamgram_audit and checks METHOD_NOT_IMPL. Tone example generation remains unavailable.
communities.create,a63859ec,communities,/mtproto.RPCCommunities/communities_create,KNOWN_INCOMPLETE_STATIC,"app/bff/apifull/internal/core/communities.go authenticates then returns METHOD_NOT_IMPL; no community service creates a chat, membership, or updates stream.",BLOCKED_BY_IMPLEMENTATION_GAP,Focused fail-closed test added; no full business-flow acceptance.
communities.togglePeerLink,736dcfea,communities,/mtproto.RPCCommunities/communities_togglePeerLink,KNOWN_INCOMPLETE_STATIC,"app/bff/apifull/internal/core/communities.go authenticates then returns METHOD_NOT_IMPL; no peer-link provider applies visibility, approval, or membership state.",BLOCKED_BY_IMPLEMENTATION_GAP,Focused fail-closed test added; no full business-flow acceptance.
communities.getJoinedCommunities,a663e830,communities,/mtproto.RPCCommunities/communities_getJoinedCommunities,KNOWN_INCOMPLETE_STATIC,app/bff/apifull/internal/core/communities.go authenticates then returns METHOD_NOT_IMPL; no authoritative joined-community relation or chat hydration provider exists.,BLOCKED_BY_IMPLEMENTATION_GAP,Focused fail-closed test added; no full business-flow acceptance.
communities.toggleCommunityCollapsedInDialogs,d766e3ea,communities,/mtproto.RPCCommunities/communities_toggleCommunityCollapsedInDialogs,KNOWN_INCOMPLETE_STATIC,app/bff/apifull/internal/core/communities.go authenticates then returns METHOD_NOT_IMPL; no community dialog-collapse state provider exists.,BLOCKED_BY_IMPLEMENTATION_GAP,Focused fail-closed test added; no full business-flow acceptance.
communities.getPeerLinkRequests,93773344,communities,/mtproto.RPCCommunities/communities_getPeerLinkRequests,KNOWN_INCOMPLETE_STATIC,app/bff/apifull/internal/core/communities.go authenticates then returns METHOD_NOT_IMPL; no authoritative peer-link request store or entity hydration provider exists.,BLOCKED_BY_IMPLEMENTATION_GAP,Focused fail-closed test added; no full business-flow acceptance.
communities.togglePeerLinkRequestApproval,8c8219a8,communities,/mtproto.RPCCommunities/communities_togglePeerLinkRequestApproval,KNOWN_INCOMPLETE_STATIC,app/bff/apifull/internal/core/communities.go authenticates then returns METHOD_NOT_IMPL; no peer-link approval state provider exists.,BLOCKED_BY_IMPLEMENTATION_GAP,Focused fail-closed test added; no full business-flow acceptance.
communities.toggleAllPeerLinkRequestApproval,bfe3dd3d,communities,/mtproto.RPCCommunities/communities_toggleAllPeerLinkRequestApproval,KNOWN_INCOMPLETE_STATIC,app/bff/apifull/internal/core/communities.go authenticates then returns METHOD_NOT_IMPL; no bulk peer-link approval state provider exists.,BLOCKED_BY_IMPLEMENTATION_GAP,Focused fail-closed test added; no full business-flow acceptance.
communities.toggleParticipantBanned,9967ad0f,communities,/mtproto.RPCCommunities/communities_toggleParticipantBanned,KNOWN_INCOMPLETE_STATIC,app/bff/apifull/internal/core/communities.go authenticates then returns METHOD_NOT_IMPL; no community participant-ban provider exists.,BLOCKED_BY_IMPLEMENTATION_GAP,Focused fail-closed test added; no full business-flow acceptance.
communities.getParticipantJoinedChats,f87eabab,communities,/mtproto.RPCCommunities/communities_getParticipantJoinedChats,KNOWN_INCOMPLETE_STATIC,"app/bff/apifull/internal/core/communities.go validates authentication, community channel, and participant peer, then returns METHOD_NOT_IMPL; no community-to-chat membership provider supplies the required entities.",BLOCKED_BY_IMPLEMENTATION_GAP,Focused input/fail-closed tests added; no full business-flow acceptance.
ephemeral.sendMessage,ba8d5f35,ephemeral,,SESSION_LAYER229_DISPATCH_NOT_FUNCTIONALLY_ACCEPTED,"app/bff/apifull/layer229 manually dispatches Layer 229 to APIFull core; core now authenticates and returns METHOD_NOT_IMPL without persistence, and the wrapper no longer opens APIFull storage. No ephemeral message store or update-delivery path exists.",BLOCKED_BY_IMPLEMENTATION_GAP,No functional acceptance. A no-read/write unit test was added but not run.
ephemeral.deleteMessage,92f6e797,ephemeral,,SESSION_LAYER229_DISPATCH_NOT_FUNCTIONALLY_ACCEPTED,"app/bff/apifull/layer229 manually dispatches Layer 229 to APIFull core; core now authenticates and returns METHOD_NOT_IMPL without persistence, and the wrapper no longer opens APIFull storage. No authoritative ephemeral message store exists.",BLOCKED_BY_IMPLEMENTATION_GAP,No functional acceptance. A no-read/write unit test was added but not run.
ephemeral.reportMessage,8704f2bf,ephemeral,/mtproto.RPCEphemeral/ephemeral_reportMessage,KNOWN_INCOMPLETE_STATIC,app/bff/apifull/internal/core/ephemeral.go now authenticates then returns METHOD_NOT_IMPL; the prior path wrote a personal note and fabricated ReportResultReported. No reporting service or authoritative message path exists.,BLOCKED_BY_IMPLEMENTATION_GAP,No report provider or full business-flow acceptance exists; no tests were run for this change.
ephemeral.getCallbackAnswer,3fa464c8,ephemeral,/mtproto.RPCEphemeral/ephemeral_getCallbackAnswer,KNOWN_INCOMPLETE_STATIC,app/bff/apifull/internal/core/ephemeral.go now authenticates then returns METHOD_NOT_IMPL; the prior path ignored peer/id/data and returned an unrelated personal note. No authoritative callback query service exists.,BLOCKED_BY_IMPLEMENTATION_GAP,No callback provider or full business-flow acceptance exists; no tests were run for this change.
ephemeral.editMessage,cf9c725b,ephemeral,,ISOLATED_COMPONENT_VERIFIED,TestFirebaseAndWelcome (teamgram_audit; text template is saved and read back),ISOLATED_COMPONENT_ONLY,TestFirebaseAndWelcome (teamgram_audit; text template is saved and read back)
ephemeral.deleteWelcomeMessage,e882a9e1,ephemeral,,ISOLATED_COMPONENT_VERIFIED,TestFirebaseAndWelcome (teamgram_audit; deleting one template),ISOLATED_COMPONENT_ONLY,TestFirebaseAndWelcome (teamgram_audit; deleting one template)
ephemeral.deleteAllWelcomeMessages,734f9721,ephemeral,,ISOLATED_COMPONENT_VERIFIED,TestFirebaseAndWelcome (teamgram_audit; clearing templates),ISOLATED_COMPONENT_ONLY,TestFirebaseAndWelcome (teamgram_audit; clearing templates)
ephemeral.getWelcomeMessages,db9ac18d,ephemeral,,PARTIAL_COMPONENT_VERIFIED,TestFirebaseAndWelcome covers text templates; Layer 229 nested EphemeralMessage is encoded as 0xdd27bee9; current model cannot represent every Layer 229 ephemeral field.,PARTIAL_COMPONENT_ONLY,TestFirebaseAndWelcome covers text templates; Layer 229 nested EphemeralMessage is encoded as 0xdd27bee9; current model cannot represent every Layer 229 ephemeral field.
